id,run_id,ts,equity,cash,unrealized,peak,session_date_utc,gap_annotation,boot_id,mode
82229,run-aa36c05e-a90e-4bb5-8325-3bd9bedf7ea7,2026-07-20 06:43:57.753+00,4998.764309840000000000,4998.764309840000000000,0.000000000000000000,5000.000000000000000000,2026-07-20,,aa36c05e-a90e-4bb5-8325-3bd9bedf7ea7,testnet
82228,run-aa36c05e-a90e-4bb5-8325-3bd9bedf7ea7,2026-07-20 06:43:52.753+00,4998.764309840000000000,4998.764309840000000000,0.000000000000000000,5000.000000000000000000,2026-07-20,,aa36c05e-a90e-4bb5-8325-3bd9bedf7ea7,testnet
82227,run-aa36c05e-a90e-4bb5-8325-3bd9bedf7ea7,2026-07-20 06:43:47.752+00,4998.764309840000000000,4998.764309840000000000,0.000000000000000000,5000.000000000000000000,2026-07-20,,aa36c05e-a90e-4bb5-8325-3bd9bedf7ea7,testnet
82226,run-aa36c05e-a90e-4bb5-8325-3bd9bedf7ea7,2026-07-20 06:43:42.752+00,4998.764309840000000000,4998.764309840000000000,0.000000000000000000,5000.000000000000000000,2026-07-20,,aa36c05e-a90e-4bb5-8325-3bd9bedf7ea7,testnet
82225,run-aa36c05e-a90e-4bb5-8325-3bd9bedf7ea7,2026-07-20 06:43:37.751+00,4998.764309840000000000,4998.764309840000000000,0.000000000000000000,5000.000000000000000000,2026-07-20,,aa36c05e-a90e-4bb5-8325-3bd9bedf7ea7,testnet
82224,run-aa36c05e-a90e-4bb5-8325-3bd9bedf7ea7,2026-07-20 06:43:32.749+00,4998.764309840000000000,4998.764309840000000000,0.000000000000000000,5000.000000000000000000,2026-07-20,,aa36c05e-a90e-4bb5-8325-3bd9bedf7ea7,testnet
82223,run-aa36c05e-a90e-4bb5-8325-3bd9bedf7ea7,2026-07-20 06:43:27.75+00,4998.764309840000000000,4998.764309840000000000,0.000000000000000000,5000.000000000000000000,2026-07-20,,aa36c05e-a90e-4bb5-8325-3bd9bedf7ea7,testnet
82222,run-aa36c05e-a90e-4bb5-8325-3bd9bedf7ea7,2026-07-20 06:43:22.749+00,4998.764309840000000000,4998.764309840000000000,0.000000000000000000,5000.000000000000000000,2026-07-20,,aa36c05e-a90e-4bb5-8325-3bd9bedf7ea7,testnet
82221,run-aa36c05e-a90e-4bb5-8325-3bd9bedf7ea7,2026-07-20 06:43:17.748+00,4998.764309840000000000,4998.764309840000000000,0.000000000000000000,5000.000000000000000000,2026-07-20,,aa36c05e-a90e-4bb5-8325-3bd9bedf7ea7,testnet
82220,run-aa36c05e-a90e-4bb5-8325-3bd9bedf7ea7,2026-07-20 06:43:12.748+00,4998.764309840000000000,4998.764309840000000000,0.000000000000000000,5000.000000000000000000,2026-07-20,,aa36c05e-a90e-4bb5-8325-3bd9bedf7ea7,testnet
82219,run-aa36c05e-a90e-4bb5-8325-3bd9bedf7ea7,2026-07-20 06:43:07.747+00,4998.764309840000000000,4998.764309840000000000,0.000000000000000000,5000.000000000000000000,2026-07-20,,aa36c05e-a90e-4bb5-8325-3bd9bedf7ea7,testnet
82218,run-aa36c05e-a90e-4bb5-8325-3bd9bedf7ea7,2026-07-20 06:43:02.745+00,4998.764309840000000000,4998.764309840000000000,0.000000000000000000,5000.000000000000000000,2026-07-20,,aa36c05e-a90e-4bb5-8325-3bd9bedf7ea7,testnet
82217,run-aa36c05e-a90e-4bb5-8325-3bd9bedf7ea7,2026-07-20 06:42:57.745+00,4998.764309840000000000,4998.764309840000000000,0.000000000000000000,5000.000000000000000000,2026-07-20,,aa36c05e-a90e-4bb5-8325-3bd9bedf7ea7,testnet
82216,run-aa36c05e-a90e-4bb5-8325-3bd9bedf7ea7,2026-07-20 06:42:52.744+00,4998.764309840000000000,4998.764309840000000000,0.000000000000000000,5000.000000000000000000,2026-07-20,,aa36c05e-a90e-4bb5-8325-3bd9bedf7ea7,testnet
82215,run-aa36c05e-a90e-4bb5-8325-3bd9bedf7ea7,2026-07-20 06:42:47.743+00,4998.764309840000000000,4998.764309840000000000,0.000000000000000000,5000.000000000000000000,2026-07-20,,aa36c05e-a90e-4bb5-8325-3bd9bedf7ea7,testnet
82214,run-aa36c05e-a90e-4bb5-8325-3bd9bedf7ea7,2026-07-20 06:42:42.733+00,4998.764309840000000000,4998.764309840000000000,0.000000000000000000,5000.000000000000000000,2026-07-20,,aa36c05e-a90e-4bb5-8325-3bd9bedf7ea7,testnet
82213,run-aa36c05e-a90e-4bb5-8325-3bd9bedf7ea7,2026-07-20 06:42:37.733+00,4998.764309840000000000,4998.764309840000000000,0.000000000000000000,5000.000000000000000000,2026-07-20,,aa36c05e-a90e-4bb5-8325-3bd9bedf7ea7,testnet
82212,run-aa36c05e-a90e-4bb5-8325-3bd9bedf7ea7,2026-07-20 06:42:32.732+00,4998.764309840000000000,4998.764309840000000000,0.000000000000000000,5000.000000000000000000,2026-07-20,,aa36c05e-a90e-4bb5-8325-3bd9bedf7ea7,testnet
82211,run-aa36c05e-a90e-4bb5-8325-3bd9bedf7ea7,2026-07-20 06:42:27.73+00,4998.764309840000000000,4998.764309840000000000,0.000000000000000000,5000.000000000000000000,2026-07-20,,aa36c05e-a90e-4bb5-8325-3bd9bedf7ea7,testnet
82210,run-aa36c05e-a90e-4bb5-8325-3bd9bedf7ea7,2026-07-20 06:42:22.73+00,4998.764309840000000000,4998.764309840000000000,0.000000000000000000,5000.000000000000000000,2026-07-20,,aa36c05e-a90e-4bb5-8325-3bd9bedf7ea7,testnet
82209,run-aa36c05e-a90e-4bb5-8325-3bd9bedf7ea7,2026-07-20 06:42:17.729+00,4998.764309840000000000,4998.764309840000000000,0.000000000000000000,5000.000000000000000000,2026-07-20,,aa36c05e-a90e-4bb5-8325-3bd9bedf7ea7,testnet
82208,run-aa36c05e-a90e-4bb5-8325-3bd9bedf7ea7,2026-07-20 06:42:12.73+00,4998.764309840000000000,4998.764309840000000000,0.000000000000000000,5000.000000000000000000,2026-07-20,,aa36c05e-a90e-4bb5-8325-3bd9bedf7ea7,testnet
82207,run-aa36c05e-a90e-4bb5-8325-3bd9bedf7ea7,2026-07-20 06:42:07.73+00,4998.764309840000000000,4998.764309840000000000,0.000000000000000000,5000.000000000000000000,2026-07-20,,aa36c05e-a90e-4bb5-8325-3bd9bedf7ea7,testnet
82206,run-aa36c05e-a90e-4bb5-8325-3bd9bedf7ea7,2026-07-20 06:42:02.727+00,4998.764309840000000000,4998.764309840000000000,0.000000000000000000,5000.000000000000000000,2026-07-20,,aa36c05e-a90e-4bb5-8325-3bd9bedf7ea7,testnet
82205,run-aa36c05e-a90e-4bb5-8325-3bd9bedf7ea7,2026-07-20 06:41:57.727+00,4998.764309840000000000,4998.764309840000000000,0.000000000000000000,5000.000000000000000000,2026-07-20,,aa36c05e-a90e-4bb5-8325-3bd9bedf7ea7,testnet
82204,run-aa36c05e-a90e-4bb5-8325-3bd9bedf7ea7,2026-07-20 06:41:52.728+00,4998.764309840000000000,4998.764309840000000000,0.000000000000000000,5000.000000000000000000,2026-07-20,,aa36c05e-a90e-4bb5-8325-3bd9bedf7ea7,testnet
82203,run-aa36c05e-a90e-4bb5-8325-3bd9bedf7ea7,2026-07-20 06:41:47.727+00,4998.764309840000000000,4998.764309840000000000,0.000000000000000000,5000.000000000000000000,2026-07-20,,aa36c05e-a90e-4bb5-8325-3bd9bedf7ea7,testnet
82202,run-aa36c05e-a90e-4bb5-8325-3bd9bedf7ea7,2026-07-20 06:41:42.727+00,4998.764309840000000000,4998.764309840000000000,0.000000000000000000,5000.000000000000000000,2026-07-20,,aa36c05e-a90e-4bb5-8325-3bd9bedf7ea7,testnet
82201,run-aa36c05e-a90e-4bb5-8325-3bd9bedf7ea7,2026-07-20 06:41:37.726+00,4998.764309840000000000,4998.764309840000000000,0.000000000000000000,5000.000000000000000000,2026-07-20,,aa36c05e-a90e-4bb5-8325-3bd9bedf7ea7,testnet
82200,run-aa36c05e-a90e-4bb5-8325-3bd9bedf7ea7,2026-07-20 06:41:32.725+00,4998.764309840000000000,4998.764309840000000000,0.000000000000000000,5000.000000000000000000,2026-07-20,,aa36c05e-a90e-4bb5-8325-3bd9bedf7ea7,testnet
82199,run-aa36c05e-a90e-4bb5-8325-3bd9bedf7ea7,2026-07-20 06:41:27.726+00,4998.764309840000000000,4998.764309840000000000,0.000000000000000000,5000.000000000000000000,2026-07-20,,aa36c05e-a90e-4bb5-8325-3bd9bedf7ea7,testnet
82198,run-aa36c05e-a90e-4bb5-8325-3bd9bedf7ea7,2026-07-20 06:41:22.725+00,4998.764309840000000000,4998.764309840000000000,0.000000000000000000,5000.000000000000000000,2026-07-20,,aa36c05e-a90e-4bb5-8325-3bd9bedf7ea7,testnet
82197,run-aa36c05e-a90e-4bb5-8325-3bd9bedf7ea7,2026-07-20 06:41:17.725+00,4998.764309840000000000,4998.764309840000000000,0.000000000000000000,5000.000000000000000000,2026-07-20,,aa36c05e-a90e-4bb5-8325-3bd9bedf7ea7,testnet
82196,run-aa36c05e-a90e-4bb5-8325-3bd9bedf7ea7,2026-07-20 06:41:12.725+00,4998.764309840000000000,4998.764309840000000000,0.000000000000000000,5000.000000000000000000,2026-07-20,,aa36c05e-a90e-4bb5-8325-3bd9bedf7ea7,testnet
82195,run-aa36c05e-a90e-4bb5-8325-3bd9bedf7ea7,2026-07-20 06:41:07.724+00,4998.764309840000000000,4998.764309840000000000,0.000000000000000000,5000.000000000000000000,2026-07-20,,aa36c05e-a90e-4bb5-8325-3bd9bedf7ea7,testnet
82194,run-aa36c05e-a90e-4bb5-8325-3bd9bedf7ea7,2026-07-20 06:41:02.723+00,4998.764309840000000000,4998.764309840000000000,0.000000000000000000,5000.000000000000000000,2026-07-20,,aa36c05e-a90e-4bb5-8325-3bd9bedf7ea7,testnet
82193,run-aa36c05e-a90e-4bb5-8325-3bd9bedf7ea7,2026-07-20 06:40:57.723+00,4998.764309840000000000,4998.764309840000000000,0.000000000000000000,5000.000000000000000000,2026-07-20,,aa36c05e-a90e-4bb5-8325-3bd9bedf7ea7,testnet
82192,run-aa36c05e-a90e-4bb5-8325-3bd9bedf7ea7,2026-07-20 06:40:52.722+00,4998.764309840000000000,4998.764309840000000000,0.000000000000000000,5000.000000000000000000,2026-07-20,,aa36c05e-a90e-4bb5-8325-3bd9bedf7ea7,testnet
82191,run-aa36c05e-a90e-4bb5-8325-3bd9bedf7ea7,2026-07-20 06:40:47.721+00,4998.764309840000000000,4998.764309840000000000,0.000000000000000000,5000.000000000000000000,2026-07-20,,aa36c05e-a90e-4bb5-8325-3bd9bedf7ea7,testnet
82190,run-aa36c05e-a90e-4bb5-8325-3bd9bedf7ea7,2026-07-20 06:40:42.721+00,4998.764309840000000000,4998.764309840000000000,0.000000000000000000,5000.000000000000000000,2026-07-20,,aa36c05e-a90e-4bb5-8325-3bd9bedf7ea7,testnet
82189,run-aa36c05e-a90e-4bb5-8325-3bd9bedf7ea7,2026-07-20 06:40:37.72+00,4998.764309840000000000,4998.764309840000000000,0.000000000000000000,5000.000000000000000000,2026-07-20,,aa36c05e-a90e-4bb5-8325-3bd9bedf7ea7,testnet
82188,run-aa36c05e-a90e-4bb5-8325-3bd9bedf7ea7,2026-07-20 06:40:32.721+00,4998.764309840000000000,4998.764309840000000000,0.000000000000000000,5000.000000000000000000,2026-07-20,,aa36c05e-a90e-4bb5-8325-3bd9bedf7ea7,testnet
82187,run-aa36c05e-a90e-4bb5-8325-3bd9bedf7ea7,2026-07-20 06:40:27.72+00,4998.764309840000000000,4998.764309840000000000,0.000000000000000000,5000.000000000000000000,2026-07-20,,aa36c05e-a90e-4bb5-8325-3bd9bedf7ea7,testnet
82186,run-aa36c05e-a90e-4bb5-8325-3bd9bedf7ea7,2026-07-20 06:40:22.72+00,4998.764309840000000000,4998.764309840000000000,0.000000000000000000,5000.000000000000000000,2026-07-20,,aa36c05e-a90e-4bb5-8325-3bd9bedf7ea7,testnet
82185,run-aa36c05e-a90e-4bb5-8325-3bd9bedf7ea7,2026-07-20 06:40:17.718+00,4998.764309840000000000,4998.764309840000000000,0.000000000000000000,5000.000000000000000000,2026-07-20,,aa36c05e-a90e-4bb5-8325-3bd9bedf7ea7,testnet
82184,run-aa36c05e-a90e-4bb5-8325-3bd9bedf7ea7,2026-07-20 06:40:12.717+00,4998.764309840000000000,4998.764309840000000000,0.000000000000000000,5000.000000000000000000,2026-07-20,,aa36c05e-a90e-4bb5-8325-3bd9bedf7ea7,testnet
82183,run-aa36c05e-a90e-4bb5-8325-3bd9bedf7ea7,2026-07-20 06:40:07.715+00,4998.764309840000000000,4998.764309840000000000,0.000000000000000000,5000.000000000000000000,2026-07-20,,aa36c05e-a90e-4bb5-8325-3bd9bedf7ea7,testnet
82182,run-aa36c05e-a90e-4bb5-8325-3bd9bedf7ea7,2026-07-20 06:40:02.714+00,4998.764309840000000000,4998.764309840000000000,0.000000000000000000,5000.000000000000000000,2026-07-20,,aa36c05e-a90e-4bb5-8325-3bd9bedf7ea7,testnet
82181,run-aa36c05e-a90e-4bb5-8325-3bd9bedf7ea7,2026-07-20 06:39:57.711+00,4998.764309840000000000,4998.764309840000000000,0.000000000000000000,5000.000000000000000000,2026-07-20,,aa36c05e-a90e-4bb5-8325-3bd9bedf7ea7,testnet
82180,run-aa36c05e-a90e-4bb5-8325-3bd9bedf7ea7,2026-07-20 06:39:52.71+00,4998.764309840000000000,4998.764309840000000000,0.000000000000000000,5000.000000000000000000,2026-07-20,,aa36c05e-a90e-4bb5-8325-3bd9bedf7ea7,testnet
82179,run-aa36c05e-a90e-4bb5-8325-3bd9bedf7ea7,2026-07-20 06:39:47.695+00,4998.764309840000000000,4998.764309840000000000,0.000000000000000000,5000.000000000000000000,2026-07-20,,aa36c05e-a90e-4bb5-8325-3bd9bedf7ea7,testnet
82178,run-aa36c05e-a90e-4bb5-8325-3bd9bedf7ea7,2026-07-20 06:39:42.695+00,4998.764309840000000000,4998.764309840000000000,0.000000000000000000,5000.000000000000000000,2026-07-20,,aa36c05e-a90e-4bb5-8325-3bd9bedf7ea7,testnet
82177,run-aa36c05e-a90e-4bb5-8325-3bd9bedf7ea7,2026-07-20 06:39:37.694+00,4998.764309840000000000,4998.764309840000000000,0.000000000000000000,5000.000000000000000000,2026-07-20,,aa36c05e-a90e-4bb5-8325-3bd9bedf7ea7,testnet
82176,run-aa36c05e-a90e-4bb5-8325-3bd9bedf7ea7,2026-07-20 06:39:32.694+00,4998.764309840000000000,4998.764309840000000000,0.000000000000000000,5000.000000000000000000,2026-07-20,,aa36c05e-a90e-4bb5-8325-3bd9bedf7ea7,testnet
82175,run-aa36c05e-a90e-4bb5-8325-3bd9bedf7ea7,2026-07-20 06:39:27.693+00,4998.764309840000000000,4998.764309840000000000,0.000000000000000000,5000.000000000000000000,2026-07-20,,aa36c05e-a90e-4bb5-8325-3bd9bedf7ea7,testnet
82174,run-aa36c05e-a90e-4bb5-8325-3bd9bedf7ea7,2026-07-20 06:39:22.693+00,4998.764309840000000000,4998.764309840000000000,0.000000000000000000,5000.000000000000000000,2026-07-20,,aa36c05e-a90e-4bb5-8325-3bd9bedf7ea7,testnet
82173,run-aa36c05e-a90e-4bb5-8325-3bd9bedf7ea7,2026-07-20 06:39:17.694+00,4998.764309840000000000,4998.764309840000000000,0.000000000000000000,5000.000000000000000000,2026-07-20,,aa36c05e-a90e-4bb5-8325-3bd9bedf7ea7,testnet
82172,run-aa36c05e-a90e-4bb5-8325-3bd9bedf7ea7,2026-07-20 06:39:12.692+00,4998.764309840000000000,4998.764309840000000000,0.000000000000000000,5000.000000000000000000,2026-07-20,,aa36c05e-a90e-4bb5-8325-3bd9bedf7ea7,testnet
82171,run-aa36c05e-a90e-4bb5-8325-3bd9bedf7ea7,2026-07-20 06:39:07.692+00,4998.764309840000000000,4998.764309840000000000,0.000000000000000000,5000.000000000000000000,2026-07-20,,aa36c05e-a90e-4bb5-8325-3bd9bedf7ea7,testnet
82170,run-aa36c05e-a90e-4bb5-8325-3bd9bedf7ea7,2026-07-20 06:39:02.691+00,4998.764309840000000000,4998.764309840000000000,0.000000000000000000,5000.000000000000000000,2026-07-20,,aa36c05e-a90e-4bb5-8325-3bd9bedf7ea7,testnet
82169,run-aa36c05e-a90e-4bb5-8325-3bd9bedf7ea7,2026-07-20 06:38:57.69+00,4998.764309840000000000,4998.764309840000000000,0.000000000000000000,5000.000000000000000000,2026-07-20,,aa36c05e-a90e-4bb5-8325-3bd9bedf7ea7,testnet
82168,run-aa36c05e-a90e-4bb5-8325-3bd9bedf7ea7,2026-07-20 06:38:52.689+00,4998.764309840000000000,4998.764309840000000000,0.000000000000000000,5000.000000000000000000,2026-07-20,,aa36c05e-a90e-4bb5-8325-3bd9bedf7ea7,testnet
82167,run-aa36c05e-a90e-4bb5-8325-3bd9bedf7ea7,2026-07-20 06:38:47.689+00,4998.764309840000000000,4998.764309840000000000,0.000000000000000000,5000.000000000000000000,2026-07-20,,aa36c05e-a90e-4bb5-8325-3bd9bedf7ea7,testnet
82166,run-aa36c05e-a90e-4bb5-8325-3bd9bedf7ea7,2026-07-20 06:38:42.688+00,4998.764309840000000000,4998.764309840000000000,0.000000000000000000,5000.000000000000000000,2026-07-20,,aa36c05e-a90e-4bb5-8325-3bd9bedf7ea7,testnet
82165,run-aa36c05e-a90e-4bb5-8325-3bd9bedf7ea7,2026-07-20 06:38:37.687+00,4998.764309840000000000,4998.764309840000000000,0.000000000000000000,5000.000000000000000000,2026-07-20,,aa36c05e-a90e-4bb5-8325-3bd9bedf7ea7,testnet
82164,run-aa36c05e-a90e-4bb5-8325-3bd9bedf7ea7,2026-07-20 06:38:32.686+00,4998.764309840000000000,4998.764309840000000000,0.000000000000000000,5000.000000000000000000,2026-07-20,,aa36c05e-a90e-4bb5-8325-3bd9bedf7ea7,testnet
82163,run-aa36c05e-a90e-4bb5-8325-3bd9bedf7ea7,2026-07-20 06:38:27.685+00,4998.764309840000000000,4998.764309840000000000,0.000000000000000000,5000.000000000000000000,2026-07-20,,aa36c05e-a90e-4bb5-8325-3bd9bedf7ea7,testnet
82162,run-aa36c05e-a90e-4bb5-8325-3bd9bedf7ea7,2026-07-20 06:38:22.684+00,4998.764309840000000000,4998.764309840000000000,0.000000000000000000,5000.000000000000000000,2026-07-20,,aa36c05e-a90e-4bb5-8325-3bd9bedf7ea7,testnet
82161,run-aa36c05e-a90e-4bb5-8325-3bd9bedf7ea7,2026-07-20 06:38:17.684+00,4998.764309840000000000,4998.764309840000000000,0.000000000000000000,5000.000000000000000000,2026-07-20,,aa36c05e-a90e-4bb5-8325-3bd9bedf7ea7,testnet
82160,run-aa36c05e-a90e-4bb5-8325-3bd9bedf7ea7,2026-07-20 06:38:12.683+00,4998.764309840000000000,4998.764309840000000000,0.000000000000000000,5000.000000000000000000,2026-07-20,,aa36c05e-a90e-4bb5-8325-3bd9bedf7ea7,testnet
82159,run-aa36c05e-a90e-4bb5-8325-3bd9bedf7ea7,2026-07-20 06:38:07.682+00,4998.764309840000000000,4998.764309840000000000,0.000000000000000000,5000.000000000000000000,2026-07-20,,aa36c05e-a90e-4bb5-8325-3bd9bedf7ea7,testnet
82158,run-aa36c05e-a90e-4bb5-8325-3bd9bedf7ea7,2026-07-20 06:38:02.68+00,4998.764309840000000000,4998.764309840000000000,0.000000000000000000,5000.000000000000000000,2026-07-20,,aa36c05e-a90e-4bb5-8325-3bd9bedf7ea7,testnet
82157,run-aa36c05e-a90e-4bb5-8325-3bd9bedf7ea7,2026-07-20 06:37:57.68+00,4998.764309840000000000,4998.764309840000000000,0.000000000000000000,5000.000000000000000000,2026-07-20,,aa36c05e-a90e-4bb5-8325-3bd9bedf7ea7,testnet
82156,run-aa36c05e-a90e-4bb5-8325-3bd9bedf7ea7,2026-07-20 06:37:52.679+00,4998.764309840000000000,4998.764309840000000000,0.000000000000000000,5000.000000000000000000,2026-07-20,,aa36c05e-a90e-4bb5-8325-3bd9bedf7ea7,testnet
82155,run-aa36c05e-a90e-4bb5-8325-3bd9bedf7ea7,2026-07-20 06:37:47.678+00,4998.764309840000000000,4998.764309840000000000,0.000000000000000000,5000.000000000000000000,2026-07-20,,aa36c05e-a90e-4bb5-8325-3bd9bedf7ea7,testnet
82154,run-aa36c05e-a90e-4bb5-8325-3bd9bedf7ea7,2026-07-20 06:37:42.678+00,4998.764309840000000000,4998.764309840000000000,0.000000000000000000,5000.000000000000000000,2026-07-20,,aa36c05e-a90e-4bb5-8325-3bd9bedf7ea7,testnet
82153,run-aa36c05e-a90e-4bb5-8325-3bd9bedf7ea7,2026-07-20 06:37:37.678+00,4998.764309840000000000,4998.764309840000000000,0.000000000000000000,5000.000000000000000000,2026-07-20,,aa36c05e-a90e-4bb5-8325-3bd9bedf7ea7,testnet
82152,run-aa36c05e-a90e-4bb5-8325-3bd9bedf7ea7,2026-07-20 06:37:32.676+00,4998.764309840000000000,4998.764309840000000000,0.000000000000000000,5000.000000000000000000,2026-07-20,,aa36c05e-a90e-4bb5-8325-3bd9bedf7ea7,testnet
82151,run-aa36c05e-a90e-4bb5-8325-3bd9bedf7ea7,2026-07-20 06:37:27.676+00,4998.764309840000000000,4998.764309840000000000,0.000000000000000000,5000.000000000000000000,2026-07-20,,aa36c05e-a90e-4bb5-8325-3bd9bedf7ea7,testnet
82150,run-aa36c05e-a90e-4bb5-8325-3bd9bedf7ea7,2026-07-20 06:37:22.674+00,4998.764309840000000000,4998.764309840000000000,0.000000000000000000,5000.000000000000000000,2026-07-20,,aa36c05e-a90e-4bb5-8325-3bd9bedf7ea7,testnet
82149,run-aa36c05e-a90e-4bb5-8325-3bd9bedf7ea7,2026-07-20 06:37:17.675+00,4998.764309840000000000,4998.764309840000000000,0.000000000000000000,5000.000000000000000000,2026-07-20,,aa36c05e-a90e-4bb5-8325-3bd9bedf7ea7,testnet
82148,run-aa36c05e-a90e-4bb5-8325-3bd9bedf7ea7,2026-07-20 06:37:12.674+00,4998.764309840000000000,4998.764309840000000000,0.000000000000000000,5000.000000000000000000,2026-07-20,,aa36c05e-a90e-4bb5-8325-3bd9bedf7ea7,testnet
82147,run-aa36c05e-a90e-4bb5-8325-3bd9bedf7ea7,2026-07-20 06:37:07.674+00,4998.764309840000000000,4998.764309840000000000,0.000000000000000000,5000.000000000000000000,2026-07-20,,aa36c05e-a90e-4bb5-8325-3bd9bedf7ea7,testnet
82146,run-aa36c05e-a90e-4bb5-8325-3bd9bedf7ea7,2026-07-20 06:37:02.672+00,4998.764309840000000000,4998.764309840000000000,0.000000000000000000,5000.000000000000000000,2026-07-20,,aa36c05e-a90e-4bb5-8325-3bd9bedf7ea7,testnet
82145,run-aa36c05e-a90e-4bb5-8325-3bd9bedf7ea7,2026-07-20 06:36:57.671+00,4998.764309840000000000,4998.764309840000000000,0.000000000000000000,5000.000000000000000000,2026-07-20,,aa36c05e-a90e-4bb5-8325-3bd9bedf7ea7,testnet
82144,run-aa36c05e-a90e-4bb5-8325-3bd9bedf7ea7,2026-07-20 06:36:52.671+00,4998.764309840000000000,4998.764309840000000000,0.000000000000000000,5000.000000000000000000,2026-07-20,,aa36c05e-a90e-4bb5-8325-3bd9bedf7ea7,testnet
82143,run-aa36c05e-a90e-4bb5-8325-3bd9bedf7ea7,2026-07-20 06:36:47.67+00,4998.764309840000000000,4998.764309840000000000,0.000000000000000000,5000.000000000000000000,2026-07-20,,aa36c05e-a90e-4bb5-8325-3bd9bedf7ea7,testnet
82142,run-aa36c05e-a90e-4bb5-8325-3bd9bedf7ea7,2026-07-20 06:36:42.669+00,4998.764309840000000000,4998.764309840000000000,0.000000000000000000,5000.000000000000000000,2026-07-20,,aa36c05e-a90e-4bb5-8325-3bd9bedf7ea7,testnet
82141,run-aa36c05e-a90e-4bb5-8325-3bd9bedf7ea7,2026-07-20 06:36:37.658+00,4998.764309840000000000,4998.764309840000000000,0.000000000000000000,5000.000000000000000000,2026-07-20,,aa36c05e-a90e-4bb5-8325-3bd9bedf7ea7,testnet
82140,run-aa36c05e-a90e-4bb5-8325-3bd9bedf7ea7,2026-07-20 06:36:32.657+00,4998.764309840000000000,4998.764309840000000000,0.000000000000000000,5000.000000000000000000,2026-07-20,,aa36c05e-a90e-4bb5-8325-3bd9bedf7ea7,testnet
82139,run-aa36c05e-a90e-4bb5-8325-3bd9bedf7ea7,2026-07-20 06:36:27.655+00,4998.764309840000000000,4998.764309840000000000,0.000000000000000000,5000.000000000000000000,2026-07-20,,aa36c05e-a90e-4bb5-8325-3bd9bedf7ea7,testnet
82138,run-aa36c05e-a90e-4bb5-8325-3bd9bedf7ea7,2026-07-20 06:36:22.654+00,4998.764309840000000000,4998.764309840000000000,0.000000000000000000,5000.000000000000000000,2026-07-20,,aa36c05e-a90e-4bb5-8325-3bd9bedf7ea7,testnet
82137,run-aa36c05e-a90e-4bb5-8325-3bd9bedf7ea7,2026-07-20 06:36:17.654+00,4998.764309840000000000,4998.764309840000000000,0.000000000000000000,5000.000000000000000000,2026-07-20,,aa36c05e-a90e-4bb5-8325-3bd9bedf7ea7,testnet
82136,run-aa36c05e-a90e-4bb5-8325-3bd9bedf7ea7,2026-07-20 06:36:12.653+00,4998.764309840000000000,4998.764309840000000000,0.000000000000000000,5000.000000000000000000,2026-07-20,,aa36c05e-a90e-4bb5-8325-3bd9bedf7ea7,testnet
82135,run-aa36c05e-a90e-4bb5-8325-3bd9bedf7ea7,2026-07-20 06:36:07.652+00,4998.764309840000000000,4998.764309840000000000,0.000000000000000000,5000.000000000000000000,2026-07-20,,aa36c05e-a90e-4bb5-8325-3bd9bedf7ea7,testnet
82134,run-aa36c05e-a90e-4bb5-8325-3bd9bedf7ea7,2026-07-20 06:36:02.651+00,4998.764309840000000000,4998.764309840000000000,0.000000000000000000,5000.000000000000000000,2026-07-20,,aa36c05e-a90e-4bb5-8325-3bd9bedf7ea7,testnet
82133,run-aa36c05e-a90e-4bb5-8325-3bd9bedf7ea7,2026-07-20 06:35:57.649+00,4998.764309840000000000,4998.764309840000000000,0.000000000000000000,5000.000000000000000000,2026-07-20,,aa36c05e-a90e-4bb5-8325-3bd9bedf7ea7,testnet
82132,run-aa36c05e-a90e-4bb5-8325-3bd9bedf7ea7,2026-07-20 06:35:52.647+00,4998.764309840000000000,4998.764309840000000000,0.000000000000000000,5000.000000000000000000,2026-07-20,,aa36c05e-a90e-4bb5-8325-3bd9bedf7ea7,testnet
82131,run-aa36c05e-a90e-4bb5-8325-3bd9bedf7ea7,2026-07-20 06:35:47.647+00,4998.764309840000000000,4998.764309840000000000,0.000000000000000000,5000.000000000000000000,2026-07-20,,aa36c05e-a90e-4bb5-8325-3bd9bedf7ea7,testnet
82130,run-aa36c05e-a90e-4bb5-8325-3bd9bedf7ea7,2026-07-20 06:35:42.646+00,4998.764309840000000000,4998.764309840000000000,0.000000000000000000,5000.000000000000000000,2026-07-20,,aa36c05e-a90e-4bb5-8325-3bd9bedf7ea7,testnet
82129,run-aa36c05e-a90e-4bb5-8325-3bd9bedf7ea7,2026-07-20 06:35:37.645+00,4998.764309840000000000,4998.764309840000000000,0.000000000000000000,5000.000000000000000000,2026-07-20,,aa36c05e-a90e-4bb5-8325-3bd9bedf7ea7,testnet
82128,run-aa36c05e-a90e-4bb5-8325-3bd9bedf7ea7,2026-07-20 06:35:32.644+00,4998.764309840000000000,4998.764309840000000000,0.000000000000000000,5000.000000000000000000,2026-07-20,,aa36c05e-a90e-4bb5-8325-3bd9bedf7ea7,testnet
82127,run-aa36c05e-a90e-4bb5-8325-3bd9bedf7ea7,2026-07-20 06:35:27.645+00,4998.764309840000000000,4998.764309840000000000,0.000000000000000000,5000.000000000000000000,2026-07-20,,aa36c05e-a90e-4bb5-8325-3bd9bedf7ea7,testnet
82126,run-aa36c05e-a90e-4bb5-8325-3bd9bedf7ea7,2026-07-20 06:35:22.644+00,4998.764309840000000000,4998.764309840000000000,0.000000000000000000,5000.000000000000000000,2026-07-20,,aa36c05e-a90e-4bb5-8325-3bd9bedf7ea7,testnet
82125,run-aa36c05e-a90e-4bb5-8325-3bd9bedf7ea7,2026-07-20 06:35:17.643+00,4998.764309840000000000,4998.764309840000000000,0.000000000000000000,5000.000000000000000000,2026-07-20,,aa36c05e-a90e-4bb5-8325-3bd9bedf7ea7,testnet
82124,run-aa36c05e-a90e-4bb5-8325-3bd9bedf7ea7,2026-07-20 06:35:12.643+00,4998.764309840000000000,4998.764309840000000000,0.000000000000000000,5000.000000000000000000,2026-07-20,,aa36c05e-a90e-4bb5-8325-3bd9bedf7ea7,testnet
82123,run-aa36c05e-a90e-4bb5-8325-3bd9bedf7ea7,2026-07-20 06:35:07.643+00,4998.764309840000000000,4998.764309840000000000,0.000000000000000000,5000.000000000000000000,2026-07-20,,aa36c05e-a90e-4bb5-8325-3bd9bedf7ea7,testnet
82122,run-aa36c05e-a90e-4bb5-8325-3bd9bedf7ea7,2026-07-20 06:35:02.642+00,4998.764309840000000000,4998.764309840000000000,0.000000000000000000,5000.000000000000000000,2026-07-20,,aa36c05e-a90e-4bb5-8325-3bd9bedf7ea7,testnet
82121,run-aa36c05e-a90e-4bb5-8325-3bd9bedf7ea7,2026-07-20 06:34:57.641+00,4998.764309840000000000,4998.764309840000000000,0.000000000000000000,5000.000000000000000000,2026-07-20,,aa36c05e-a90e-4bb5-8325-3bd9bedf7ea7,testnet
82120,run-aa36c05e-a90e-4bb5-8325-3bd9bedf7ea7,2026-07-20 06:34:52.641+00,4998.764309840000000000,4998.764309840000000000,0.000000000000000000,5000.000000000000000000,2026-07-20,,aa36c05e-a90e-4bb5-8325-3bd9bedf7ea7,testnet
82119,run-aa36c05e-a90e-4bb5-8325-3bd9bedf7ea7,2026-07-20 06:34:47.641+00,4998.764309840000000000,4998.764309840000000000,0.000000000000000000,5000.000000000000000000,2026-07-20,,aa36c05e-a90e-4bb5-8325-3bd9bedf7ea7,testnet
82118,run-aa36c05e-a90e-4bb5-8325-3bd9bedf7ea7,2026-07-20 06:34:42.64+00,4998.764309840000000000,4998.764309840000000000,0.000000000000000000,5000.000000000000000000,2026-07-20,,aa36c05e-a90e-4bb5-8325-3bd9bedf7ea7,testnet
82117,run-aa36c05e-a90e-4bb5-8325-3bd9bedf7ea7,2026-07-20 06:34:37.64+00,4998.764309840000000000,4998.764309840000000000,0.000000000000000000,5000.000000000000000000,2026-07-20,,aa36c05e-a90e-4bb5-8325-3bd9bedf7ea7,testnet
82116,run-aa36c05e-a90e-4bb5-8325-3bd9bedf7ea7,2026-07-20 06:34:32.639+00,4998.764309840000000000,4998.764309840000000000,0.000000000000000000,5000.000000000000000000,2026-07-20,,aa36c05e-a90e-4bb5-8325-3bd9bedf7ea7,testnet
82115,run-aa36c05e-a90e-4bb5-8325-3bd9bedf7ea7,2026-07-20 06:34:27.638+00,4998.764309840000000000,4998.764309840000000000,0.000000000000000000,5000.000000000000000000,2026-07-20,,aa36c05e-a90e-4bb5-8325-3bd9bedf7ea7,testnet
82114,run-aa36c05e-a90e-4bb5-8325-3bd9bedf7ea7,2026-07-20 06:34:22.638+00,4998.764309840000000000,4998.764309840000000000,0.000000000000000000,5000.000000000000000000,2026-07-20,,aa36c05e-a90e-4bb5-8325-3bd9bedf7ea7,testnet
82113,run-aa36c05e-a90e-4bb5-8325-3bd9bedf7ea7,2026-07-20 06:34:17.637+00,4998.764309840000000000,4998.764309840000000000,0.000000000000000000,5000.000000000000000000,2026-07-20,,aa36c05e-a90e-4bb5-8325-3bd9bedf7ea7,testnet
82112,run-aa36c05e-a90e-4bb5-8325-3bd9bedf7ea7,2026-07-20 06:34:12.636+00,4998.764309840000000000,4998.764309840000000000,0.000000000000000000,5000.000000000000000000,2026-07-20,,aa36c05e-a90e-4bb5-8325-3bd9bedf7ea7,testnet
82111,run-aa36c05e-a90e-4bb5-8325-3bd9bedf7ea7,2026-07-20 06:34:07.636+00,4998.764309840000000000,4998.764309840000000000,0.000000000000000000,5000.000000000000000000,2026-07-20,,aa36c05e-a90e-4bb5-8325-3bd9bedf7ea7,testnet
82110,run-aa36c05e-a90e-4bb5-8325-3bd9bedf7ea7,2026-07-20 06:34:02.635+00,4998.764309840000000000,4998.764309840000000000,0.000000000000000000,5000.000000000000000000,2026-07-20,,aa36c05e-a90e-4bb5-8325-3bd9bedf7ea7,testnet
82109,run-aa36c05e-a90e-4bb5-8325-3bd9bedf7ea7,2026-07-20 06:33:57.635+00,4998.764309840000000000,4998.764309840000000000,0.000000000000000000,5000.000000000000000000,2026-07-20,,aa36c05e-a90e-4bb5-8325-3bd9bedf7ea7,testnet
82108,run-aa36c05e-a90e-4bb5-8325-3bd9bedf7ea7,2026-07-20 06:33:52.635+00,4998.764309840000000000,4998.764309840000000000,0.000000000000000000,5000.000000000000000000,2026-07-20,,aa36c05e-a90e-4bb5-8325-3bd9bedf7ea7,testnet
82107,run-aa36c05e-a90e-4bb5-8325-3bd9bedf7ea7,2026-07-20 06:33:47.635+00,4998.764309840000000000,4998.764309840000000000,0.000000000000000000,5000.000000000000000000,2026-07-20,,aa36c05e-a90e-4bb5-8325-3bd9bedf7ea7,testnet
82106,run-aa36c05e-a90e-4bb5-8325-3bd9bedf7ea7,2026-07-20 06:33:42.635+00,4998.764309840000000000,4998.764309840000000000,0.000000000000000000,5000.000000000000000000,2026-07-20,,aa36c05e-a90e-4bb5-8325-3bd9bedf7ea7,testnet
82105,run-aa36c05e-a90e-4bb5-8325-3bd9bedf7ea7,2026-07-20 06:33:37.634+00,4998.764309840000000000,4998.764309840000000000,0.000000000000000000,5000.000000000000000000,2026-07-20,,aa36c05e-a90e-4bb5-8325-3bd9bedf7ea7,testnet
82104,run-aa36c05e-a90e-4bb5-8325-3bd9bedf7ea7,2026-07-20 06:33:32.634+00,4998.764309840000000000,4998.764309840000000000,0.000000000000000000,5000.000000000000000000,2026-07-20,,aa36c05e-a90e-4bb5-8325-3bd9bedf7ea7,testnet
82103,run-aa36c05e-a90e-4bb5-8325-3bd9bedf7ea7,2026-07-20 06:33:27.633+00,4998.764309840000000000,4998.764309840000000000,0.000000000000000000,5000.000000000000000000,2026-07-20,,aa36c05e-a90e-4bb5-8325-3bd9bedf7ea7,testnet
82102,run-aa36c05e-a90e-4bb5-8325-3bd9bedf7ea7,2026-07-20 06:33:22.633+00,4998.764309840000000000,4998.764309840000000000,0.000000000000000000,5000.000000000000000000,2026-07-20,,aa36c05e-a90e-4bb5-8325-3bd9bedf7ea7,testnet
82101,run-aa36c05e-a90e-4bb5-8325-3bd9bedf7ea7,2026-07-20 06:33:17.627+00,4998.764309840000000000,4998.764309840000000000,0.000000000000000000,5000.000000000000000000,2026-07-20,,aa36c05e-a90e-4bb5-8325-3bd9bedf7ea7,testnet
82100,run-aa36c05e-a90e-4bb5-8325-3bd9bedf7ea7,2026-07-20 06:33:12.627+00,4998.764309840000000000,4998.764309840000000000,0.000000000000000000,5000.000000000000000000,2026-07-20,,aa36c05e-a90e-4bb5-8325-3bd9bedf7ea7,testnet
82099,run-aa36c05e-a90e-4bb5-8325-3bd9bedf7ea7,2026-07-20 06:33:07.619+00,4998.764309840000000000,4998.764309840000000000,0.000000000000000000,5000.000000000000000000,2026-07-20,,aa36c05e-a90e-4bb5-8325-3bd9bedf7ea7,testnet
82098,run-aa36c05e-a90e-4bb5-8325-3bd9bedf7ea7,2026-07-20 06:33:02.618+00,4998.764309840000000000,4998.764309840000000000,0.000000000000000000,5000.000000000000000000,2026-07-20,,aa36c05e-a90e-4bb5-8325-3bd9bedf7ea7,testnet
82097,run-aa36c05e-a90e-4bb5-8325-3bd9bedf7ea7,2026-07-20 06:32:57.617+00,4998.764309840000000000,4998.764309840000000000,0.000000000000000000,5000.000000000000000000,2026-07-20,,aa36c05e-a90e-4bb5-8325-3bd9bedf7ea7,testnet
82096,run-aa36c05e-a90e-4bb5-8325-3bd9bedf7ea7,2026-07-20 06:32:52.616+00,4998.764309840000000000,4998.764309840000000000,0.000000000000000000,5000.000000000000000000,2026-07-20,,aa36c05e-a90e-4bb5-8325-3bd9bedf7ea7,testnet
82095,run-aa36c05e-a90e-4bb5-8325-3bd9bedf7ea7,2026-07-20 06:32:47.616+00,4998.764309840000000000,4998.764309840000000000,0.000000000000000000,5000.000000000000000000,2026-07-20,,aa36c05e-a90e-4bb5-8325-3bd9bedf7ea7,testnet
82094,run-aa36c05e-a90e-4bb5-8325-3bd9bedf7ea7,2026-07-20 06:32:42.615+00,4998.764309840000000000,4998.764309840000000000,0.000000000000000000,5000.000000000000000000,2026-07-20,,aa36c05e-a90e-4bb5-8325-3bd9bedf7ea7,testnet
82093,run-aa36c05e-a90e-4bb5-8325-3bd9bedf7ea7,2026-07-20 06:32:37.614+00,4998.764309840000000000,4998.764309840000000000,0.000000000000000000,5000.000000000000000000,2026-07-20,,aa36c05e-a90e-4bb5-8325-3bd9bedf7ea7,testnet
82092,run-aa36c05e-a90e-4bb5-8325-3bd9bedf7ea7,2026-07-20 06:32:32.613+00,4998.764309840000000000,4998.764309840000000000,0.000000000000000000,5000.000000000000000000,2026-07-20,,aa36c05e-a90e-4bb5-8325-3bd9bedf7ea7,testnet
82091,run-aa36c05e-a90e-4bb5-8325-3bd9bedf7ea7,2026-07-20 06:32:27.61+00,4998.764309840000000000,4998.764309840000000000,0.000000000000000000,5000.000000000000000000,2026-07-20,,aa36c05e-a90e-4bb5-8325-3bd9bedf7ea7,testnet
82090,run-aa36c05e-a90e-4bb5-8325-3bd9bedf7ea7,2026-07-20 06:32:22.611+00,4998.764309840000000000,4998.764309840000000000,0.000000000000000000,5000.000000000000000000,2026-07-20,,aa36c05e-a90e-4bb5-8325-3bd9bedf7ea7,testnet
82089,run-aa36c05e-a90e-4bb5-8325-3bd9bedf7ea7,2026-07-20 06:32:17.609+00,4998.764309840000000000,4998.764309840000000000,0.000000000000000000,5000.000000000000000000,2026-07-20,,aa36c05e-a90e-4bb5-8325-3bd9bedf7ea7,testnet
82088,run-aa36c05e-a90e-4bb5-8325-3bd9bedf7ea7,2026-07-20 06:32:12.61+00,4998.764309840000000000,4998.764309840000000000,0.000000000000000000,5000.000000000000000000,2026-07-20,,aa36c05e-a90e-4bb5-8325-3bd9bedf7ea7,testnet
82087,run-aa36c05e-a90e-4bb5-8325-3bd9bedf7ea7,2026-07-20 06:32:07.608+00,4998.764309840000000000,4998.764309840000000000,0.000000000000000000,5000.000000000000000000,2026-07-20,,aa36c05e-a90e-4bb5-8325-3bd9bedf7ea7,testnet
82086,run-aa36c05e-a90e-4bb5-8325-3bd9bedf7ea7,2026-07-20 06:32:02.608+00,4998.764309840000000000,4998.764309840000000000,0.000000000000000000,5000.000000000000000000,2026-07-20,,aa36c05e-a90e-4bb5-8325-3bd9bedf7ea7,testnet
82085,run-aa36c05e-a90e-4bb5-8325-3bd9bedf7ea7,2026-07-20 06:31:57.608+00,4998.764309840000000000,4998.764309840000000000,0.000000000000000000,5000.000000000000000000,2026-07-20,,aa36c05e-a90e-4bb5-8325-3bd9bedf7ea7,testnet
82084,run-aa36c05e-a90e-4bb5-8325-3bd9bedf7ea7,2026-07-20 06:31:52.606+00,4998.764309840000000000,4998.764309840000000000,0.000000000000000000,5000.000000000000000000,2026-07-20,,aa36c05e-a90e-4bb5-8325-3bd9bedf7ea7,testnet
82083,run-aa36c05e-a90e-4bb5-8325-3bd9bedf7ea7,2026-07-20 06:31:47.605+00,4998.764309840000000000,4998.764309840000000000,0.000000000000000000,5000.000000000000000000,2026-07-20,,aa36c05e-a90e-4bb5-8325-3bd9bedf7ea7,testnet
82082,run-aa36c05e-a90e-4bb5-8325-3bd9bedf7ea7,2026-07-20 06:31:42.604+00,4998.764309840000000000,4998.764309840000000000,0.000000000000000000,5000.000000000000000000,2026-07-20,,aa36c05e-a90e-4bb5-8325-3bd9bedf7ea7,testnet
82081,run-aa36c05e-a90e-4bb5-8325-3bd9bedf7ea7,2026-07-20 06:31:37.601+00,4998.764309840000000000,4998.764309840000000000,0.000000000000000000,5000.000000000000000000,2026-07-20,,aa36c05e-a90e-4bb5-8325-3bd9bedf7ea7,testnet
82080,run-aa36c05e-a90e-4bb5-8325-3bd9bedf7ea7,2026-07-20 06:31:32.6+00,4998.764309840000000000,4998.764309840000000000,0.000000000000000000,5000.000000000000000000,2026-07-20,,aa36c05e-a90e-4bb5-8325-3bd9bedf7ea7,testnet
82079,run-aa36c05e-a90e-4bb5-8325-3bd9bedf7ea7,2026-07-20 06:31:27.599+00,4998.764309840000000000,4998.764309840000000000,0.000000000000000000,5000.000000000000000000,2026-07-20,,aa36c05e-a90e-4bb5-8325-3bd9bedf7ea7,testnet
82078,run-aa36c05e-a90e-4bb5-8325-3bd9bedf7ea7,2026-07-20 06:31:22.598+00,4998.764309840000000000,4998.764309840000000000,0.000000000000000000,5000.000000000000000000,2026-07-20,,aa36c05e-a90e-4bb5-8325-3bd9bedf7ea7,testnet
82077,run-aa36c05e-a90e-4bb5-8325-3bd9bedf7ea7,2026-07-20 06:31:17.597+00,4998.764309840000000000,4998.764309840000000000,0.000000000000000000,5000.000000000000000000,2026-07-20,,aa36c05e-a90e-4bb5-8325-3bd9bedf7ea7,testnet
82076,run-aa36c05e-a90e-4bb5-8325-3bd9bedf7ea7,2026-07-20 06:31:12.596+00,4998.764309840000000000,4998.764309840000000000,0.000000000000000000,5000.000000000000000000,2026-07-20,,aa36c05e-a90e-4bb5-8325-3bd9bedf7ea7,testnet
82075,run-aa36c05e-a90e-4bb5-8325-3bd9bedf7ea7,2026-07-20 06:31:07.595+00,4998.764309840000000000,4998.764309840000000000,0.000000000000000000,5000.000000000000000000,2026-07-20,,aa36c05e-a90e-4bb5-8325-3bd9bedf7ea7,testnet
82074,run-aa36c05e-a90e-4bb5-8325-3bd9bedf7ea7,2026-07-20 06:31:02.593+00,4998.764309840000000000,4998.764309840000000000,0.000000000000000000,5000.000000000000000000,2026-07-20,,aa36c05e-a90e-4bb5-8325-3bd9bedf7ea7,testnet
82073,run-aa36c05e-a90e-4bb5-8325-3bd9bedf7ea7,2026-07-20 06:30:57.592+00,4998.764309840000000000,4998.764309840000000000,0.000000000000000000,5000.000000000000000000,2026-07-20,,aa36c05e-a90e-4bb5-8325-3bd9bedf7ea7,testnet
82072,run-aa36c05e-a90e-4bb5-8325-3bd9bedf7ea7,2026-07-20 06:30:52.591+00,4998.764309840000000000,4998.764309840000000000,0.000000000000000000,5000.000000000000000000,2026-07-20,,aa36c05e-a90e-4bb5-8325-3bd9bedf7ea7,testnet
82071,run-aa36c05e-a90e-4bb5-8325-3bd9bedf7ea7,2026-07-20 06:30:47.587+00,4998.764309840000000000,4998.764309840000000000,0.000000000000000000,5000.000000000000000000,2026-07-20,,aa36c05e-a90e-4bb5-8325-3bd9bedf7ea7,testnet
82070,run-aa36c05e-a90e-4bb5-8325-3bd9bedf7ea7,2026-07-20 06:30:42.585+00,4998.764309840000000000,4998.764309840000000000,0.000000000000000000,5000.000000000000000000,2026-07-20,,aa36c05e-a90e-4bb5-8325-3bd9bedf7ea7,testnet
82069,run-aa36c05e-a90e-4bb5-8325-3bd9bedf7ea7,2026-07-20 06:30:37.584+00,4998.764309840000000000,4998.764309840000000000,0.000000000000000000,5000.000000000000000000,2026-07-20,,aa36c05e-a90e-4bb5-8325-3bd9bedf7ea7,testnet
82068,run-aa36c05e-a90e-4bb5-8325-3bd9bedf7ea7,2026-07-20 06:30:32.581+00,4998.764309840000000000,4998.764309840000000000,0.000000000000000000,5000.000000000000000000,2026-07-20,,aa36c05e-a90e-4bb5-8325-3bd9bedf7ea7,testnet
82067,run-aa36c05e-a90e-4bb5-8325-3bd9bedf7ea7,2026-07-20 06:30:27.581+00,4998.764309840000000000,4998.764309840000000000,0.000000000000000000,5000.000000000000000000,2026-07-20,,aa36c05e-a90e-4bb5-8325-3bd9bedf7ea7,testnet
82066,run-aa36c05e-a90e-4bb5-8325-3bd9bedf7ea7,2026-07-20 06:30:22.58+00,4998.764309840000000000,4998.764309840000000000,0.000000000000000000,5000.000000000000000000,2026-07-20,,aa36c05e-a90e-4bb5-8325-3bd9bedf7ea7,testnet
82065,run-aa36c05e-a90e-4bb5-8325-3bd9bedf7ea7,2026-07-20 06:30:17.579+00,4998.764309840000000000,4998.764309840000000000,0.000000000000000000,5000.000000000000000000,2026-07-20,,aa36c05e-a90e-4bb5-8325-3bd9bedf7ea7,testnet
82064,run-aa36c05e-a90e-4bb5-8325-3bd9bedf7ea7,2026-07-20 06:30:12.566+00,4998.764309840000000000,4998.764309840000000000,0.000000000000000000,5000.000000000000000000,2026-07-20,,aa36c05e-a90e-4bb5-8325-3bd9bedf7ea7,testnet
82063,run-aa36c05e-a90e-4bb5-8325-3bd9bedf7ea7,2026-07-20 06:30:07.563+00,4998.764309840000000000,4998.764309840000000000,0.000000000000000000,5000.000000000000000000,2026-07-20,,aa36c05e-a90e-4bb5-8325-3bd9bedf7ea7,testnet
82062,run-aa36c05e-a90e-4bb5-8325-3bd9bedf7ea7,2026-07-20 06:30:02.561+00,4998.764309840000000000,4998.764309840000000000,0.000000000000000000,5000.000000000000000000,2026-07-20,,aa36c05e-a90e-4bb5-8325-3bd9bedf7ea7,testnet
82061,run-aa36c05e-a90e-4bb5-8325-3bd9bedf7ea7,2026-07-20 06:29:57.556+00,4998.764309840000000000,4998.764309840000000000,0.000000000000000000,5000.000000000000000000,2026-07-20,,aa36c05e-a90e-4bb5-8325-3bd9bedf7ea7,testnet
82060,run-aa36c05e-a90e-4bb5-8325-3bd9bedf7ea7,2026-07-20 06:29:52.557+00,4998.764309840000000000,4998.764309840000000000,0.000000000000000000,5000.000000000000000000,2026-07-20,,aa36c05e-a90e-4bb5-8325-3bd9bedf7ea7,testnet
82059,run-aa36c05e-a90e-4bb5-8325-3bd9bedf7ea7,2026-07-20 06:29:47.555+00,4998.764309840000000000,4998.764309840000000000,0.000000000000000000,5000.000000000000000000,2026-07-20,,aa36c05e-a90e-4bb5-8325-3bd9bedf7ea7,testnet
82058,run-aa36c05e-a90e-4bb5-8325-3bd9bedf7ea7,2026-07-20 06:29:42.555+00,4998.764309840000000000,4998.764309840000000000,0.000000000000000000,5000.000000000000000000,2026-07-20,,aa36c05e-a90e-4bb5-8325-3bd9bedf7ea7,testnet
82057,run-aa36c05e-a90e-4bb5-8325-3bd9bedf7ea7,2026-07-20 06:29:37.551+00,4998.764309840000000000,4998.764309840000000000,0.000000000000000000,5000.000000000000000000,2026-07-20,,aa36c05e-a90e-4bb5-8325-3bd9bedf7ea7,testnet
82056,run-aa36c05e-a90e-4bb5-8325-3bd9bedf7ea7,2026-07-20 06:29:32.55+00,4998.764309840000000000,4998.764309840000000000,0.000000000000000000,5000.000000000000000000,2026-07-20,,aa36c05e-a90e-4bb5-8325-3bd9bedf7ea7,testnet
82055,run-aa36c05e-a90e-4bb5-8325-3bd9bedf7ea7,2026-07-20 06:29:27.549+00,4998.764309840000000000,4998.764309840000000000,0.000000000000000000,5000.000000000000000000,2026-07-20,,aa36c05e-a90e-4bb5-8325-3bd9bedf7ea7,testnet
82054,run-aa36c05e-a90e-4bb5-8325-3bd9bedf7ea7,2026-07-20 06:29:22.549+00,4998.764309840000000000,4998.764309840000000000,0.000000000000000000,5000.000000000000000000,2026-07-20,,aa36c05e-a90e-4bb5-8325-3bd9bedf7ea7,testnet
82053,run-aa36c05e-a90e-4bb5-8325-3bd9bedf7ea7,2026-07-20 06:29:17.548+00,4998.764309840000000000,4998.764309840000000000,0.000000000000000000,5000.000000000000000000,2026-07-20,,aa36c05e-a90e-4bb5-8325-3bd9bedf7ea7,testnet
82052,run-aa36c05e-a90e-4bb5-8325-3bd9bedf7ea7,2026-07-20 06:29:12.547+00,4998.764309840000000000,4998.764309840000000000,0.000000000000000000,5000.000000000000000000,2026-07-20,,aa36c05e-a90e-4bb5-8325-3bd9bedf7ea7,testnet
82051,run-aa36c05e-a90e-4bb5-8325-3bd9bedf7ea7,2026-07-20 06:29:07.546+00,4998.764309840000000000,4998.764309840000000000,0.000000000000000000,5000.000000000000000000,2026-07-20,,aa36c05e-a90e-4bb5-8325-3bd9bedf7ea7,testnet
82050,run-aa36c05e-a90e-4bb5-8325-3bd9bedf7ea7,2026-07-20 06:29:02.538+00,4998.764309840000000000,4998.764309840000000000,0.000000000000000000,5000.000000000000000000,2026-07-20,,aa36c05e-a90e-4bb5-8325-3bd9bedf7ea7,testnet
82049,run-aa36c05e-a90e-4bb5-8325-3bd9bedf7ea7,2026-07-20 06:28:57.538+00,4998.764309840000000000,4998.764309840000000000,0.000000000000000000,5000.000000000000000000,2026-07-20,,aa36c05e-a90e-4bb5-8325-3bd9bedf7ea7,testnet
82048,run-aa36c05e-a90e-4bb5-8325-3bd9bedf7ea7,2026-07-20 06:28:52.537+00,4998.764309840000000000,4998.764309840000000000,0.000000000000000000,5000.000000000000000000,2026-07-20,,aa36c05e-a90e-4bb5-8325-3bd9bedf7ea7,testnet
82047,run-aa36c05e-a90e-4bb5-8325-3bd9bedf7ea7,2026-07-20 06:28:47.537+00,4998.764309840000000000,4998.764309840000000000,0.000000000000000000,5000.000000000000000000,2026-07-20,,aa36c05e-a90e-4bb5-8325-3bd9bedf7ea7,testnet
82046,run-aa36c05e-a90e-4bb5-8325-3bd9bedf7ea7,2026-07-20 06:28:42.534+00,4998.764309840000000000,4998.764309840000000000,0.000000000000000000,5000.000000000000000000,2026-07-20,,aa36c05e-a90e-4bb5-8325-3bd9bedf7ea7,testnet
82045,run-aa36c05e-a90e-4bb5-8325-3bd9bedf7ea7,2026-07-20 06:28:37.534+00,4998.764309840000000000,4998.764309840000000000,0.000000000000000000,5000.000000000000000000,2026-07-20,,aa36c05e-a90e-4bb5-8325-3bd9bedf7ea7,testnet
82044,run-aa36c05e-a90e-4bb5-8325-3bd9bedf7ea7,2026-07-20 06:28:32.506+00,4998.764309840000000000,4998.764309840000000000,0.000000000000000000,5000.000000000000000000,2026-07-20,,aa36c05e-a90e-4bb5-8325-3bd9bedf7ea7,testnet
82043,run-aa36c05e-a90e-4bb5-8325-3bd9bedf7ea7,2026-07-20 06:28:27.503+00,4998.764309840000000000,4998.764309840000000000,0.000000000000000000,5000.000000000000000000,2026-07-20,,aa36c05e-a90e-4bb5-8325-3bd9bedf7ea7,testnet
82042,run-aa36c05e-a90e-4bb5-8325-3bd9bedf7ea7,2026-07-20 06:28:22.503+00,4998.764309840000000000,4998.764309840000000000,0.000000000000000000,5000.000000000000000000,2026-07-20,,aa36c05e-a90e-4bb5-8325-3bd9bedf7ea7,testnet
82041,run-aa36c05e-a90e-4bb5-8325-3bd9bedf7ea7,2026-07-20 06:28:17.503+00,4998.764309840000000000,4998.764309840000000000,0.000000000000000000,5000.000000000000000000,2026-07-20,,aa36c05e-a90e-4bb5-8325-3bd9bedf7ea7,testnet
82040,run-aa36c05e-a90e-4bb5-8325-3bd9bedf7ea7,2026-07-20 06:28:12.502+00,4998.764309840000000000,4998.764309840000000000,0.000000000000000000,5000.000000000000000000,2026-07-20,,aa36c05e-a90e-4bb5-8325-3bd9bedf7ea7,testnet
82039,run-aa36c05e-a90e-4bb5-8325-3bd9bedf7ea7,2026-07-20 06:28:07.501+00,4998.764309840000000000,4998.764309840000000000,0.000000000000000000,5000.000000000000000000,2026-07-20,,aa36c05e-a90e-4bb5-8325-3bd9bedf7ea7,testnet
82038,run-aa36c05e-a90e-4bb5-8325-3bd9bedf7ea7,2026-07-20 06:28:02.5+00,4998.764309840000000000,4998.764309840000000000,0.000000000000000000,5000.000000000000000000,2026-07-20,,aa36c05e-a90e-4bb5-8325-3bd9bedf7ea7,testnet
82037,run-aa36c05e-a90e-4bb5-8325-3bd9bedf7ea7,2026-07-20 06:27:57.5+00,4998.764309840000000000,4998.764309840000000000,0.000000000000000000,5000.000000000000000000,2026-07-20,,aa36c05e-a90e-4bb5-8325-3bd9bedf7ea7,testnet
82036,run-aa36c05e-a90e-4bb5-8325-3bd9bedf7ea7,2026-07-20 06:27:52.499+00,4998.764309840000000000,4998.764309840000000000,0.000000000000000000,5000.000000000000000000,2026-07-20,,aa36c05e-a90e-4bb5-8325-3bd9bedf7ea7,testnet
82035,run-aa36c05e-a90e-4bb5-8325-3bd9bedf7ea7,2026-07-20 06:27:47.497+00,4998.764309840000000000,4998.764309840000000000,0.000000000000000000,5000.000000000000000000,2026-07-20,,aa36c05e-a90e-4bb5-8325-3bd9bedf7ea7,testnet
82034,run-aa36c05e-a90e-4bb5-8325-3bd9bedf7ea7,2026-07-20 06:27:42.492+00,4998.764309840000000000,4998.764309840000000000,0.000000000000000000,5000.000000000000000000,2026-07-20,,aa36c05e-a90e-4bb5-8325-3bd9bedf7ea7,testnet
82033,run-aa36c05e-a90e-4bb5-8325-3bd9bedf7ea7,2026-07-20 06:27:37.491+00,4998.764309840000000000,4998.764309840000000000,0.000000000000000000,5000.000000000000000000,2026-07-20,,aa36c05e-a90e-4bb5-8325-3bd9bedf7ea7,testnet
82032,run-aa36c05e-a90e-4bb5-8325-3bd9bedf7ea7,2026-07-20 06:27:32.478+00,4998.764309840000000000,4998.764309840000000000,0.000000000000000000,5000.000000000000000000,2026-07-20,,aa36c05e-a90e-4bb5-8325-3bd9bedf7ea7,testnet
82031,run-aa36c05e-a90e-4bb5-8325-3bd9bedf7ea7,2026-07-20 06:27:27.476+00,4998.764309840000000000,4998.764309840000000000,0.000000000000000000,5000.000000000000000000,2026-07-20,,aa36c05e-a90e-4bb5-8325-3bd9bedf7ea7,testnet
82030,run-aa36c05e-a90e-4bb5-8325-3bd9bedf7ea7,2026-07-20 06:27:22.475+00,4998.764309840000000000,4998.764309840000000000,0.000000000000000000,5000.000000000000000000,2026-07-20,,aa36c05e-a90e-4bb5-8325-3bd9bedf7ea7,testnet
82029,run-aa36c05e-a90e-4bb5-8325-3bd9bedf7ea7,2026-07-20 06:27:17.476+00,4998.764309840000000000,4998.764309840000000000,0.000000000000000000,5000.000000000000000000,2026-07-20,,aa36c05e-a90e-4bb5-8325-3bd9bedf7ea7,testnet
82028,run-aa36c05e-a90e-4bb5-8325-3bd9bedf7ea7,2026-07-20 06:27:12.476+00,4998.764309840000000000,4998.764309840000000000,0.000000000000000000,5000.000000000000000000,2026-07-20,,aa36c05e-a90e-4bb5-8325-3bd9bedf7ea7,testnet
82027,run-aa36c05e-a90e-4bb5-8325-3bd9bedf7ea7,2026-07-20 06:27:07.474+00,4998.764309840000000000,4998.764309840000000000,0.000000000000000000,5000.000000000000000000,2026-07-20,,aa36c05e-a90e-4bb5-8325-3bd9bedf7ea7,testnet
82026,run-aa36c05e-a90e-4bb5-8325-3bd9bedf7ea7,2026-07-20 06:27:02.472+00,4998.764309840000000000,4998.764309840000000000,0.000000000000000000,5000.000000000000000000,2026-07-20,,aa36c05e-a90e-4bb5-8325-3bd9bedf7ea7,testnet
82025,run-aa36c05e-a90e-4bb5-8325-3bd9bedf7ea7,2026-07-20 06:26:57.471+00,4998.764309840000000000,4998.764309840000000000,0.000000000000000000,5000.000000000000000000,2026-07-20,,aa36c05e-a90e-4bb5-8325-3bd9bedf7ea7,testnet
82024,run-aa36c05e-a90e-4bb5-8325-3bd9bedf7ea7,2026-07-20 06:26:52.471+00,4998.764309840000000000,4998.764309840000000000,0.000000000000000000,5000.000000000000000000,2026-07-20,,aa36c05e-a90e-4bb5-8325-3bd9bedf7ea7,testnet
82023,run-aa36c05e-a90e-4bb5-8325-3bd9bedf7ea7,2026-07-20 06:26:47.468+00,4998.764309840000000000,4998.764309840000000000,0.000000000000000000,5000.000000000000000000,2026-07-20,,aa36c05e-a90e-4bb5-8325-3bd9bedf7ea7,testnet
82022,run-aa36c05e-a90e-4bb5-8325-3bd9bedf7ea7,2026-07-20 06:26:42.467+00,4998.764309840000000000,4998.764309840000000000,0.000000000000000000,5000.000000000000000000,2026-07-20,,aa36c05e-a90e-4bb5-8325-3bd9bedf7ea7,testnet
82021,run-aa36c05e-a90e-4bb5-8325-3bd9bedf7ea7,2026-07-20 06:26:37.466+00,4998.764309840000000000,4998.764309840000000000,0.000000000000000000,5000.000000000000000000,2026-07-20,,aa36c05e-a90e-4bb5-8325-3bd9bedf7ea7,testnet
82020,run-aa36c05e-a90e-4bb5-8325-3bd9bedf7ea7,2026-07-20 06:26:32.464+00,4998.764309840000000000,4998.764309840000000000,0.000000000000000000,5000.000000000000000000,2026-07-20,,aa36c05e-a90e-4bb5-8325-3bd9bedf7ea7,testnet
82019,run-aa36c05e-a90e-4bb5-8325-3bd9bedf7ea7,2026-07-20 06:26:27.463+00,4998.764309840000000000,4998.764309840000000000,0.000000000000000000,5000.000000000000000000,2026-07-20,,aa36c05e-a90e-4bb5-8325-3bd9bedf7ea7,testnet
82018,run-aa36c05e-a90e-4bb5-8325-3bd9bedf7ea7,2026-07-20 06:26:22.463+00,4998.764309840000000000,4998.764309840000000000,0.000000000000000000,5000.000000000000000000,2026-07-20,,aa36c05e-a90e-4bb5-8325-3bd9bedf7ea7,testnet
82017,run-aa36c05e-a90e-4bb5-8325-3bd9bedf7ea7,2026-07-20 06:26:17.461+00,4998.764309840000000000,4998.764309840000000000,0.000000000000000000,5000.000000000000000000,2026-07-20,,aa36c05e-a90e-4bb5-8325-3bd9bedf7ea7,testnet
82016,run-aa36c05e-a90e-4bb5-8325-3bd9bedf7ea7,2026-07-20 06:26:12.461+00,4998.764309840000000000,4998.764309840000000000,0.000000000000000000,5000.000000000000000000,2026-07-20,,aa36c05e-a90e-4bb5-8325-3bd9bedf7ea7,testnet
82015,run-aa36c05e-a90e-4bb5-8325-3bd9bedf7ea7,2026-07-20 06:26:07.458+00,4998.764309840000000000,4998.764309840000000000,0.000000000000000000,5000.000000000000000000,2026-07-20,,aa36c05e-a90e-4bb5-8325-3bd9bedf7ea7,testnet
82014,run-aa36c05e-a90e-4bb5-8325-3bd9bedf7ea7,2026-07-20 06:26:02.456+00,4998.764309840000000000,4998.764309840000000000,0.000000000000000000,5000.000000000000000000,2026-07-20,,aa36c05e-a90e-4bb5-8325-3bd9bedf7ea7,testnet
82013,run-aa36c05e-a90e-4bb5-8325-3bd9bedf7ea7,2026-07-20 06:25:57.455+00,4998.764309840000000000,4998.764309840000000000,0.000000000000000000,5000.000000000000000000,2026-07-20,,aa36c05e-a90e-4bb5-8325-3bd9bedf7ea7,testnet
82012,run-aa36c05e-a90e-4bb5-8325-3bd9bedf7ea7,2026-07-20 06:25:52.454+00,4998.764309840000000000,4998.764309840000000000,0.000000000000000000,5000.000000000000000000,2026-07-20,,aa36c05e-a90e-4bb5-8325-3bd9bedf7ea7,testnet
82011,run-aa36c05e-a90e-4bb5-8325-3bd9bedf7ea7,2026-07-20 06:25:47.453+00,4998.764309840000000000,4998.764309840000000000,0.000000000000000000,5000.000000000000000000,2026-07-20,,aa36c05e-a90e-4bb5-8325-3bd9bedf7ea7,testnet
82010,run-aa36c05e-a90e-4bb5-8325-3bd9bedf7ea7,2026-07-20 06:25:42.454+00,4998.764309840000000000,4998.764309840000000000,0.000000000000000000,5000.000000000000000000,2026-07-20,,aa36c05e-a90e-4bb5-8325-3bd9bedf7ea7,testnet
82009,run-aa36c05e-a90e-4bb5-8325-3bd9bedf7ea7,2026-07-20 06:25:37.452+00,4998.764309840000000000,4998.764309840000000000,0.000000000000000000,5000.000000000000000000,2026-07-20,,aa36c05e-a90e-4bb5-8325-3bd9bedf7ea7,testnet
82008,run-aa36c05e-a90e-4bb5-8325-3bd9bedf7ea7,2026-07-20 06:25:32.448+00,4998.764309840000000000,4998.764309840000000000,0.000000000000000000,5000.000000000000000000,2026-07-20,,aa36c05e-a90e-4bb5-8325-3bd9bedf7ea7,testnet
82007,run-aa36c05e-a90e-4bb5-8325-3bd9bedf7ea7,2026-07-20 06:25:27.445+00,4998.764309840000000000,4998.764309840000000000,0.000000000000000000,5000.000000000000000000,2026-07-20,,aa36c05e-a90e-4bb5-8325-3bd9bedf7ea7,testnet
82006,run-aa36c05e-a90e-4bb5-8325-3bd9bedf7ea7,2026-07-20 06:25:22.444+00,4998.764309840000000000,4998.764309840000000000,0.000000000000000000,5000.000000000000000000,2026-07-20,,aa36c05e-a90e-4bb5-8325-3bd9bedf7ea7,testnet
82005,run-aa36c05e-a90e-4bb5-8325-3bd9bedf7ea7,2026-07-20 06:25:17.44+00,4998.764309840000000000,4998.764309840000000000,0.000000000000000000,5000.000000000000000000,2026-07-20,,aa36c05e-a90e-4bb5-8325-3bd9bedf7ea7,testnet
82004,run-aa36c05e-a90e-4bb5-8325-3bd9bedf7ea7,2026-07-20 06:25:12.44+00,4998.764309840000000000,4998.764309840000000000,0.000000000000000000,5000.000000000000000000,2026-07-20,,aa36c05e-a90e-4bb5-8325-3bd9bedf7ea7,testnet
82003,run-aa36c05e-a90e-4bb5-8325-3bd9bedf7ea7,2026-07-20 06:25:07.439+00,4998.764309840000000000,4998.764309840000000000,0.000000000000000000,5000.000000000000000000,2026-07-20,,aa36c05e-a90e-4bb5-8325-3bd9bedf7ea7,testnet
82002,run-aa36c05e-a90e-4bb5-8325-3bd9bedf7ea7,2026-07-20 06:25:02.44+00,4998.764309840000000000,4998.764309840000000000,0.000000000000000000,5000.000000000000000000,2026-07-20,,aa36c05e-a90e-4bb5-8325-3bd9bedf7ea7,testnet
82001,run-aa36c05e-a90e-4bb5-8325-3bd9bedf7ea7,2026-07-20 06:24:57.431+00,4998.764309840000000000,4998.764309840000000000,0.000000000000000000,5000.000000000000000000,2026-07-20,,aa36c05e-a90e-4bb5-8325-3bd9bedf7ea7,testnet
82000,run-aa36c05e-a90e-4bb5-8325-3bd9bedf7ea7,2026-07-20 06:24:52.426+00,4998.764309840000000000,4998.764309840000000000,0.000000000000000000,5000.000000000000000000,2026-07-20,,aa36c05e-a90e-4bb5-8325-3bd9bedf7ea7,testnet
81999,run-aa36c05e-a90e-4bb5-8325-3bd9bedf7ea7,2026-07-20 06:24:47.426+00,4998.764309840000000000,4998.764309840000000000,0.000000000000000000,5000.000000000000000000,2026-07-20,,aa36c05e-a90e-4bb5-8325-3bd9bedf7ea7,testnet
81998,run-aa36c05e-a90e-4bb5-8325-3bd9bedf7ea7,2026-07-20 06:24:42.424+00,4998.764309840000000000,4998.764309840000000000,0.000000000000000000,5000.000000000000000000,2026-07-20,,aa36c05e-a90e-4bb5-8325-3bd9bedf7ea7,testnet
81997,run-aa36c05e-a90e-4bb5-8325-3bd9bedf7ea7,2026-07-20 06:24:37.423+00,4998.764309840000000000,4998.764309840000000000,0.000000000000000000,5000.000000000000000000,2026-07-20,,aa36c05e-a90e-4bb5-8325-3bd9bedf7ea7,testnet
81996,run-aa36c05e-a90e-4bb5-8325-3bd9bedf7ea7,2026-07-20 06:24:32.42+00,4998.764309840000000000,4998.764309840000000000,0.000000000000000000,5000.000000000000000000,2026-07-20,,aa36c05e-a90e-4bb5-8325-3bd9bedf7ea7,testnet
81995,run-aa36c05e-a90e-4bb5-8325-3bd9bedf7ea7,2026-07-20 06:24:27.42+00,4998.764309840000000000,4998.764309840000000000,0.000000000000000000,5000.000000000000000000,2026-07-20,,aa36c05e-a90e-4bb5-8325-3bd9bedf7ea7,testnet
81994,run-aa36c05e-a90e-4bb5-8325-3bd9bedf7ea7,2026-07-20 06:24:22.418+00,4998.764309840000000000,4998.764309840000000000,0.000000000000000000,5000.000000000000000000,2026-07-20,,aa36c05e-a90e-4bb5-8325-3bd9bedf7ea7,testnet
81993,run-aa36c05e-a90e-4bb5-8325-3bd9bedf7ea7,2026-07-20 06:24:17.418+00,4998.764309840000000000,4998.764309840000000000,0.000000000000000000,5000.000000000000000000,2026-07-20,,aa36c05e-a90e-4bb5-8325-3bd9bedf7ea7,testnet
81992,run-aa36c05e-a90e-4bb5-8325-3bd9bedf7ea7,2026-07-20 06:24:12.413+00,4998.764309840000000000,4998.764309840000000000,0.000000000000000000,5000.000000000000000000,2026-07-20,,aa36c05e-a90e-4bb5-8325-3bd9bedf7ea7,testnet
81991,run-aa36c05e-a90e-4bb5-8325-3bd9bedf7ea7,2026-07-20 06:24:07.413+00,4998.764309840000000000,4998.764309840000000000,0.000000000000000000,5000.000000000000000000,2026-07-20,,aa36c05e-a90e-4bb5-8325-3bd9bedf7ea7,testnet
81990,run-aa36c05e-a90e-4bb5-8325-3bd9bedf7ea7,2026-07-20 06:24:02.413+00,4998.764309840000000000,4998.764309840000000000,0.000000000000000000,5000.000000000000000000,2026-07-20,,aa36c05e-a90e-4bb5-8325-3bd9bedf7ea7,testnet
81989,run-aa36c05e-a90e-4bb5-8325-3bd9bedf7ea7,2026-07-20 06:23:57.412+00,4998.764309840000000000,4998.764309840000000000,0.000000000000000000,5000.000000000000000000,2026-07-20,,aa36c05e-a90e-4bb5-8325-3bd9bedf7ea7,testnet
81988,run-aa36c05e-a90e-4bb5-8325-3bd9bedf7ea7,2026-07-20 06:23:52.41+00,4998.764309840000000000,4998.764309840000000000,0.000000000000000000,5000.000000000000000000,2026-07-20,,aa36c05e-a90e-4bb5-8325-3bd9bedf7ea7,testnet
81987,run-aa36c05e-a90e-4bb5-8325-3bd9bedf7ea7,2026-07-20 06:23:47.41+00,4998.764309840000000000,4998.764309840000000000,0.000000000000000000,5000.000000000000000000,2026-07-20,,aa36c05e-a90e-4bb5-8325-3bd9bedf7ea7,testnet
81986,run-aa36c05e-a90e-4bb5-8325-3bd9bedf7ea7,2026-07-20 06:23:42.409+00,4998.764309840000000000,4998.764309840000000000,0.000000000000000000,5000.000000000000000000,2026-07-20,,aa36c05e-a90e-4bb5-8325-3bd9bedf7ea7,testnet
81985,run-aa36c05e-a90e-4bb5-8325-3bd9bedf7ea7,2026-07-20 06:23:37.404+00,4998.764309840000000000,4998.764309840000000000,0.000000000000000000,5000.000000000000000000,2026-07-20,,aa36c05e-a90e-4bb5-8325-3bd9bedf7ea7,testnet
81984,run-aa36c05e-a90e-4bb5-8325-3bd9bedf7ea7,2026-07-20 06:23:32.404+00,4998.764309840000000000,4998.764309840000000000,0.000000000000000000,5000.000000000000000000,2026-07-20,,aa36c05e-a90e-4bb5-8325-3bd9bedf7ea7,testnet
81983,run-aa36c05e-a90e-4bb5-8325-3bd9bedf7ea7,2026-07-20 06:23:27.4+00,4998.764309840000000000,4998.764309840000000000,0.000000000000000000,5000.000000000000000000,2026-07-20,,aa36c05e-a90e-4bb5-8325-3bd9bedf7ea7,testnet
81982,run-aa36c05e-a90e-4bb5-8325-3bd9bedf7ea7,2026-07-20 06:23:22.4+00,4998.764309840000000000,4998.764309840000000000,0.000000000000000000,5000.000000000000000000,2026-07-20,,aa36c05e-a90e-4bb5-8325-3bd9bedf7ea7,testnet
81981,run-aa36c05e-a90e-4bb5-8325-3bd9bedf7ea7,2026-07-20 06:23:17.4+00,4998.764309840000000000,4998.764309840000000000,0.000000000000000000,5000.000000000000000000,2026-07-20,,aa36c05e-a90e-4bb5-8325-3bd9bedf7ea7,testnet
81980,run-aa36c05e-a90e-4bb5-8325-3bd9bedf7ea7,2026-07-20 06:23:12.395+00,4998.764309840000000000,4998.764309840000000000,0.000000000000000000,5000.000000000000000000,2026-07-20,,aa36c05e-a90e-4bb5-8325-3bd9bedf7ea7,testnet
81979,run-aa36c05e-a90e-4bb5-8325-3bd9bedf7ea7,2026-07-20 06:23:07.395+00,4998.764309840000000000,4998.764309840000000000,0.000000000000000000,5000.000000000000000000,2026-07-20,,aa36c05e-a90e-4bb5-8325-3bd9bedf7ea7,testnet
81978,run-aa36c05e-a90e-4bb5-8325-3bd9bedf7ea7,2026-07-20 06:23:02.394+00,4998.764309840000000000,4998.764309840000000000,0.000000000000000000,5000.000000000000000000,2026-07-20,,aa36c05e-a90e-4bb5-8325-3bd9bedf7ea7,testnet
81977,run-aa36c05e-a90e-4bb5-8325-3bd9bedf7ea7,2026-07-20 06:22:57.393+00,4998.764309840000000000,4998.764309840000000000,0.000000000000000000,5000.000000000000000000,2026-07-20,,aa36c05e-a90e-4bb5-8325-3bd9bedf7ea7,testnet
81976,run-aa36c05e-a90e-4bb5-8325-3bd9bedf7ea7,2026-07-20 06:22:52.392+00,4998.764309840000000000,4998.764309840000000000,0.000000000000000000,5000.000000000000000000,2026-07-20,,aa36c05e-a90e-4bb5-8325-3bd9bedf7ea7,testnet
81975,run-aa36c05e-a90e-4bb5-8325-3bd9bedf7ea7,2026-07-20 06:22:47.392+00,4998.764309840000000000,4998.764309840000000000,0.000000000000000000,5000.000000000000000000,2026-07-20,,aa36c05e-a90e-4bb5-8325-3bd9bedf7ea7,testnet
81974,run-aa36c05e-a90e-4bb5-8325-3bd9bedf7ea7,2026-07-20 06:22:42.392+00,4998.764309840000000000,4998.764309840000000000,0.000000000000000000,5000.000000000000000000,2026-07-20,,aa36c05e-a90e-4bb5-8325-3bd9bedf7ea7,testnet
81973,run-aa36c05e-a90e-4bb5-8325-3bd9bedf7ea7,2026-07-20 06:22:37.374+00,4998.764309840000000000,4998.764309840000000000,0.000000000000000000,5000.000000000000000000,2026-07-20,,aa36c05e-a90e-4bb5-8325-3bd9bedf7ea7,testnet
81972,run-aa36c05e-a90e-4bb5-8325-3bd9bedf7ea7,2026-07-20 06:22:32.374+00,4998.764309840000000000,4998.764309840000000000,0.000000000000000000,5000.000000000000000000,2026-07-20,,aa36c05e-a90e-4bb5-8325-3bd9bedf7ea7,testnet
81971,run-aa36c05e-a90e-4bb5-8325-3bd9bedf7ea7,2026-07-20 06:22:27.374+00,4998.764309840000000000,4998.764309840000000000,0.000000000000000000,5000.000000000000000000,2026-07-20,,aa36c05e-a90e-4bb5-8325-3bd9bedf7ea7,testnet
81970,run-aa36c05e-a90e-4bb5-8325-3bd9bedf7ea7,2026-07-20 06:22:22.372+00,4998.764309840000000000,4998.764309840000000000,0.000000000000000000,5000.000000000000000000,2026-07-20,,aa36c05e-a90e-4bb5-8325-3bd9bedf7ea7,testnet
81969,run-aa36c05e-a90e-4bb5-8325-3bd9bedf7ea7,2026-07-20 06:22:17.371+00,4998.764309840000000000,4998.764309840000000000,0.000000000000000000,5000.000000000000000000,2026-07-20,,aa36c05e-a90e-4bb5-8325-3bd9bedf7ea7,testnet
81968,run-aa36c05e-a90e-4bb5-8325-3bd9bedf7ea7,2026-07-20 06:22:12.371+00,4998.764309840000000000,4998.764309840000000000,0.000000000000000000,5000.000000000000000000,2026-07-20,,aa36c05e-a90e-4bb5-8325-3bd9bedf7ea7,testnet
81967,run-aa36c05e-a90e-4bb5-8325-3bd9bedf7ea7,2026-07-20 06:22:07.371+00,4998.764309840000000000,4998.764309840000000000,0.000000000000000000,5000.000000000000000000,2026-07-20,,aa36c05e-a90e-4bb5-8325-3bd9bedf7ea7,testnet
81966,run-aa36c05e-a90e-4bb5-8325-3bd9bedf7ea7,2026-07-20 06:22:02.37+00,4998.764309840000000000,4998.764309840000000000,0.000000000000000000,5000.000000000000000000,2026-07-20,,aa36c05e-a90e-4bb5-8325-3bd9bedf7ea7,testnet
81965,run-aa36c05e-a90e-4bb5-8325-3bd9bedf7ea7,2026-07-20 06:21:57.36+00,4998.764309840000000000,4998.764309840000000000,0.000000000000000000,5000.000000000000000000,2026-07-20,,aa36c05e-a90e-4bb5-8325-3bd9bedf7ea7,testnet
81964,run-aa36c05e-a90e-4bb5-8325-3bd9bedf7ea7,2026-07-20 06:21:52.359+00,4998.764309840000000000,4998.764309840000000000,0.000000000000000000,5000.000000000000000000,2026-07-20,,aa36c05e-a90e-4bb5-8325-3bd9bedf7ea7,testnet
81963,run-aa36c05e-a90e-4bb5-8325-3bd9bedf7ea7,2026-07-20 06:21:47.357+00,4998.764309840000000000,4998.764309840000000000,0.000000000000000000,5000.000000000000000000,2026-07-20,,aa36c05e-a90e-4bb5-8325-3bd9bedf7ea7,testnet
81962,run-aa36c05e-a90e-4bb5-8325-3bd9bedf7ea7,2026-07-20 06:21:42.357+00,4998.764309840000000000,4998.764309840000000000,0.000000000000000000,5000.000000000000000000,2026-07-20,,aa36c05e-a90e-4bb5-8325-3bd9bedf7ea7,testnet
81961,run-aa36c05e-a90e-4bb5-8325-3bd9bedf7ea7,2026-07-20 06:21:37.356+00,4998.764309840000000000,4998.764309840000000000,0.000000000000000000,5000.000000000000000000,2026-07-20,,aa36c05e-a90e-4bb5-8325-3bd9bedf7ea7,testnet
81960,run-aa36c05e-a90e-4bb5-8325-3bd9bedf7ea7,2026-07-20 06:21:32.354+00,4998.764309840000000000,4998.764309840000000000,0.000000000000000000,5000.000000000000000000,2026-07-20,,aa36c05e-a90e-4bb5-8325-3bd9bedf7ea7,testnet
81959,run-aa36c05e-a90e-4bb5-8325-3bd9bedf7ea7,2026-07-20 06:21:27.354+00,4998.764309840000000000,4998.764309840000000000,0.000000000000000000,5000.000000000000000000,2026-07-20,,aa36c05e-a90e-4bb5-8325-3bd9bedf7ea7,testnet
81958,run-aa36c05e-a90e-4bb5-8325-3bd9bedf7ea7,2026-07-20 06:21:22.354+00,4998.764309840000000000,4998.764309840000000000,0.000000000000000000,5000.000000000000000000,2026-07-20,,aa36c05e-a90e-4bb5-8325-3bd9bedf7ea7,testnet
81957,run-aa36c05e-a90e-4bb5-8325-3bd9bedf7ea7,2026-07-20 06:21:17.352+00,4998.764309840000000000,4998.764309840000000000,0.000000000000000000,5000.000000000000000000,2026-07-20,,aa36c05e-a90e-4bb5-8325-3bd9bedf7ea7,testnet
81956,run-aa36c05e-a90e-4bb5-8325-3bd9bedf7ea7,2026-07-20 06:21:12.349+00,4998.764309840000000000,4998.764309840000000000,0.000000000000000000,5000.000000000000000000,2026-07-20,,aa36c05e-a90e-4bb5-8325-3bd9bedf7ea7,testnet
81955,run-aa36c05e-a90e-4bb5-8325-3bd9bedf7ea7,2026-07-20 06:21:07.346+00,4998.764309840000000000,4998.764309840000000000,0.000000000000000000,5000.000000000000000000,2026-07-20,,aa36c05e-a90e-4bb5-8325-3bd9bedf7ea7,testnet
81954,run-aa36c05e-a90e-4bb5-8325-3bd9bedf7ea7,2026-07-20 06:21:02.345+00,4998.764309840000000000,4998.764309840000000000,0.000000000000000000,5000.000000000000000000,2026-07-20,,aa36c05e-a90e-4bb5-8325-3bd9bedf7ea7,testnet
81953,run-aa36c05e-a90e-4bb5-8325-3bd9bedf7ea7,2026-07-20 06:20:57.343+00,4998.764309840000000000,4998.764309840000000000,0.000000000000000000,5000.000000000000000000,2026-07-20,,aa36c05e-a90e-4bb5-8325-3bd9bedf7ea7,testnet
81952,run-aa36c05e-a90e-4bb5-8325-3bd9bedf7ea7,2026-07-20 06:20:52.344+00,4998.764309840000000000,4998.764309840000000000,0.000000000000000000,5000.000000000000000000,2026-07-20,,aa36c05e-a90e-4bb5-8325-3bd9bedf7ea7,testnet
81951,run-aa36c05e-a90e-4bb5-8325-3bd9bedf7ea7,2026-07-20 06:20:47.34+00,4998.764309840000000000,4998.764309840000000000,0.000000000000000000,5000.000000000000000000,2026-07-20,,aa36c05e-a90e-4bb5-8325-3bd9bedf7ea7,testnet
81950,run-aa36c05e-a90e-4bb5-8325-3bd9bedf7ea7,2026-07-20 06:20:42.338+00,4998.764309840000000000,4998.764309840000000000,0.000000000000000000,5000.000000000000000000,2026-07-20,,aa36c05e-a90e-4bb5-8325-3bd9bedf7ea7,testnet
81949,run-aa36c05e-a90e-4bb5-8325-3bd9bedf7ea7,2026-07-20 06:20:37.336+00,4998.764309840000000000,4998.764309840000000000,0.000000000000000000,5000.000000000000000000,2026-07-20,,aa36c05e-a90e-4bb5-8325-3bd9bedf7ea7,testnet
81948,run-aa36c05e-a90e-4bb5-8325-3bd9bedf7ea7,2026-07-20 06:20:32.334+00,4998.764309840000000000,4998.764309840000000000,0.000000000000000000,5000.000000000000000000,2026-07-20,,aa36c05e-a90e-4bb5-8325-3bd9bedf7ea7,testnet
81947,run-aa36c05e-a90e-4bb5-8325-3bd9bedf7ea7,2026-07-20 06:20:27.333+00,4998.764309840000000000,4998.764309840000000000,0.000000000000000000,5000.000000000000000000,2026-07-20,,aa36c05e-a90e-4bb5-8325-3bd9bedf7ea7,testnet
81946,run-aa36c05e-a90e-4bb5-8325-3bd9bedf7ea7,2026-07-20 06:20:22.332+00,4998.764309840000000000,4998.764309840000000000,0.000000000000000000,5000.000000000000000000,2026-07-20,,aa36c05e-a90e-4bb5-8325-3bd9bedf7ea7,testnet
81945,run-aa36c05e-a90e-4bb5-8325-3bd9bedf7ea7,2026-07-20 06:20:17.332+00,4998.764309840000000000,4998.764309840000000000,0.000000000000000000,5000.000000000000000000,2026-07-20,,aa36c05e-a90e-4bb5-8325-3bd9bedf7ea7,testnet
81944,run-aa36c05e-a90e-4bb5-8325-3bd9bedf7ea7,2026-07-20 06:20:12.331+00,4998.764309840000000000,4998.764309840000000000,0.000000000000000000,5000.000000000000000000,2026-07-20,,aa36c05e-a90e-4bb5-8325-3bd9bedf7ea7,testnet
81943,run-aa36c05e-a90e-4bb5-8325-3bd9bedf7ea7,2026-07-20 06:20:07.33+00,4998.764309840000000000,4998.764309840000000000,0.000000000000000000,5000.000000000000000000,2026-07-20,,aa36c05e-a90e-4bb5-8325-3bd9bedf7ea7,testnet
81942,run-aa36c05e-a90e-4bb5-8325-3bd9bedf7ea7,2026-07-20 06:20:02.328+00,4998.764309840000000000,4998.764309840000000000,0.000000000000000000,5000.000000000000000000,2026-07-20,,aa36c05e-a90e-4bb5-8325-3bd9bedf7ea7,testnet
81941,run-aa36c05e-a90e-4bb5-8325-3bd9bedf7ea7,2026-07-20 06:19:57.326+00,4998.764309840000000000,4998.764309840000000000,0.000000000000000000,5000.000000000000000000,2026-07-20,,aa36c05e-a90e-4bb5-8325-3bd9bedf7ea7,testnet
81940,run-aa36c05e-a90e-4bb5-8325-3bd9bedf7ea7,2026-07-20 06:19:52.324+00,4998.764309840000000000,4998.764309840000000000,0.000000000000000000,5000.000000000000000000,2026-07-20,,aa36c05e-a90e-4bb5-8325-3bd9bedf7ea7,testnet
81939,run-aa36c05e-a90e-4bb5-8325-3bd9bedf7ea7,2026-07-20 06:19:47.323+00,4998.764309840000000000,4998.764309840000000000,0.000000000000000000,5000.000000000000000000,2026-07-20,,aa36c05e-a90e-4bb5-8325-3bd9bedf7ea7,testnet
81938,run-aa36c05e-a90e-4bb5-8325-3bd9bedf7ea7,2026-07-20 06:19:42.32+00,4998.764309840000000000,4998.764309840000000000,0.000000000000000000,5000.000000000000000000,2026-07-20,,aa36c05e-a90e-4bb5-8325-3bd9bedf7ea7,testnet
81937,run-aa36c05e-a90e-4bb5-8325-3bd9bedf7ea7,2026-07-20 06:19:37.319+00,4998.764309840000000000,4998.764309840000000000,0.000000000000000000,5000.000000000000000000,2026-07-20,,aa36c05e-a90e-4bb5-8325-3bd9bedf7ea7,testnet
81936,run-aa36c05e-a90e-4bb5-8325-3bd9bedf7ea7,2026-07-20 06:19:32.319+00,4998.764309840000000000,4998.764309840000000000,0.000000000000000000,5000.000000000000000000,2026-07-20,,aa36c05e-a90e-4bb5-8325-3bd9bedf7ea7,testnet
81935,run-aa36c05e-a90e-4bb5-8325-3bd9bedf7ea7,2026-07-20 06:19:27.308+00,4998.764309840000000000,4998.764309840000000000,0.000000000000000000,5000.000000000000000000,2026-07-20,,aa36c05e-a90e-4bb5-8325-3bd9bedf7ea7,testnet
81934,run-aa36c05e-a90e-4bb5-8325-3bd9bedf7ea7,2026-07-20 06:19:22.308+00,4998.764309840000000000,4998.764309840000000000,0.000000000000000000,5000.000000000000000000,2026-07-20,,aa36c05e-a90e-4bb5-8325-3bd9bedf7ea7,testnet
81933,run-aa36c05e-a90e-4bb5-8325-3bd9bedf7ea7,2026-07-20 06:19:17.307+00,4998.764309840000000000,4998.764309840000000000,0.000000000000000000,5000.000000000000000000,2026-07-20,,aa36c05e-a90e-4bb5-8325-3bd9bedf7ea7,testnet
81932,run-aa36c05e-a90e-4bb5-8325-3bd9bedf7ea7,2026-07-20 06:19:12.306+00,4998.764309840000000000,4998.764309840000000000,0.000000000000000000,5000.000000000000000000,2026-07-20,,aa36c05e-a90e-4bb5-8325-3bd9bedf7ea7,testnet
81931,run-aa36c05e-a90e-4bb5-8325-3bd9bedf7ea7,2026-07-20 06:19:07.307+00,4998.764309840000000000,4998.764309840000000000,0.000000000000000000,5000.000000000000000000,2026-07-20,,aa36c05e-a90e-4bb5-8325-3bd9bedf7ea7,testnet
81930,run-aa36c05e-a90e-4bb5-8325-3bd9bedf7ea7,2026-07-20 06:19:02.306+00,4998.764309840000000000,4998.764309840000000000,0.000000000000000000,5000.000000000000000000,2026-07-20,,aa36c05e-a90e-4bb5-8325-3bd9bedf7ea7,testnet
81929,run-aa36c05e-a90e-4bb5-8325-3bd9bedf7ea7,2026-07-20 06:18:57.306+00,4998.764309840000000000,4998.764309840000000000,0.000000000000000000,5000.000000000000000000,2026-07-20,,aa36c05e-a90e-4bb5-8325-3bd9bedf7ea7,testnet
81928,run-aa36c05e-a90e-4bb5-8325-3bd9bedf7ea7,2026-07-20 06:18:52.305+00,4998.764309840000000000,4998.764309840000000000,0.000000000000000000,5000.000000000000000000,2026-07-20,,aa36c05e-a90e-4bb5-8325-3bd9bedf7ea7,testnet
81927,run-aa36c05e-a90e-4bb5-8325-3bd9bedf7ea7,2026-07-20 06:18:47.305+00,4998.764309840000000000,4998.764309840000000000,0.000000000000000000,5000.000000000000000000,2026-07-20,,aa36c05e-a90e-4bb5-8325-3bd9bedf7ea7,testnet
81926,run-aa36c05e-a90e-4bb5-8325-3bd9bedf7ea7,2026-07-20 06:18:42.304+00,4998.764309840000000000,4998.764309840000000000,0.000000000000000000,5000.000000000000000000,2026-07-20,,aa36c05e-a90e-4bb5-8325-3bd9bedf7ea7,testnet
81925,run-aa36c05e-a90e-4bb5-8325-3bd9bedf7ea7,2026-07-20 06:18:37.303+00,4998.764309840000000000,4998.764309840000000000,0.000000000000000000,5000.000000000000000000,2026-07-20,,aa36c05e-a90e-4bb5-8325-3bd9bedf7ea7,testnet
81924,run-aa36c05e-a90e-4bb5-8325-3bd9bedf7ea7,2026-07-20 06:18:32.303+00,4998.764309840000000000,4998.764309840000000000,0.000000000000000000,5000.000000000000000000,2026-07-20,,aa36c05e-a90e-4bb5-8325-3bd9bedf7ea7,testnet
81923,run-aa36c05e-a90e-4bb5-8325-3bd9bedf7ea7,2026-07-20 06:18:27.302+00,4998.764309840000000000,4998.764309840000000000,0.000000000000000000,5000.000000000000000000,2026-07-20,,aa36c05e-a90e-4bb5-8325-3bd9bedf7ea7,testnet
81922,run-aa36c05e-a90e-4bb5-8325-3bd9bedf7ea7,2026-07-20 06:18:22.3+00,4998.764309840000000000,4998.764309840000000000,0.000000000000000000,5000.000000000000000000,2026-07-20,,aa36c05e-a90e-4bb5-8325-3bd9bedf7ea7,testnet
81921,run-aa36c05e-a90e-4bb5-8325-3bd9bedf7ea7,2026-07-20 06:18:17.297+00,4998.764309840000000000,4998.764309840000000000,0.000000000000000000,5000.000000000000000000,2026-07-20,,aa36c05e-a90e-4bb5-8325-3bd9bedf7ea7,testnet
81920,run-aa36c05e-a90e-4bb5-8325-3bd9bedf7ea7,2026-07-20 06:18:12.297+00,4998.764309840000000000,4998.764309840000000000,0.000000000000000000,5000.000000000000000000,2026-07-20,,aa36c05e-a90e-4bb5-8325-3bd9bedf7ea7,testnet
81919,run-aa36c05e-a90e-4bb5-8325-3bd9bedf7ea7,2026-07-20 06:18:07.296+00,4998.764309840000000000,4998.764309840000000000,0.000000000000000000,5000.000000000000000000,2026-07-20,,aa36c05e-a90e-4bb5-8325-3bd9bedf7ea7,testnet
81918,run-aa36c05e-a90e-4bb5-8325-3bd9bedf7ea7,2026-07-20 06:18:02.295+00,4998.764309840000000000,4998.764309840000000000,0.000000000000000000,5000.000000000000000000,2026-07-20,,aa36c05e-a90e-4bb5-8325-3bd9bedf7ea7,testnet
81917,run-aa36c05e-a90e-4bb5-8325-3bd9bedf7ea7,2026-07-20 06:17:57.296+00,4998.764309840000000000,4998.764309840000000000,0.000000000000000000,5000.000000000000000000,2026-07-20,,aa36c05e-a90e-4bb5-8325-3bd9bedf7ea7,testnet
81916,run-aa36c05e-a90e-4bb5-8325-3bd9bedf7ea7,2026-07-20 06:17:52.292+00,4998.764309840000000000,4998.764309840000000000,0.000000000000000000,5000.000000000000000000,2026-07-20,,aa36c05e-a90e-4bb5-8325-3bd9bedf7ea7,testnet
81915,run-aa36c05e-a90e-4bb5-8325-3bd9bedf7ea7,2026-07-20 06:17:47.292+00,4998.764309840000000000,4998.764309840000000000,0.000000000000000000,5000.000000000000000000,2026-07-20,,aa36c05e-a90e-4bb5-8325-3bd9bedf7ea7,testnet
81914,run-aa36c05e-a90e-4bb5-8325-3bd9bedf7ea7,2026-07-20 06:17:42.289+00,4998.764309840000000000,4998.764309840000000000,0.000000000000000000,5000.000000000000000000,2026-07-20,,aa36c05e-a90e-4bb5-8325-3bd9bedf7ea7,testnet
81913,run-aa36c05e-a90e-4bb5-8325-3bd9bedf7ea7,2026-07-20 06:17:37.287+00,4998.764309840000000000,4998.764309840000000000,0.000000000000000000,5000.000000000000000000,2026-07-20,,aa36c05e-a90e-4bb5-8325-3bd9bedf7ea7,testnet
81912,run-aa36c05e-a90e-4bb5-8325-3bd9bedf7ea7,2026-07-20 06:17:32.288+00,4998.764309840000000000,4998.764309840000000000,0.000000000000000000,5000.000000000000000000,2026-07-20,,aa36c05e-a90e-4bb5-8325-3bd9bedf7ea7,testnet
81911,run-aa36c05e-a90e-4bb5-8325-3bd9bedf7ea7,2026-07-20 06:17:27.285+00,4998.764309840000000000,4998.764309840000000000,0.000000000000000000,5000.000000000000000000,2026-07-20,,aa36c05e-a90e-4bb5-8325-3bd9bedf7ea7,testnet
81910,run-aa36c05e-a90e-4bb5-8325-3bd9bedf7ea7,2026-07-20 06:17:22.285+00,4998.764309840000000000,4998.764309840000000000,0.000000000000000000,5000.000000000000000000,2026-07-20,,aa36c05e-a90e-4bb5-8325-3bd9bedf7ea7,testnet
81909,run-aa36c05e-a90e-4bb5-8325-3bd9bedf7ea7,2026-07-20 06:17:17.284+00,4998.764309840000000000,4998.764309840000000000,0.000000000000000000,5000.000000000000000000,2026-07-20,,aa36c05e-a90e-4bb5-8325-3bd9bedf7ea7,testnet
81908,run-aa36c05e-a90e-4bb5-8325-3bd9bedf7ea7,2026-07-20 06:17:12.284+00,4998.764309840000000000,4998.764309840000000000,0.000000000000000000,5000.000000000000000000,2026-07-20,,aa36c05e-a90e-4bb5-8325-3bd9bedf7ea7,testnet
81907,run-aa36c05e-a90e-4bb5-8325-3bd9bedf7ea7,2026-07-20 06:17:07.281+00,4998.764309840000000000,4998.764309840000000000,0.000000000000000000,5000.000000000000000000,2026-07-20,,aa36c05e-a90e-4bb5-8325-3bd9bedf7ea7,testnet
81906,run-aa36c05e-a90e-4bb5-8325-3bd9bedf7ea7,2026-07-20 06:17:02.28+00,4998.764309840000000000,4998.764309840000000000,0.000000000000000000,5000.000000000000000000,2026-07-20,,aa36c05e-a90e-4bb5-8325-3bd9bedf7ea7,testnet
81905,run-aa36c05e-a90e-4bb5-8325-3bd9bedf7ea7,2026-07-20 06:16:57.279+00,4998.764309840000000000,4998.764309840000000000,0.000000000000000000,5000.000000000000000000,2026-07-20,,aa36c05e-a90e-4bb5-8325-3bd9bedf7ea7,testnet
81904,run-aa36c05e-a90e-4bb5-8325-3bd9bedf7ea7,2026-07-20 06:16:52.279+00,4998.764309840000000000,4998.764309840000000000,0.000000000000000000,5000.000000000000000000,2026-07-20,,aa36c05e-a90e-4bb5-8325-3bd9bedf7ea7,testnet
81903,run-aa36c05e-a90e-4bb5-8325-3bd9bedf7ea7,2026-07-20 06:16:47.28+00,4998.764309840000000000,4998.764309840000000000,0.000000000000000000,5000.000000000000000000,2026-07-20,,aa36c05e-a90e-4bb5-8325-3bd9bedf7ea7,testnet
81902,run-aa36c05e-a90e-4bb5-8325-3bd9bedf7ea7,2026-07-20 06:16:42.28+00,4998.764309840000000000,4998.764309840000000000,0.000000000000000000,5000.000000000000000000,2026-07-20,,aa36c05e-a90e-4bb5-8325-3bd9bedf7ea7,testnet
81901,run-aa36c05e-a90e-4bb5-8325-3bd9bedf7ea7,2026-07-20 06:16:37.278+00,4998.764309840000000000,4998.764309840000000000,0.000000000000000000,5000.000000000000000000,2026-07-20,,aa36c05e-a90e-4bb5-8325-3bd9bedf7ea7,testnet
81900,run-aa36c05e-a90e-4bb5-8325-3bd9bedf7ea7,2026-07-20 06:16:32.267+00,4998.764309840000000000,4998.764309840000000000,0.000000000000000000,5000.000000000000000000,2026-07-20,,aa36c05e-a90e-4bb5-8325-3bd9bedf7ea7,testnet
81899,run-aa36c05e-a90e-4bb5-8325-3bd9bedf7ea7,2026-07-20 06:16:27.266+00,4998.764309840000000000,4998.764309840000000000,0.000000000000000000,5000.000000000000000000,2026-07-20,,aa36c05e-a90e-4bb5-8325-3bd9bedf7ea7,testnet
81898,run-aa36c05e-a90e-4bb5-8325-3bd9bedf7ea7,2026-07-20 06:16:22.264+00,4998.764309840000000000,4998.764309840000000000,0.000000000000000000,5000.000000000000000000,2026-07-20,,aa36c05e-a90e-4bb5-8325-3bd9bedf7ea7,testnet
81897,run-aa36c05e-a90e-4bb5-8325-3bd9bedf7ea7,2026-07-20 06:16:17.263+00,4998.764309840000000000,4998.764309840000000000,0.000000000000000000,5000.000000000000000000,2026-07-20,,aa36c05e-a90e-4bb5-8325-3bd9bedf7ea7,testnet
81896,run-aa36c05e-a90e-4bb5-8325-3bd9bedf7ea7,2026-07-20 06:16:12.261+00,4998.764309840000000000,4998.764309840000000000,0.000000000000000000,5000.000000000000000000,2026-07-20,,aa36c05e-a90e-4bb5-8325-3bd9bedf7ea7,testnet
81895,run-aa36c05e-a90e-4bb5-8325-3bd9bedf7ea7,2026-07-20 06:16:07.262+00,4998.764309840000000000,4998.764309840000000000,0.000000000000000000,5000.000000000000000000,2026-07-20,,aa36c05e-a90e-4bb5-8325-3bd9bedf7ea7,testnet
81894,run-aa36c05e-a90e-4bb5-8325-3bd9bedf7ea7,2026-07-20 06:16:02.258+00,4998.764309840000000000,4998.764309840000000000,0.000000000000000000,5000.000000000000000000,2026-07-20,,aa36c05e-a90e-4bb5-8325-3bd9bedf7ea7,testnet
81893,run-aa36c05e-a90e-4bb5-8325-3bd9bedf7ea7,2026-07-20 06:15:57.253+00,4998.764309840000000000,4998.764309840000000000,0.000000000000000000,5000.000000000000000000,2026-07-20,,aa36c05e-a90e-4bb5-8325-3bd9bedf7ea7,testnet
81892,run-aa36c05e-a90e-4bb5-8325-3bd9bedf7ea7,2026-07-20 06:15:52.253+00,4998.764309840000000000,4998.764309840000000000,0.000000000000000000,5000.000000000000000000,2026-07-20,,aa36c05e-a90e-4bb5-8325-3bd9bedf7ea7,testnet
81891,run-aa36c05e-a90e-4bb5-8325-3bd9bedf7ea7,2026-07-20 06:15:47.251+00,4998.764309840000000000,4998.764309840000000000,0.000000000000000000,5000.000000000000000000,2026-07-20,,aa36c05e-a90e-4bb5-8325-3bd9bedf7ea7,testnet
81890,run-aa36c05e-a90e-4bb5-8325-3bd9bedf7ea7,2026-07-20 06:15:42.248+00,4998.764309840000000000,4998.764309840000000000,0.000000000000000000,5000.000000000000000000,2026-07-20,,aa36c05e-a90e-4bb5-8325-3bd9bedf7ea7,testnet
81889,run-aa36c05e-a90e-4bb5-8325-3bd9bedf7ea7,2026-07-20 06:15:37.245+00,4998.764309840000000000,4998.764309840000000000,0.000000000000000000,5000.000000000000000000,2026-07-20,,aa36c05e-a90e-4bb5-8325-3bd9bedf7ea7,testnet
81888,run-aa36c05e-a90e-4bb5-8325-3bd9bedf7ea7,2026-07-20 06:15:32.245+00,4998.764309840000000000,4998.764309840000000000,0.000000000000000000,5000.000000000000000000,2026-07-20,,aa36c05e-a90e-4bb5-8325-3bd9bedf7ea7,testnet
81887,run-aa36c05e-a90e-4bb5-8325-3bd9bedf7ea7,2026-07-20 06:15:27.243+00,4998.764309840000000000,4998.764309840000000000,0.000000000000000000,5000.000000000000000000,2026-07-20,,aa36c05e-a90e-4bb5-8325-3bd9bedf7ea7,testnet
81886,run-aa36c05e-a90e-4bb5-8325-3bd9bedf7ea7,2026-07-20 06:15:22.239+00,4998.764309840000000000,4998.764309840000000000,0.000000000000000000,5000.000000000000000000,2026-07-20,,aa36c05e-a90e-4bb5-8325-3bd9bedf7ea7,testnet
81885,run-aa36c05e-a90e-4bb5-8325-3bd9bedf7ea7,2026-07-20 06:15:17.238+00,4998.764309840000000000,4998.764309840000000000,0.000000000000000000,5000.000000000000000000,2026-07-20,,aa36c05e-a90e-4bb5-8325-3bd9bedf7ea7,testnet
81884,run-aa36c05e-a90e-4bb5-8325-3bd9bedf7ea7,2026-07-20 06:15:12.235+00,4998.764309840000000000,4998.764309840000000000,0.000000000000000000,5000.000000000000000000,2026-07-20,,aa36c05e-a90e-4bb5-8325-3bd9bedf7ea7,testnet
81883,run-aa36c05e-a90e-4bb5-8325-3bd9bedf7ea7,2026-07-20 06:15:07.234+00,4998.764309840000000000,4998.764309840000000000,0.000000000000000000,5000.000000000000000000,2026-07-20,,aa36c05e-a90e-4bb5-8325-3bd9bedf7ea7,testnet
81882,run-aa36c05e-a90e-4bb5-8325-3bd9bedf7ea7,2026-07-20 06:15:02.234+00,4998.764309840000000000,4998.764309840000000000,0.000000000000000000,5000.000000000000000000,2026-07-20,,aa36c05e-a90e-4bb5-8325-3bd9bedf7ea7,testnet
81881,run-aa36c05e-a90e-4bb5-8325-3bd9bedf7ea7,2026-07-20 06:14:57.233+00,4998.764309840000000000,4998.764309840000000000,0.000000000000000000,5000.000000000000000000,2026-07-20,,aa36c05e-a90e-4bb5-8325-3bd9bedf7ea7,testnet
81880,run-aa36c05e-a90e-4bb5-8325-3bd9bedf7ea7,2026-07-20 06:14:52.232+00,4998.764309840000000000,4998.764309840000000000,0.000000000000000000,5000.000000000000000000,2026-07-20,,aa36c05e-a90e-4bb5-8325-3bd9bedf7ea7,testnet
81879,run-aa36c05e-a90e-4bb5-8325-3bd9bedf7ea7,2026-07-20 06:14:47.23+00,4998.764309840000000000,4998.764309840000000000,0.000000000000000000,5000.000000000000000000,2026-07-20,,aa36c05e-a90e-4bb5-8325-3bd9bedf7ea7,testnet
81878,run-aa36c05e-a90e-4bb5-8325-3bd9bedf7ea7,2026-07-20 06:14:42.229+00,4998.764309840000000000,4998.764309840000000000,0.000000000000000000,5000.000000000000000000,2026-07-20,,aa36c05e-a90e-4bb5-8325-3bd9bedf7ea7,testnet
81877,run-aa36c05e-a90e-4bb5-8325-3bd9bedf7ea7,2026-07-20 06:14:37.225+00,4998.764309840000000000,4998.764309840000000000,0.000000000000000000,5000.000000000000000000,2026-07-20,,aa36c05e-a90e-4bb5-8325-3bd9bedf7ea7,testnet
81876,run-aa36c05e-a90e-4bb5-8325-3bd9bedf7ea7,2026-07-20 06:14:32.225+00,4998.764309840000000000,4998.764309840000000000,0.000000000000000000,5000.000000000000000000,2026-07-20,,aa36c05e-a90e-4bb5-8325-3bd9bedf7ea7,testnet
81875,run-aa36c05e-a90e-4bb5-8325-3bd9bedf7ea7,2026-07-20 06:14:27.223+00,4998.764309840000000000,4998.764309840000000000,0.000000000000000000,5000.000000000000000000,2026-07-20,,aa36c05e-a90e-4bb5-8325-3bd9bedf7ea7,testnet
81874,run-aa36c05e-a90e-4bb5-8325-3bd9bedf7ea7,2026-07-20 06:14:22.222+00,4998.764309840000000000,4998.764309840000000000,0.000000000000000000,5000.000000000000000000,2026-07-20,,aa36c05e-a90e-4bb5-8325-3bd9bedf7ea7,testnet
81873,run-aa36c05e-a90e-4bb5-8325-3bd9bedf7ea7,2026-07-20 06:14:17.213+00,4998.764309840000000000,4998.764309840000000000,0.000000000000000000,5000.000000000000000000,2026-07-20,,aa36c05e-a90e-4bb5-8325-3bd9bedf7ea7,testnet
81872,run-aa36c05e-a90e-4bb5-8325-3bd9bedf7ea7,2026-07-20 06:14:12.211+00,4998.764309840000000000,4998.764309840000000000,0.000000000000000000,5000.000000000000000000,2026-07-20,,aa36c05e-a90e-4bb5-8325-3bd9bedf7ea7,testnet
81871,run-aa36c05e-a90e-4bb5-8325-3bd9bedf7ea7,2026-07-20 06:14:07.209+00,4998.764309840000000000,4998.764309840000000000,0.000000000000000000,5000.000000000000000000,2026-07-20,,aa36c05e-a90e-4bb5-8325-3bd9bedf7ea7,testnet
81870,run-aa36c05e-a90e-4bb5-8325-3bd9bedf7ea7,2026-07-20 06:14:02.208+00,4998.764309840000000000,4998.764309840000000000,0.000000000000000000,5000.000000000000000000,2026-07-20,,aa36c05e-a90e-4bb5-8325-3bd9bedf7ea7,testnet
81869,run-aa36c05e-a90e-4bb5-8325-3bd9bedf7ea7,2026-07-20 06:13:57.208+00,4998.764309840000000000,4998.764309840000000000,0.000000000000000000,5000.000000000000000000,2026-07-20,,aa36c05e-a90e-4bb5-8325-3bd9bedf7ea7,testnet
81868,run-aa36c05e-a90e-4bb5-8325-3bd9bedf7ea7,2026-07-20 06:13:52.203+00,4998.764309840000000000,4998.764309840000000000,0.000000000000000000,5000.000000000000000000,2026-07-20,,aa36c05e-a90e-4bb5-8325-3bd9bedf7ea7,testnet
81867,run-aa36c05e-a90e-4bb5-8325-3bd9bedf7ea7,2026-07-20 06:13:47.201+00,4998.764309840000000000,4998.764309840000000000,0.000000000000000000,5000.000000000000000000,2026-07-20,,aa36c05e-a90e-4bb5-8325-3bd9bedf7ea7,testnet
81866,run-aa36c05e-a90e-4bb5-8325-3bd9bedf7ea7,2026-07-20 06:13:42.199+00,4998.764309840000000000,4998.764309840000000000,0.000000000000000000,5000.000000000000000000,2026-07-20,,aa36c05e-a90e-4bb5-8325-3bd9bedf7ea7,testnet
81865,run-aa36c05e-a90e-4bb5-8325-3bd9bedf7ea7,2026-07-20 06:13:37.197+00,4998.764309840000000000,4998.764309840000000000,0.000000000000000000,5000.000000000000000000,2026-07-20,,aa36c05e-a90e-4bb5-8325-3bd9bedf7ea7,testnet
81864,run-aa36c05e-a90e-4bb5-8325-3bd9bedf7ea7,2026-07-20 06:13:32.196+00,4998.764309840000000000,4998.764309840000000000,0.000000000000000000,5000.000000000000000000,2026-07-20,,aa36c05e-a90e-4bb5-8325-3bd9bedf7ea7,testnet
81863,run-aa36c05e-a90e-4bb5-8325-3bd9bedf7ea7,2026-07-20 06:13:27.194+00,4998.764309840000000000,4998.764309840000000000,0.000000000000000000,5000.000000000000000000,2026-07-20,,aa36c05e-a90e-4bb5-8325-3bd9bedf7ea7,testnet
81862,run-aa36c05e-a90e-4bb5-8325-3bd9bedf7ea7,2026-07-20 06:13:22.193+00,4998.764309840000000000,4998.764309840000000000,0.000000000000000000,5000.000000000000000000,2026-07-20,,aa36c05e-a90e-4bb5-8325-3bd9bedf7ea7,testnet
81861,run-aa36c05e-a90e-4bb5-8325-3bd9bedf7ea7,2026-07-20 06:13:17.192+00,4998.764309840000000000,4998.764309840000000000,0.000000000000000000,5000.000000000000000000,2026-07-20,,aa36c05e-a90e-4bb5-8325-3bd9bedf7ea7,testnet
81860,run-aa36c05e-a90e-4bb5-8325-3bd9bedf7ea7,2026-07-20 06:13:12.192+00,4998.764309840000000000,4998.764309840000000000,0.000000000000000000,5000.000000000000000000,2026-07-20,,aa36c05e-a90e-4bb5-8325-3bd9bedf7ea7,testnet
81859,run-aa36c05e-a90e-4bb5-8325-3bd9bedf7ea7,2026-07-20 06:13:07.189+00,4998.764309840000000000,4998.764309840000000000,0.000000000000000000,5000.000000000000000000,2026-07-20,,aa36c05e-a90e-4bb5-8325-3bd9bedf7ea7,testnet
81858,run-aa36c05e-a90e-4bb5-8325-3bd9bedf7ea7,2026-07-20 06:13:02.188+00,4998.764309840000000000,4998.764309840000000000,0.000000000000000000,5000.000000000000000000,2026-07-20,,aa36c05e-a90e-4bb5-8325-3bd9bedf7ea7,testnet
81857,run-aa36c05e-a90e-4bb5-8325-3bd9bedf7ea7,2026-07-20 06:12:57.188+00,4998.764309840000000000,4998.764309840000000000,0.000000000000000000,5000.000000000000000000,2026-07-20,,aa36c05e-a90e-4bb5-8325-3bd9bedf7ea7,testnet
81856,run-aa36c05e-a90e-4bb5-8325-3bd9bedf7ea7,2026-07-20 06:12:52.188+00,4998.764309840000000000,4998.764309840000000000,0.000000000000000000,5000.000000000000000000,2026-07-20,,aa36c05e-a90e-4bb5-8325-3bd9bedf7ea7,testnet
81855,run-aa36c05e-a90e-4bb5-8325-3bd9bedf7ea7,2026-07-20 06:12:47.185+00,4998.764309840000000000,4998.764309840000000000,0.000000000000000000,5000.000000000000000000,2026-07-20,,aa36c05e-a90e-4bb5-8325-3bd9bedf7ea7,testnet
81854,run-aa36c05e-a90e-4bb5-8325-3bd9bedf7ea7,2026-07-20 06:12:42.184+00,4998.764309840000000000,4998.764309840000000000,0.000000000000000000,5000.000000000000000000,2026-07-20,,aa36c05e-a90e-4bb5-8325-3bd9bedf7ea7,testnet
81853,run-aa36c05e-a90e-4bb5-8325-3bd9bedf7ea7,2026-07-20 06:12:37.182+00,4998.764309840000000000,4998.764309840000000000,0.000000000000000000,5000.000000000000000000,2026-07-20,,aa36c05e-a90e-4bb5-8325-3bd9bedf7ea7,testnet
81852,run-aa36c05e-a90e-4bb5-8325-3bd9bedf7ea7,2026-07-20 06:12:32.182+00,4998.764309840000000000,4998.764309840000000000,0.000000000000000000,5000.000000000000000000,2026-07-20,,aa36c05e-a90e-4bb5-8325-3bd9bedf7ea7,testnet
81851,run-aa36c05e-a90e-4bb5-8325-3bd9bedf7ea7,2026-07-20 06:12:27.181+00,4998.764309840000000000,4998.764309840000000000,0.000000000000000000,5000.000000000000000000,2026-07-20,,aa36c05e-a90e-4bb5-8325-3bd9bedf7ea7,testnet
81850,run-aa36c05e-a90e-4bb5-8325-3bd9bedf7ea7,2026-07-20 06:12:22.181+00,4998.764309840000000000,4998.764309840000000000,0.000000000000000000,5000.000000000000000000,2026-07-20,,aa36c05e-a90e-4bb5-8325-3bd9bedf7ea7,testnet
81849,run-aa36c05e-a90e-4bb5-8325-3bd9bedf7ea7,2026-07-20 06:12:17.181+00,4998.764309840000000000,4998.764309840000000000,0.000000000000000000,5000.000000000000000000,2026-07-20,,aa36c05e-a90e-4bb5-8325-3bd9bedf7ea7,testnet
81848,run-aa36c05e-a90e-4bb5-8325-3bd9bedf7ea7,2026-07-20 06:12:12.179+00,4998.764309840000000000,4998.764309840000000000,0.000000000000000000,5000.000000000000000000,2026-07-20,,aa36c05e-a90e-4bb5-8325-3bd9bedf7ea7,testnet
81847,run-aa36c05e-a90e-4bb5-8325-3bd9bedf7ea7,2026-07-20 06:12:07.179+00,4998.764309840000000000,4998.764309840000000000,0.000000000000000000,5000.000000000000000000,2026-07-20,,aa36c05e-a90e-4bb5-8325-3bd9bedf7ea7,testnet
81846,run-aa36c05e-a90e-4bb5-8325-3bd9bedf7ea7,2026-07-20 06:12:02.178+00,4998.764309840000000000,4998.764309840000000000,0.000000000000000000,5000.000000000000000000,2026-07-20,,aa36c05e-a90e-4bb5-8325-3bd9bedf7ea7,testnet
81845,run-aa36c05e-a90e-4bb5-8325-3bd9bedf7ea7,2026-07-20 06:11:57.177+00,4998.764309840000000000,4998.764309840000000000,0.000000000000000000,5000.000000000000000000,2026-07-20,,aa36c05e-a90e-4bb5-8325-3bd9bedf7ea7,testnet
81844,run-aa36c05e-a90e-4bb5-8325-3bd9bedf7ea7,2026-07-20 06:11:52.174+00,4998.764309840000000000,4998.764309840000000000,0.000000000000000000,5000.000000000000000000,2026-07-20,,aa36c05e-a90e-4bb5-8325-3bd9bedf7ea7,testnet
81843,run-aa36c05e-a90e-4bb5-8325-3bd9bedf7ea7,2026-07-20 06:11:47.161+00,4998.764309840000000000,4998.764309840000000000,0.000000000000000000,5000.000000000000000000,2026-07-20,,aa36c05e-a90e-4bb5-8325-3bd9bedf7ea7,testnet
81842,run-aa36c05e-a90e-4bb5-8325-3bd9bedf7ea7,2026-07-20 06:11:42.16+00,4998.764309840000000000,4998.764309840000000000,0.000000000000000000,5000.000000000000000000,2026-07-20,,aa36c05e-a90e-4bb5-8325-3bd9bedf7ea7,testnet
81841,run-aa36c05e-a90e-4bb5-8325-3bd9bedf7ea7,2026-07-20 06:11:37.159+00,4998.764309840000000000,4998.764309840000000000,0.000000000000000000,5000.000000000000000000,2026-07-20,,aa36c05e-a90e-4bb5-8325-3bd9bedf7ea7,testnet
81840,run-aa36c05e-a90e-4bb5-8325-3bd9bedf7ea7,2026-07-20 06:11:32.158+00,4998.764309840000000000,4998.764309840000000000,0.000000000000000000,5000.000000000000000000,2026-07-20,,aa36c05e-a90e-4bb5-8325-3bd9bedf7ea7,testnet
81839,run-aa36c05e-a90e-4bb5-8325-3bd9bedf7ea7,2026-07-20 06:11:27.158+00,4998.764309840000000000,4998.764309840000000000,0.000000000000000000,5000.000000000000000000,2026-07-20,,aa36c05e-a90e-4bb5-8325-3bd9bedf7ea7,testnet
81838,run-aa36c05e-a90e-4bb5-8325-3bd9bedf7ea7,2026-07-20 06:11:22.154+00,4998.764309840000000000,4998.764309840000000000,0.000000000000000000,5000.000000000000000000,2026-07-20,,aa36c05e-a90e-4bb5-8325-3bd9bedf7ea7,testnet
81837,run-aa36c05e-a90e-4bb5-8325-3bd9bedf7ea7,2026-07-20 06:11:17.153+00,4998.764309840000000000,4998.764309840000000000,0.000000000000000000,5000.000000000000000000,2026-07-20,,aa36c05e-a90e-4bb5-8325-3bd9bedf7ea7,testnet
81836,run-aa36c05e-a90e-4bb5-8325-3bd9bedf7ea7,2026-07-20 06:11:12.152+00,4998.764309840000000000,4998.764309840000000000,0.000000000000000000,5000.000000000000000000,2026-07-20,,aa36c05e-a90e-4bb5-8325-3bd9bedf7ea7,testnet
81835,run-aa36c05e-a90e-4bb5-8325-3bd9bedf7ea7,2026-07-20 06:11:07.149+00,4998.764309840000000000,4998.764309840000000000,0.000000000000000000,5000.000000000000000000,2026-07-20,,aa36c05e-a90e-4bb5-8325-3bd9bedf7ea7,testnet
81834,run-aa36c05e-a90e-4bb5-8325-3bd9bedf7ea7,2026-07-20 06:11:02.147+00,4998.764309840000000000,4998.764309840000000000,0.000000000000000000,5000.000000000000000000,2026-07-20,,aa36c05e-a90e-4bb5-8325-3bd9bedf7ea7,testnet
81833,run-aa36c05e-a90e-4bb5-8325-3bd9bedf7ea7,2026-07-20 06:10:57.147+00,4998.764309840000000000,4998.764309840000000000,0.000000000000000000,5000.000000000000000000,2026-07-20,,aa36c05e-a90e-4bb5-8325-3bd9bedf7ea7,testnet
81832,run-aa36c05e-a90e-4bb5-8325-3bd9bedf7ea7,2026-07-20 06:10:52.146+00,4998.764309840000000000,4998.764309840000000000,0.000000000000000000,5000.000000000000000000,2026-07-20,,aa36c05e-a90e-4bb5-8325-3bd9bedf7ea7,testnet
81831,run-aa36c05e-a90e-4bb5-8325-3bd9bedf7ea7,2026-07-20 06:10:47.144+00,4998.764309840000000000,4998.764309840000000000,0.000000000000000000,5000.000000000000000000,2026-07-20,,aa36c05e-a90e-4bb5-8325-3bd9bedf7ea7,testnet
81830,run-aa36c05e-a90e-4bb5-8325-3bd9bedf7ea7,2026-07-20 06:10:42.144+00,4998.764309840000000000,4998.764309840000000000,0.000000000000000000,5000.000000000000000000,2026-07-20,,aa36c05e-a90e-4bb5-8325-3bd9bedf7ea7,testnet
81829,run-aa36c05e-a90e-4bb5-8325-3bd9bedf7ea7,2026-07-20 06:10:37.144+00,4998.764309840000000000,4998.764309840000000000,0.000000000000000000,5000.000000000000000000,2026-07-20,,aa36c05e-a90e-4bb5-8325-3bd9bedf7ea7,testnet
81828,run-aa36c05e-a90e-4bb5-8325-3bd9bedf7ea7,2026-07-20 06:10:32.144+00,4998.764309840000000000,4998.764309840000000000,0.000000000000000000,5000.000000000000000000,2026-07-20,,aa36c05e-a90e-4bb5-8325-3bd9bedf7ea7,testnet
81827,run-aa36c05e-a90e-4bb5-8325-3bd9bedf7ea7,2026-07-20 06:10:27.144+00,4998.764309840000000000,4998.764309840000000000,0.000000000000000000,5000.000000000000000000,2026-07-20,,aa36c05e-a90e-4bb5-8325-3bd9bedf7ea7,testnet
81826,run-aa36c05e-a90e-4bb5-8325-3bd9bedf7ea7,2026-07-20 06:10:22.141+00,4998.764309840000000000,4998.764309840000000000,0.000000000000000000,5000.000000000000000000,2026-07-20,,aa36c05e-a90e-4bb5-8325-3bd9bedf7ea7,testnet
81825,run-aa36c05e-a90e-4bb5-8325-3bd9bedf7ea7,2026-07-20 06:10:17.141+00,4998.764309840000000000,4998.764309840000000000,0.000000000000000000,5000.000000000000000000,2026-07-20,,aa36c05e-a90e-4bb5-8325-3bd9bedf7ea7,testnet
81824,run-aa36c05e-a90e-4bb5-8325-3bd9bedf7ea7,2026-07-20 06:10:12.137+00,4998.764309840000000000,4998.764309840000000000,0.000000000000000000,5000.000000000000000000,2026-07-20,,aa36c05e-a90e-4bb5-8325-3bd9bedf7ea7,testnet
81823,run-aa36c05e-a90e-4bb5-8325-3bd9bedf7ea7,2026-07-20 06:10:07.136+00,4998.764309840000000000,4998.764309840000000000,0.000000000000000000,5000.000000000000000000,2026-07-20,,aa36c05e-a90e-4bb5-8325-3bd9bedf7ea7,testnet
81822,run-aa36c05e-a90e-4bb5-8325-3bd9bedf7ea7,2026-07-20 06:10:02.133+00,4998.764309840000000000,4998.764309840000000000,0.000000000000000000,5000.000000000000000000,2026-07-20,,aa36c05e-a90e-4bb5-8325-3bd9bedf7ea7,testnet
81821,run-aa36c05e-a90e-4bb5-8325-3bd9bedf7ea7,2026-07-20 06:09:57.132+00,4998.764309840000000000,4998.764309840000000000,0.000000000000000000,5000.000000000000000000,2026-07-20,,aa36c05e-a90e-4bb5-8325-3bd9bedf7ea7,testnet
81820,run-aa36c05e-a90e-4bb5-8325-3bd9bedf7ea7,2026-07-20 06:09:52.129+00,4998.764309840000000000,4998.764309840000000000,0.000000000000000000,5000.000000000000000000,2026-07-20,,aa36c05e-a90e-4bb5-8325-3bd9bedf7ea7,testnet
81819,run-aa36c05e-a90e-4bb5-8325-3bd9bedf7ea7,2026-07-20 06:09:47.13+00,4998.764309840000000000,4998.764309840000000000,0.000000000000000000,5000.000000000000000000,2026-07-20,,aa36c05e-a90e-4bb5-8325-3bd9bedf7ea7,testnet
81818,run-aa36c05e-a90e-4bb5-8325-3bd9bedf7ea7,2026-07-20 06:09:42.125+00,4998.764309840000000000,4998.764309840000000000,0.000000000000000000,5000.000000000000000000,2026-07-20,,aa36c05e-a90e-4bb5-8325-3bd9bedf7ea7,testnet
81817,run-aa36c05e-a90e-4bb5-8325-3bd9bedf7ea7,2026-07-20 06:09:37.124+00,4998.764309840000000000,4998.764309840000000000,0.000000000000000000,5000.000000000000000000,2026-07-20,,aa36c05e-a90e-4bb5-8325-3bd9bedf7ea7,testnet
81816,run-aa36c05e-a90e-4bb5-8325-3bd9bedf7ea7,2026-07-20 06:09:32.123+00,4998.764309840000000000,4998.764309840000000000,0.000000000000000000,5000.000000000000000000,2026-07-20,,aa36c05e-a90e-4bb5-8325-3bd9bedf7ea7,testnet
81815,run-aa36c05e-a90e-4bb5-8325-3bd9bedf7ea7,2026-07-20 06:09:27.122+00,4998.764309840000000000,4998.764309840000000000,0.000000000000000000,5000.000000000000000000,2026-07-20,,aa36c05e-a90e-4bb5-8325-3bd9bedf7ea7,testnet
81814,run-aa36c05e-a90e-4bb5-8325-3bd9bedf7ea7,2026-07-20 06:09:22.122+00,4998.764309840000000000,4998.764309840000000000,0.000000000000000000,5000.000000000000000000,2026-07-20,,aa36c05e-a90e-4bb5-8325-3bd9bedf7ea7,testnet
81813,run-aa36c05e-a90e-4bb5-8325-3bd9bedf7ea7,2026-07-20 06:09:17.112+00,4998.764309840000000000,4998.764309840000000000,0.000000000000000000,5000.000000000000000000,2026-07-20,,aa36c05e-a90e-4bb5-8325-3bd9bedf7ea7,testnet
81812,run-aa36c05e-a90e-4bb5-8325-3bd9bedf7ea7,2026-07-20 06:09:12.111+00,4998.764309840000000000,4998.764309840000000000,0.000000000000000000,5000.000000000000000000,2026-07-20,,aa36c05e-a90e-4bb5-8325-3bd9bedf7ea7,testnet
81811,run-aa36c05e-a90e-4bb5-8325-3bd9bedf7ea7,2026-07-20 06:09:07.11+00,4998.764309840000000000,4998.764309840000000000,0.000000000000000000,5000.000000000000000000,2026-07-20,,aa36c05e-a90e-4bb5-8325-3bd9bedf7ea7,testnet
81810,run-aa36c05e-a90e-4bb5-8325-3bd9bedf7ea7,2026-07-20 06:09:02.108+00,4998.764309840000000000,4998.764309840000000000,0.000000000000000000,5000.000000000000000000,2026-07-20,,aa36c05e-a90e-4bb5-8325-3bd9bedf7ea7,testnet
81809,run-aa36c05e-a90e-4bb5-8325-3bd9bedf7ea7,2026-07-20 06:08:57.106+00,4998.764309840000000000,4998.764309840000000000,0.000000000000000000,5000.000000000000000000,2026-07-20,,aa36c05e-a90e-4bb5-8325-3bd9bedf7ea7,testnet
81808,run-aa36c05e-a90e-4bb5-8325-3bd9bedf7ea7,2026-07-20 06:08:52.106+00,4998.764309840000000000,4998.764309840000000000,0.000000000000000000,5000.000000000000000000,2026-07-20,,aa36c05e-a90e-4bb5-8325-3bd9bedf7ea7,testnet
81807,run-aa36c05e-a90e-4bb5-8325-3bd9bedf7ea7,2026-07-20 06:08:47.107+00,4998.764309840000000000,4998.764309840000000000,0.000000000000000000,5000.000000000000000000,2026-07-20,,aa36c05e-a90e-4bb5-8325-3bd9bedf7ea7,testnet
81806,run-aa36c05e-a90e-4bb5-8325-3bd9bedf7ea7,2026-07-20 06:08:42.103+00,4998.764309840000000000,4998.764309840000000000,0.000000000000000000,5000.000000000000000000,2026-07-20,,aa36c05e-a90e-4bb5-8325-3bd9bedf7ea7,testnet
81805,run-aa36c05e-a90e-4bb5-8325-3bd9bedf7ea7,2026-07-20 06:08:37.101+00,4998.764309840000000000,4998.764309840000000000,0.000000000000000000,5000.000000000000000000,2026-07-20,,aa36c05e-a90e-4bb5-8325-3bd9bedf7ea7,testnet
81804,run-aa36c05e-a90e-4bb5-8325-3bd9bedf7ea7,2026-07-20 06:08:32.099+00,4998.764309840000000000,4998.764309840000000000,0.000000000000000000,5000.000000000000000000,2026-07-20,,aa36c05e-a90e-4bb5-8325-3bd9bedf7ea7,testnet
81803,run-aa36c05e-a90e-4bb5-8325-3bd9bedf7ea7,2026-07-20 06:08:27.097+00,4998.764309840000000000,4998.764309840000000000,0.000000000000000000,5000.000000000000000000,2026-07-20,,aa36c05e-a90e-4bb5-8325-3bd9bedf7ea7,testnet
81802,run-aa36c05e-a90e-4bb5-8325-3bd9bedf7ea7,2026-07-20 06:08:22.096+00,4998.764309840000000000,4998.764309840000000000,0.000000000000000000,5000.000000000000000000,2026-07-20,,aa36c05e-a90e-4bb5-8325-3bd9bedf7ea7,testnet
81801,run-aa36c05e-a90e-4bb5-8325-3bd9bedf7ea7,2026-07-20 06:08:17.096+00,4998.764309840000000000,4998.764309840000000000,0.000000000000000000,5000.000000000000000000,2026-07-20,,aa36c05e-a90e-4bb5-8325-3bd9bedf7ea7,testnet
81800,run-aa36c05e-a90e-4bb5-8325-3bd9bedf7ea7,2026-07-20 06:08:12.094+00,4998.764309840000000000,4998.764309840000000000,0.000000000000000000,5000.000000000000000000,2026-07-20,,aa36c05e-a90e-4bb5-8325-3bd9bedf7ea7,testnet
81799,run-aa36c05e-a90e-4bb5-8325-3bd9bedf7ea7,2026-07-20 06:08:07.094+00,4998.764309840000000000,4998.764309840000000000,0.000000000000000000,5000.000000000000000000,2026-07-20,,aa36c05e-a90e-4bb5-8325-3bd9bedf7ea7,testnet
81798,run-aa36c05e-a90e-4bb5-8325-3bd9bedf7ea7,2026-07-20 06:08:02.094+00,4998.764309840000000000,4998.764309840000000000,0.000000000000000000,5000.000000000000000000,2026-07-20,,aa36c05e-a90e-4bb5-8325-3bd9bedf7ea7,testnet
81797,run-aa36c05e-a90e-4bb5-8325-3bd9bedf7ea7,2026-07-20 06:07:57.092+00,4998.764309840000000000,4998.764309840000000000,0.000000000000000000,5000.000000000000000000,2026-07-20,,aa36c05e-a90e-4bb5-8325-3bd9bedf7ea7,testnet
81796,run-aa36c05e-a90e-4bb5-8325-3bd9bedf7ea7,2026-07-20 06:07:52.091+00,4998.764309840000000000,4998.764309840000000000,0.000000000000000000,5000.000000000000000000,2026-07-20,,aa36c05e-a90e-4bb5-8325-3bd9bedf7ea7,testnet
81795,run-aa36c05e-a90e-4bb5-8325-3bd9bedf7ea7,2026-07-20 06:07:47.09+00,4998.764309840000000000,4998.764309840000000000,0.000000000000000000,5000.000000000000000000,2026-07-20,,aa36c05e-a90e-4bb5-8325-3bd9bedf7ea7,testnet
81794,run-aa36c05e-a90e-4bb5-8325-3bd9bedf7ea7,2026-07-20 06:07:42.089+00,4998.764309840000000000,4998.764309840000000000,0.000000000000000000,5000.000000000000000000,2026-07-20,,aa36c05e-a90e-4bb5-8325-3bd9bedf7ea7,testnet
81793,run-aa36c05e-a90e-4bb5-8325-3bd9bedf7ea7,2026-07-20 06:07:37.089+00,4998.764309840000000000,4998.764309840000000000,0.000000000000000000,5000.000000000000000000,2026-07-20,,aa36c05e-a90e-4bb5-8325-3bd9bedf7ea7,testnet
81792,run-aa36c05e-a90e-4bb5-8325-3bd9bedf7ea7,2026-07-20 06:07:32.088+00,4998.764309840000000000,4998.764309840000000000,0.000000000000000000,5000.000000000000000000,2026-07-20,,aa36c05e-a90e-4bb5-8325-3bd9bedf7ea7,testnet
81791,run-aa36c05e-a90e-4bb5-8325-3bd9bedf7ea7,2026-07-20 06:07:27.086+00,4998.764309840000000000,4998.764309840000000000,0.000000000000000000,5000.000000000000000000,2026-07-20,,aa36c05e-a90e-4bb5-8325-3bd9bedf7ea7,testnet
81790,run-aa36c05e-a90e-4bb5-8325-3bd9bedf7ea7,2026-07-20 06:07:22.087+00,4998.764309840000000000,4998.764309840000000000,0.000000000000000000,5000.000000000000000000,2026-07-20,,aa36c05e-a90e-4bb5-8325-3bd9bedf7ea7,testnet
81789,run-aa36c05e-a90e-4bb5-8325-3bd9bedf7ea7,2026-07-20 06:07:17.087+00,4998.764309840000000000,4998.764309840000000000,0.000000000000000000,5000.000000000000000000,2026-07-20,,aa36c05e-a90e-4bb5-8325-3bd9bedf7ea7,testnet
81788,run-aa36c05e-a90e-4bb5-8325-3bd9bedf7ea7,2026-07-20 06:07:12.086+00,4998.764309840000000000,4998.764309840000000000,0.000000000000000000,5000.000000000000000000,2026-07-20,,aa36c05e-a90e-4bb5-8325-3bd9bedf7ea7,testnet
81787,run-aa36c05e-a90e-4bb5-8325-3bd9bedf7ea7,2026-07-20 06:07:07.085+00,4998.764309840000000000,4998.764309840000000000,0.000000000000000000,5000.000000000000000000,2026-07-20,,aa36c05e-a90e-4bb5-8325-3bd9bedf7ea7,testnet
81786,run-aa36c05e-a90e-4bb5-8325-3bd9bedf7ea7,2026-07-20 06:07:02.083+00,4998.764309840000000000,4998.764309840000000000,0.000000000000000000,5000.000000000000000000,2026-07-20,,aa36c05e-a90e-4bb5-8325-3bd9bedf7ea7,testnet
81785,run-aa36c05e-a90e-4bb5-8325-3bd9bedf7ea7,2026-07-20 06:06:57.082+00,4998.764309840000000000,4998.764309840000000000,0.000000000000000000,5000.000000000000000000,2026-07-20,,aa36c05e-a90e-4bb5-8325-3bd9bedf7ea7,testnet
81784,run-aa36c05e-a90e-4bb5-8325-3bd9bedf7ea7,2026-07-20 06:06:52.082+00,4998.764309840000000000,4998.764309840000000000,0.000000000000000000,5000.000000000000000000,2026-07-20,,aa36c05e-a90e-4bb5-8325-3bd9bedf7ea7,testnet
81783,run-aa36c05e-a90e-4bb5-8325-3bd9bedf7ea7,2026-07-20 06:06:47.081+00,4998.764309840000000000,4998.764309840000000000,0.000000000000000000,5000.000000000000000000,2026-07-20,,aa36c05e-a90e-4bb5-8325-3bd9bedf7ea7,testnet
81782,run-aa36c05e-a90e-4bb5-8325-3bd9bedf7ea7,2026-07-20 06:06:42.081+00,4998.764309840000000000,4998.764309840000000000,0.000000000000000000,5000.000000000000000000,2026-07-20,,aa36c05e-a90e-4bb5-8325-3bd9bedf7ea7,testnet
81781,run-aa36c05e-a90e-4bb5-8325-3bd9bedf7ea7,2026-07-20 06:06:37.08+00,4998.764309840000000000,4998.764309840000000000,0.000000000000000000,5000.000000000000000000,2026-07-20,,aa36c05e-a90e-4bb5-8325-3bd9bedf7ea7,testnet
81780,run-aa36c05e-a90e-4bb5-8325-3bd9bedf7ea7,2026-07-20 06:06:32.078+00,4998.764309840000000000,4998.764309840000000000,0.000000000000000000,5000.000000000000000000,2026-07-20,,aa36c05e-a90e-4bb5-8325-3bd9bedf7ea7,testnet
81779,run-aa36c05e-a90e-4bb5-8325-3bd9bedf7ea7,2026-07-20 06:06:27.079+00,4998.764309840000000000,4998.764309840000000000,0.000000000000000000,5000.000000000000000000,2026-07-20,,aa36c05e-a90e-4bb5-8325-3bd9bedf7ea7,testnet
81778,run-aa36c05e-a90e-4bb5-8325-3bd9bedf7ea7,2026-07-20 06:06:22.078+00,4998.764309840000000000,4998.764309840000000000,0.000000000000000000,5000.000000000000000000,2026-07-20,,aa36c05e-a90e-4bb5-8325-3bd9bedf7ea7,testnet
81777,run-aa36c05e-a90e-4bb5-8325-3bd9bedf7ea7,2026-07-20 06:06:17.067+00,4998.764309840000000000,4998.764309840000000000,0.000000000000000000,5000.000000000000000000,2026-07-20,,aa36c05e-a90e-4bb5-8325-3bd9bedf7ea7,testnet
81776,run-aa36c05e-a90e-4bb5-8325-3bd9bedf7ea7,2026-07-20 06:06:12.066+00,4998.764309840000000000,4998.764309840000000000,0.000000000000000000,5000.000000000000000000,2026-07-20,,aa36c05e-a90e-4bb5-8325-3bd9bedf7ea7,testnet
81775,run-aa36c05e-a90e-4bb5-8325-3bd9bedf7ea7,2026-07-20 06:06:07.066+00,4998.764309840000000000,4998.764309840000000000,0.000000000000000000,5000.000000000000000000,2026-07-20,,aa36c05e-a90e-4bb5-8325-3bd9bedf7ea7,testnet
81774,run-aa36c05e-a90e-4bb5-8325-3bd9bedf7ea7,2026-07-20 06:06:02.065+00,4998.764309840000000000,4998.764309840000000000,0.000000000000000000,5000.000000000000000000,2026-07-20,,aa36c05e-a90e-4bb5-8325-3bd9bedf7ea7,testnet
81773,run-aa36c05e-a90e-4bb5-8325-3bd9bedf7ea7,2026-07-20 06:05:57.064+00,4998.764309840000000000,4998.764309840000000000,0.000000000000000000,5000.000000000000000000,2026-07-20,,aa36c05e-a90e-4bb5-8325-3bd9bedf7ea7,testnet
81772,run-aa36c05e-a90e-4bb5-8325-3bd9bedf7ea7,2026-07-20 06:05:52.064+00,4998.764309840000000000,4998.764309840000000000,0.000000000000000000,5000.000000000000000000,2026-07-20,,aa36c05e-a90e-4bb5-8325-3bd9bedf7ea7,testnet
81771,run-aa36c05e-a90e-4bb5-8325-3bd9bedf7ea7,2026-07-20 06:05:47.064+00,4998.764309840000000000,4998.764309840000000000,0.000000000000000000,5000.000000000000000000,2026-07-20,,aa36c05e-a90e-4bb5-8325-3bd9bedf7ea7,testnet
81770,run-aa36c05e-a90e-4bb5-8325-3bd9bedf7ea7,2026-07-20 06:05:42.062+00,4998.764309840000000000,4998.764309840000000000,0.000000000000000000,5000.000000000000000000,2026-07-20,,aa36c05e-a90e-4bb5-8325-3bd9bedf7ea7,testnet
81769,run-aa36c05e-a90e-4bb5-8325-3bd9bedf7ea7,2026-07-20 06:05:37.06+00,4998.764309840000000000,4998.764309840000000000,0.000000000000000000,5000.000000000000000000,2026-07-20,,aa36c05e-a90e-4bb5-8325-3bd9bedf7ea7,testnet
81768,run-aa36c05e-a90e-4bb5-8325-3bd9bedf7ea7,2026-07-20 06:05:32.06+00,4998.764309840000000000,4998.764309840000000000,0.000000000000000000,5000.000000000000000000,2026-07-20,,aa36c05e-a90e-4bb5-8325-3bd9bedf7ea7,testnet
81767,run-aa36c05e-a90e-4bb5-8325-3bd9bedf7ea7,2026-07-20 06:05:27.059+00,4998.764309840000000000,4998.764309840000000000,0.000000000000000000,5000.000000000000000000,2026-07-20,,aa36c05e-a90e-4bb5-8325-3bd9bedf7ea7,testnet
81766,run-aa36c05e-a90e-4bb5-8325-3bd9bedf7ea7,2026-07-20 06:05:22.057+00,4998.764309840000000000,4998.764309840000000000,0.000000000000000000,5000.000000000000000000,2026-07-20,,aa36c05e-a90e-4bb5-8325-3bd9bedf7ea7,testnet
81765,run-aa36c05e-a90e-4bb5-8325-3bd9bedf7ea7,2026-07-20 06:05:17.057+00,4998.764309840000000000,4998.764309840000000000,0.000000000000000000,5000.000000000000000000,2026-07-20,,aa36c05e-a90e-4bb5-8325-3bd9bedf7ea7,testnet
81764,run-aa36c05e-a90e-4bb5-8325-3bd9bedf7ea7,2026-07-20 06:05:12.054+00,4998.764309840000000000,4998.764309840000000000,0.000000000000000000,5000.000000000000000000,2026-07-20,,aa36c05e-a90e-4bb5-8325-3bd9bedf7ea7,testnet
81763,run-aa36c05e-a90e-4bb5-8325-3bd9bedf7ea7,2026-07-20 06:05:07.054+00,4998.764309840000000000,4998.764309840000000000,0.000000000000000000,5000.000000000000000000,2026-07-20,,aa36c05e-a90e-4bb5-8325-3bd9bedf7ea7,testnet
81762,run-aa36c05e-a90e-4bb5-8325-3bd9bedf7ea7,2026-07-20 06:05:02.054+00,4998.764309840000000000,4998.764309840000000000,0.000000000000000000,5000.000000000000000000,2026-07-20,,aa36c05e-a90e-4bb5-8325-3bd9bedf7ea7,testnet
81761,run-aa36c05e-a90e-4bb5-8325-3bd9bedf7ea7,2026-07-20 06:04:57.054+00,4998.764309840000000000,4998.764309840000000000,0.000000000000000000,5000.000000000000000000,2026-07-20,,aa36c05e-a90e-4bb5-8325-3bd9bedf7ea7,testnet
81760,run-aa36c05e-a90e-4bb5-8325-3bd9bedf7ea7,2026-07-20 06:04:52.054+00,4998.764309840000000000,4998.764309840000000000,0.000000000000000000,5000.000000000000000000,2026-07-20,,aa36c05e-a90e-4bb5-8325-3bd9bedf7ea7,testnet
81759,run-aa36c05e-a90e-4bb5-8325-3bd9bedf7ea7,2026-07-20 06:04:47.05+00,4998.764309840000000000,4998.764309840000000000,0.000000000000000000,5000.000000000000000000,2026-07-20,,aa36c05e-a90e-4bb5-8325-3bd9bedf7ea7,testnet
81758,run-aa36c05e-a90e-4bb5-8325-3bd9bedf7ea7,2026-07-20 06:04:42.05+00,4998.764309840000000000,4998.764309840000000000,0.000000000000000000,5000.000000000000000000,2026-07-20,,aa36c05e-a90e-4bb5-8325-3bd9bedf7ea7,testnet
81757,run-aa36c05e-a90e-4bb5-8325-3bd9bedf7ea7,2026-07-20 06:04:37.048+00,4998.764309840000000000,4998.764309840000000000,0.000000000000000000,5000.000000000000000000,2026-07-20,,aa36c05e-a90e-4bb5-8325-3bd9bedf7ea7,testnet
81756,run-aa36c05e-a90e-4bb5-8325-3bd9bedf7ea7,2026-07-20 06:04:32.047+00,4998.764309840000000000,4998.764309840000000000,0.000000000000000000,5000.000000000000000000,2026-07-20,,aa36c05e-a90e-4bb5-8325-3bd9bedf7ea7,testnet
81755,run-aa36c05e-a90e-4bb5-8325-3bd9bedf7ea7,2026-07-20 06:04:27.046+00,4998.764309840000000000,4998.764309840000000000,0.000000000000000000,5000.000000000000000000,2026-07-20,,aa36c05e-a90e-4bb5-8325-3bd9bedf7ea7,testnet
81754,run-aa36c05e-a90e-4bb5-8325-3bd9bedf7ea7,2026-07-20 06:04:22.046+00,4998.764309840000000000,4998.764309840000000000,0.000000000000000000,5000.000000000000000000,2026-07-20,,aa36c05e-a90e-4bb5-8325-3bd9bedf7ea7,testnet
81753,run-aa36c05e-a90e-4bb5-8325-3bd9bedf7ea7,2026-07-20 06:04:17.045+00,4998.764309840000000000,4998.764309840000000000,0.000000000000000000,5000.000000000000000000,2026-07-20,,aa36c05e-a90e-4bb5-8325-3bd9bedf7ea7,testnet
81752,run-aa36c05e-a90e-4bb5-8325-3bd9bedf7ea7,2026-07-20 06:04:12.043+00,4998.764309840000000000,4998.764309840000000000,0.000000000000000000,5000.000000000000000000,2026-07-20,,aa36c05e-a90e-4bb5-8325-3bd9bedf7ea7,testnet
81751,run-aa36c05e-a90e-4bb5-8325-3bd9bedf7ea7,2026-07-20 06:04:07.041+00,4998.764309840000000000,4998.764309840000000000,0.000000000000000000,5000.000000000000000000,2026-07-20,,aa36c05e-a90e-4bb5-8325-3bd9bedf7ea7,testnet
81750,run-aa36c05e-a90e-4bb5-8325-3bd9bedf7ea7,2026-07-20 06:04:02.04+00,4998.764309840000000000,4998.764309840000000000,0.000000000000000000,5000.000000000000000000,2026-07-20,,aa36c05e-a90e-4bb5-8325-3bd9bedf7ea7,testnet
81749,run-aa36c05e-a90e-4bb5-8325-3bd9bedf7ea7,2026-07-20 06:03:57.04+00,4998.764309840000000000,4998.764309840000000000,0.000000000000000000,5000.000000000000000000,2026-07-20,,aa36c05e-a90e-4bb5-8325-3bd9bedf7ea7,testnet
81748,run-aa36c05e-a90e-4bb5-8325-3bd9bedf7ea7,2026-07-20 06:03:52.039+00,4998.764309840000000000,4998.764309840000000000,0.000000000000000000,5000.000000000000000000,2026-07-20,,aa36c05e-a90e-4bb5-8325-3bd9bedf7ea7,testnet
81747,run-aa36c05e-a90e-4bb5-8325-3bd9bedf7ea7,2026-07-20 06:03:47.038+00,4998.764309840000000000,4998.764309840000000000,0.000000000000000000,5000.000000000000000000,2026-07-20,,aa36c05e-a90e-4bb5-8325-3bd9bedf7ea7,testnet
81746,run-aa36c05e-a90e-4bb5-8325-3bd9bedf7ea7,2026-07-20 06:03:42.037+00,4998.764309840000000000,4998.764309840000000000,0.000000000000000000,5000.000000000000000000,2026-07-20,,aa36c05e-a90e-4bb5-8325-3bd9bedf7ea7,testnet
81745,run-aa36c05e-a90e-4bb5-8325-3bd9bedf7ea7,2026-07-20 06:03:37.036+00,4998.764309840000000000,4998.764309840000000000,0.000000000000000000,5000.000000000000000000,2026-07-20,,aa36c05e-a90e-4bb5-8325-3bd9bedf7ea7,testnet
81744,run-aa36c05e-a90e-4bb5-8325-3bd9bedf7ea7,2026-07-20 06:03:32.032+00,4998.764309840000000000,4998.764309840000000000,0.000000000000000000,5000.000000000000000000,2026-07-20,,aa36c05e-a90e-4bb5-8325-3bd9bedf7ea7,testnet
81743,run-aa36c05e-a90e-4bb5-8325-3bd9bedf7ea7,2026-07-20 06:03:27.032+00,4998.764309840000000000,4998.764309840000000000,0.000000000000000000,5000.000000000000000000,2026-07-20,,aa36c05e-a90e-4bb5-8325-3bd9bedf7ea7,testnet
81742,run-aa36c05e-a90e-4bb5-8325-3bd9bedf7ea7,2026-07-20 06:03:22.03+00,4998.764309840000000000,4998.764309840000000000,0.000000000000000000,5000.000000000000000000,2026-07-20,,aa36c05e-a90e-4bb5-8325-3bd9bedf7ea7,testnet
81741,run-aa36c05e-a90e-4bb5-8325-3bd9bedf7ea7,2026-07-20 06:03:17.023+00,4998.764309840000000000,4998.764309840000000000,0.000000000000000000,5000.000000000000000000,2026-07-20,,aa36c05e-a90e-4bb5-8325-3bd9bedf7ea7,testnet
81740,run-aa36c05e-a90e-4bb5-8325-3bd9bedf7ea7,2026-07-20 06:03:12.021+00,4998.764309840000000000,4998.764309840000000000,0.000000000000000000,5000.000000000000000000,2026-07-20,,aa36c05e-a90e-4bb5-8325-3bd9bedf7ea7,testnet
81739,run-aa36c05e-a90e-4bb5-8325-3bd9bedf7ea7,2026-07-20 06:03:07.02+00,4998.764309840000000000,4998.764309840000000000,0.000000000000000000,5000.000000000000000000,2026-07-20,,aa36c05e-a90e-4bb5-8325-3bd9bedf7ea7,testnet
81738,run-aa36c05e-a90e-4bb5-8325-3bd9bedf7ea7,2026-07-20 06:03:02.02+00,4998.764309840000000000,4998.764309840000000000,0.000000000000000000,5000.000000000000000000,2026-07-20,,aa36c05e-a90e-4bb5-8325-3bd9bedf7ea7,testnet
81737,run-aa36c05e-a90e-4bb5-8325-3bd9bedf7ea7,2026-07-20 06:02:57.019+00,4998.764309840000000000,4998.764309840000000000,0.000000000000000000,5000.000000000000000000,2026-07-20,,aa36c05e-a90e-4bb5-8325-3bd9bedf7ea7,testnet
81736,run-aa36c05e-a90e-4bb5-8325-3bd9bedf7ea7,2026-07-20 06:02:52.017+00,4998.764309840000000000,4998.764309840000000000,0.000000000000000000,5000.000000000000000000,2026-07-20,,aa36c05e-a90e-4bb5-8325-3bd9bedf7ea7,testnet
81735,run-aa36c05e-a90e-4bb5-8325-3bd9bedf7ea7,2026-07-20 06:02:47.017+00,4998.764309840000000000,4998.764309840000000000,0.000000000000000000,5000.000000000000000000,2026-07-20,,aa36c05e-a90e-4bb5-8325-3bd9bedf7ea7,testnet
81734,run-aa36c05e-a90e-4bb5-8325-3bd9bedf7ea7,2026-07-20 06:02:42.016+00,4998.764309840000000000,4998.764309840000000000,0.000000000000000000,5000.000000000000000000,2026-07-20,,aa36c05e-a90e-4bb5-8325-3bd9bedf7ea7,testnet
81733,run-aa36c05e-a90e-4bb5-8325-3bd9bedf7ea7,2026-07-20 06:02:37.015+00,4998.764309840000000000,4998.764309840000000000,0.000000000000000000,5000.000000000000000000,2026-07-20,,aa36c05e-a90e-4bb5-8325-3bd9bedf7ea7,testnet
81732,run-aa36c05e-a90e-4bb5-8325-3bd9bedf7ea7,2026-07-20 06:02:32.014+00,4998.764309840000000000,4998.764309840000000000,0.000000000000000000,5000.000000000000000000,2026-07-20,,aa36c05e-a90e-4bb5-8325-3bd9bedf7ea7,testnet
81731,run-aa36c05e-a90e-4bb5-8325-3bd9bedf7ea7,2026-07-20 06:02:27.01+00,4998.764309840000000000,4998.764309840000000000,0.000000000000000000,5000.000000000000000000,2026-07-20,,aa36c05e-a90e-4bb5-8325-3bd9bedf7ea7,testnet
81730,run-aa36c05e-a90e-4bb5-8325-3bd9bedf7ea7,2026-07-20 06:02:22.01+00,4998.764309840000000000,4998.764309840000000000,0.000000000000000000,5000.000000000000000000,2026-07-20,,aa36c05e-a90e-4bb5-8325-3bd9bedf7ea7,testnet
