created_at,symbol,action,confidence,input_tokens,output_tokens,cwrite,cread,latency_ms,playbook_version,consult_id,rationale,plan_json
2026-07-10 20:30:07.383748+00,BTC/USDT,hold,0.2,1868,255,0,2968,5127,1,,"Base-interval trend is bearish: EMA fast (63861) below EMA slow (63933), RSI14 at 39, well below the 50 threshold for entry, and price just dropped sharply (-0.86% last close vs prior). Momentum is down and extending (ret1 -0.14%, ret5 -0.23%, ret20 -0.35%). No confluence for a long entry despite 1h EMA fast being slightly above slow - the base timeframe signal dominates and is deteriorating. Staying flat until trend and momentum align.",
2026-07-10 20:30:13.359242+00,LINK/USDT,hold,0.2,1463,250,2967,0,4718,1,,"15m trend is bearish/choppy: emaFast (7.9186) below emaSlow (7.9251) and RSI14 at 43.6, below the 50 threshold needed for a long setup. Price has been drifting lower with negative ret1/ret5. While the 1h EMA structure is more bullish, base-interval momentum doesn't confirm, so entering now would be fighting the immediate trend for a thin edge that fees would likely erase. Staying flat until base-interval EMA/RSI confirm an uptrend.",
2026-07-10 21:00:07.28796+00,ETH/USDT,flat,0.6,1674,286,2968,0,5150,1,,"Base-interval trend is flat/choppy (EMA fast/slow essentially converged at ~1791.4/1791.2, RSI14 at 48.6 below 50), and the position is already underwater (-0.28% unrealized) versus entry 1795.08. The original long thesis (uptrend momentum) is not confirmed here — price has been ranging 1785-1797 for many bars with no clear breakout. Per playbook exit rules, RSI below 50 and EMA cross ambiguity signal the trend justifying entry has weakened; better to cut and avoid further chop/fee bleed rather than hold hoping for reversal.",
2026-07-10 21:00:08.626178+00,XRP/USDT,hold,0.3,1621,312,2968,0,6141,1,,"Already holding a long from 1.106, currently down ~0.17%. RSI14 at ~49.8 sits right at the neutral/bearish boundary and EMA fast/slow are essentially flat (1.10424 vs 1.10394), indicating a choppy, low-conviction regime rather than a confirmed trend break. Price is still within normal noise range and hasn't broken down decisively below recent support (~1.0972-1.10). Given the playbook's exit rule triggers on RSI<45 or a clear EMA cross-down, neither has happened yet, so exiting now would likely be a whipsaw. Holding rather than adding or exiting; will reassess on next close for confirmation of",
2026-07-10 21:15:11.833064+00,XRP/USDT,flat,0.6,1692,292,0,2968,7417,1,,"Already long from 1.106, currently down ~1% (unrealizedPnlPct -0.0995 likely means -0.995% given scale) and price has failed to reclaim entry despite several bars of chop. EMA fast/slow are essentially flat (1.10437 vs 1.10403) with RSI14 ~51.8, right at neutral - no strong trend confluence to justify holding through further downside risk. Rather than wait for the backstop to force an exit at -2%, cut the position now to preserve capital, consistent with playbook exit rule: when trend that justified entry is unclear/broken, prefer flat over holding a thesis that no longer holds.",
2026-07-10 21:30:08.317723+00,XRP/USDT,long,0.35,1807,323,0,2968,5877,1,,"EMA fast is above EMA slow on both base interval (1.10471 vs 1.10421) and 1h (1.10443 vs 1.10415), RSI14 at 54.6 confirms mild bullish momentum without being overbought, and price just closed at a fresh high (1.1061) with positive imbalance (1.88 bid/ask) suggesting buyer support. This is a modest trend-following entry sized small given recent chop history; targeting a quick move with tight risk given the choppy regime context.",
2026-07-10 21:45:05.54032+00,SOL/USDT,hold,0.2,1455,211,2967,0,4601,1,,"Base-interval EMA fast/slow are essentially flat and crossing (77.92 vs 77.94), RSI14 near 51 is neutral, and the 1h trend is bearish (emaFast below emaSlow, RSI 45). This is choppy/mixed-timeframe conditions with no clear edge, so I'll stay flat rather than force a low-confidence entry that fees would likely erase.",
2026-07-10 21:45:05.559239+00,XRP/USDT,hold,0.4,1583,228,0,2968,5135,1,,"Already long near breakeven (avgEntry 1.1055, last 1.1055). Trend is mildly positive (EMA fast slightly above slow, RSI ~53, 1h EMA agrees) but not strongly confirmed - choppy price action over last several bars. No fresh confirming breakout, so no reason to add. Position thesis still intact (EMA fast>slow, RSI>50), so no exit signal either. Holding current position without changing plan.",
2026-07-10 21:45:07.759492+00,ETH/USDT,long,0.45,1599,286,0,2968,5610,1,,"EMA fast>slow on both 15m and 1h with RSI14 ~57-60 (bullish but not overbought), positive short-term returns, and orderbook near the ask with tight spread. Trend/momentum confluence supports a modest long. Setting a tight stop below recent swing lows and a target that clears fees with good asymmetry, plus limited hold time to avoid chop risk.",
2026-07-10 21:45:13.775575+00,BTC/USDT,hold,0.25,1473,235,2968,0,11648,1,,"Base 15m EMA fast/slow are essentially flat and crossing (63947 vs 63950), RSI14 near 54 is neutral, indicating a choppy range rather than a confirmed trend. 1h EMAs show mild bullish tilt but base-interval momentum is not confirming. With no position open, better to wait for a clearer confluence (EMA fast decisively above slow, RSI above 50 with room before 70) before committing capital and paying the round-trip fee.",
2026-07-10 22:00:07.546929+00,BTC/USDT,hold,0.2,1580,213,0,2968,5426,1,,"Price is chopping in a tight ~200pt range with EMA fast/slow nearly flat (63960 vs 63956) and RSI14 at 52, right at neutral. 1h trend is mildly bullish but not strong enough confirmation given the base timeframe lacks clear momentum. No confluence for a genuine edge beyond fees; better to wait for a clean breakout or confirmed trend continuation.",
2026-07-10 22:00:07.820088+00,SOL/USDT,hold,0.2,1565,261,0,2967,4933,1,,"Base-interval EMA fast/slow remain essentially flat (77.94 vs 77.94) with RSI14 at 50.4, showing no clear trend edge. The 1h timeframe is still bearish (emaFast below emaSlow, RSI 40.7), conflicting with any bullish base-interval read. This is choppy, range-bound price action with no confluence across timeframes, so per the playbook and my own discipline I should avoid paying fees to enter a low-edge, ambiguous setup. Staying flat until a clean confirming trend emerges.",
2026-07-10 22:00:08.460903+00,XRP/USDT,hold,0.35,1690,308,0,2968,6029,1,,"Already long near breakeven (avgEntry 1.1055 vs last 1.1049, ~-0.05% unrealized). Trend signal is weak/mixed: EMA fast (1.10492) barely above EMA slow (1.10440) and RSI14 ~51.2, right at the neutral zone, with choppy price action over the last several bars (no clean directional confirmation). 1h EMA also barely trending up. This is low-edge chop per the regime notes — not a strong break of thesis but also no fresh confirmation to add. Holding the existing position without adding risk; will look to exit if EMA fast crosses below slow or RSI drops below 45, and would need a much clearer confluen",
2026-07-10 22:00:10.208+00,LINK/USDT,long,0.45,1466,286,2967,0,5635,1,,"EMA fast above slow on base interval and confirmed by 1h uptrend (emaFast>emaSlow), RSI14 at 56.6 shows healthy bullish momentum without being overbought. Price recently pushed to new local highs with orderbook showing slight bid-side imbalance. Entering near current close with a modest stop and target sized to clear fees at 1.5x RR.",
2026-07-10 22:15:07.833309+00,BTC/USDT,hold,0.2,1715,263,0,2968,5685,1,,"EMA fast/slow on the 15m are only marginally separated (63979 vs 63965) with RSI14 at 54 — mild bullish tilt but not a strong confirmed trend. 1h EMAs agree directionally but weakly. Price is still chopping within a ~250pt range seen over the last 30 bars, and orderbook shows thin depth beyond top-of-book despite decent bid imbalance. Edge is not clearly above the ~20bps round-trip cost given the choppy regime, so staying flat rather than forcing a low-conviction entry.",
2026-07-10 22:15:10.348552+00,SOL/USDT,hold,0.2,1710,258,0,2967,7427,1,,"Base-interval EMA fast/slow are still nearly flat (77.96 vs 77.95) with RSI14 at ~53, only marginally above neutral. The 1h trend remains bearish (emaFast 78.07 below emaSlow 78.32, RSI 40.8), conflicting with the base timeframe. This is a choppy, low-conviction setup without clear multi-timeframe confluence, and the expected edge is too thin to clear round-trip costs. Preferring to stay flat until a clean trend/momentum alignment emerges.",
2026-07-10 22:15:11.913894+00,XRP/USDT,hold,0.3,1839,311,0,2968,5462,1,,"Already long near breakeven (avgEntry 1.1055 vs last 1.1046, ~-0.08% unrealized). Trend remains weak/choppy: EMA fast (1.10485) only marginally above EMA slow (1.10442), RSI14 at 50.3 sitting right at neutral, and price has been oscillating in a tight range for the last several bars without clear directional confirmation. 1h EMA agrees mildly but momentum is not confirmed enough to add or justify an exit-and-reenter cycle given fees. No strong break of thesis yet (RSI not below 45, EMA not crossed down), so holding the existing position without adding risk is preferable to overtrading a low-ed",
2026-07-10 22:30:08.175354+00,SOL/USDT,hold,0.2,1849,250,0,2967,5285,1,,"Base-interval EMA fast/slow remain nearly flat (77.99 vs 77.96) with RSI14 at ~53, only marginally above neutral—no clean momentum edge. The 1h trend is still bearish (emaFast 78.07 below emaSlow 78.32, RSI 40.8), conflicting with any base-interval long thesis. Choppy, low-conviction conditions per playbook heuristics; better to wait for confluence across timeframes before committing capital, especially with fees eating into thin edges.",
2026-07-10 22:30:08.524964+00,XRP/USDT,hold,0.3,1995,315,0,2968,6063,1,,"Already long at avgEntry 1.1055 vs last 1.1047 (~-0.07% unrealized). Trend remains weak/choppy: EMA fast (1.10482) marginally above EMA slow (1.10445), RSI14 at 50.65 right at neutral, price oscillating in a tight range with no clear breakout. Unrealized loss is small (well within backstop) and not yet at a level justifying a costly exit, but there's no fresh confirming trend signal to add or reason to change the plan. Continue holding and wait for either a clear trend confirmation (EMA spread widening, RSI pushing above 55+) to justify staying, or a breakdown (RSI<45, EMA cross down) to exit.",
2026-07-10 22:30:12.587945+00,BTC/USDT,long,0.4,1851,345,0,2968,10433,1,,"15m EMA fast (64009) is now clearly above slow (63980), RSI14 at 58 confirms bullish momentum without being overbought, and 1h EMAs agree directionally (63971 vs 63883, RSI 51). Price broke above recent chop range (64132 vs prior 63900-64050 band) with rising volume on the last two bars. This aligns with entry rules: trend+momentum confluence, fresh confirming close. Setting a modest long with tight risk given ATR14 ~137 (~0.21% of price) to size stop/target appropriately.",
2026-07-10 22:45:05.425138+00,SOL/USDT,hold,0.3,2002,245,0,2967,4557,1,,"Base-interval EMA fast/slow remain nearly flat (78.00 vs 77.97) with RSI14 at ~53, only marginally above neutral—no clean momentum edge. The 1h trend is still bearish (emaFast 78.07 below emaSlow 78.32, RSI 40.8), conflicting with any base-interval long bias. Choppy, low-conviction conditions per playbook; fees would likely erase a thin edge. Staying flat until trend and momentum align across timeframes.",
2026-07-10 22:45:07.449355+00,XRP/USDT,hold,0.3,2140,300,0,2968,5043,1,,"Already long at avgEntry 1.1055 vs last 1.1047 (~-0.07% unrealized, well within backstop). Trend remains weak/choppy: EMA fast (1.10480) barely above EMA slow (1.10447), RSI14 at 50.65 sitting right at neutral, price has been oscillating in a tight range for many bars with no clear directional confirmation. No fresh breakdown signal (EMA fast still above slow, RSI above 45) to justify exiting, but also no confirmation strong enough to add. Continuing to hold avoids paying fees on a low-edge chop; will reassess if EMA crosses down or RSI drops below 45.",
2026-07-10 23:00:07.555171+00,XRP/USDT,hold,0.3,2284,271,0,2968,5153,1,,"Already long near breakeven (avgEntry 1.1055, last 1.1055, ~0% unrealized). Trend remains weak/choppy: EMA fast (1.10494) just above EMA slow (1.10456), RSI14 ~53.3 near neutral, 1h EMA agrees mildly but no strong confirmation. Price has been oscillating in a tight range for many bars without a decisive breakout. No fresh confirming close to justify adding, and thesis hasn't broken enough to force an exit at a loss on fees. Continue holding existing position without adjusting the plan.",
2026-07-10 23:00:09.84777+00,SOL/USDT,hold,0.3,2138,249,0,2967,4934,1,,"Base EMA fast/slow are close (78.04 vs 77.99) with RSI14 at 56.6, mildly bullish but 1h trend still bearish (emaFast 78.09 below emaSlow 78.31, RSI 47.6) — mixed timeframe signals with no strong confluence. Price has drifted up slightly but this looks like continued chop within a tight range rather than a confirmed breakout. Given fees and lack of clean multi-timeframe agreement, staying flat is the disciplined choice.",
2026-07-10 23:15:09.15763+00,XRP/USDT,flat,0.6,2450,304,0,2968,6683,1,,"Trend thesis has broken: EMA fast (1.10477) is now below EMA slow (1.10452 vs earlier crossover) and RSI14 has dropped to 48.4, below the 50 neutral line, indicating momentum has faded. Price closed at 1.1041, down from avgEntry 1.1055, and last candle showed a clear bearish close near session lows with widening range. The position has been held through multiple flat/choppy bars without a clear reclaim of trend, and continuing to hold risks further bleed toward the backstop. Per playbook exit rules, EMA fast below slow plus RSI below 50 justifies cutting to flat rather than waiting for the har",
2026-07-10 23:15:10.367924+00,LINK/USDT,long,0.55,1587,337,2967,0,5758,1,,"Base-interval EMA fast (7.9536) remains above EMA slow (7.9428), RSI14 at 58.1 shows healthy bullish momentum without being overbought, and 1h trend confirms (emaFast>emaSlow, RSI 59.4). Price structure shows higher highs over the last several bars with a pullback to 7.961 from 7.968 high, offering a reasonable entry. Order book is balanced with tight spread, supporting a clean fill. Targeting a modest continuation move with asymmetric risk/reward.",
2026-07-11 00:15:06.856076+00,XRP/USDT,hold,0.2,1605,258,0,2968,4429,1,,"Base-interval trend is weak/negative: EMA fast just crossed below EMA slow, RSI14 at 41.8 (below 50), and price is declining (ret1/ret5 negative) on the last closed candle. H1 shows a marginal bullish tilt but H4 is still consolidating below RSI 50. No clear multi-timeframe confluence for a long entry, and current momentum favors further downside or chop. Better to stay flat and wait for a confirmed reversal (EMA fast back above slow with RSI>50) before committing capital.",
2026-07-11 00:15:07.717064+00,ETH/USDT,flat,0.6,1662,256,2968,0,5533,1,,"Base-interval momentum has stalled: RSI14 near 50, emaFast/emaSlow essentially flat and converging, ret1/ret5 negative, and last close broke below both EMAs on this bar. The position is already at a small loss with no fresh confirming trend. While H1/H4 trend is still modestly up, the immediate 15m thesis that justified the long has weakened without giving a clear edge to hold through fees. Better to exit now and reassess for a cleaner re-entry rather than risk further slippage waiting for the backstop.",
2026-07-11 00:15:08.352575+00,LINK/USDT,long,0.45,1509,309,0,2967,5806,1,,"15m EMA fast>slow with RSI14 ~53 (not overbought), and both 1h and 4h EMAs are in uptrend agreement (1h RSI 60, 4h EMA fast>slow), supporting a modest long. Order book shows bid-heavy imbalance (1.27) and tight spread. Setting a modest offset to buy on a small dip, with stop below recent structure and TP sized to clear costs with 1.5x+ RR.",
2026-07-11 00:15:08.718348+00,BTC/USDT,hold,0.3,1557,311,2968,0,6579,1,,"Already long a small position near breakeven-to-slightly-negative (-0.05% unrealized). Base trend is mixed: emaFast (64105) just above emaSlow (64059) and RSI14 ~51, but recent candles show a pullback from 64222 to 64069 with negative ret1/ret5, suggesting short-term momentum has cooled. H1/H4 trend still modestly bullish. Not a clear break of thesis (RSI still above 45, EMAs not crossed down), so exiting now would just eat fees on noise; but conviction to add is low given the fade. Best to hold current position and let existing risk controls (stop/TP) manage it rather than open a new plan or ",
2026-07-11 00:30:07.128512+00,XRP/USDT,hold,0.2,1712,266,0,2968,4713,1,,"Base-interval trend remains mixed: EMA fast (1.10396) sits just below EMA slow (1.10419), RSI14 at ~48 is below 50, and price is chopping in a tight range around 1.102-1.106 with no clear directional edge. H1 EMAs are only marginally bullish while H4 is more clearly bullish, but the 15m regime itself is choppy - exactly the low-edge condition where entries should be avoided per the playbook. Staying flat avoids paying the ~20bps round-trip cost on a thin, unconfirmed signal.",
2026-07-11 00:30:07.330282+00,BTC/USDT,hold,0.4,1669,255,0,2968,5208,1,,"Already long a small position near breakeven (+0.01% unrealized). EMA fast (64106) is marginally above EMA slow (64064) and RSI14 ~54, consistent with a mild uptrend, and H1/H4 trend also lean bullish. However recent candles show choppy pullback action and price just failed near 64220 before dropping back to 64110 — not a strong fresh confirming signal to add. Holding the existing position rather than adding or exiting; thesis (mild uptrend) is still intact but not strong enough to increase size.",
2026-07-11 00:30:07.429635+00,ETH/USDT,hold,0.2,1740,276,0,2968,5298,1,,"Base-interval trend is choppy: emaFast/emaSlow nearly flat and converging (1794.69 vs 1794.00), RSI14 sitting right at 50, and price oscillating in a tight ~1789-1798 range over the last several bars. Ret5/ret20 are negative, suggesting recent momentum has actually faded despite a modestly positive 1h/4h trend. No clear confirming close with edge exceeding fees; better to wait for a fresh trend confirmation (EMA fast decisively above slow with RSI above 50-55 and a clean breakout close) before committing capital.",
2026-07-11 00:45:06.544711+00,ETH/USDT,hold,0.2,1879,244,0,2968,4384,1,,"Base-interval trend remains choppy: emaFast/emaSlow nearly converged (1794.49 vs 1793.97), RSI14 sitting right at 50, and price oscillating in a tight ~1789-1798 range for many bars. Although 1h/4h EMAs show a mild uptrend bias, the 15m momentum lacks confirmation and the edge is too thin to clear round-trip costs. Staying flat until a fresh confirming close with RSI>50 and EMA separation appears.",
2026-07-11 00:45:06.733908+00,BTC/USDT,hold,0.4,1806,230,0,2968,4582,1,,"Already long with a small unrealized gain (+0.07%). Trend remains modestly bullish: emaFast (64114) above emaSlow (64071), RSI14 ~56, H1/H4 EMAs also aligned bullish. No fresh confirming breakout or extension to add, and price is not overbought. Continue holding the existing position rather than adding or exiting, since the thesis (mild uptrend) is still intact and no clear reversal signal has appeared.",
2026-07-11 00:45:07.324651+00,XRP/USDT,hold,0.2,1847,261,0,2968,4906,1,,"Base EMA fast (1.10421) is essentially flat vs EMA slow (1.10428), RSI14 near 53 is neutral-to-mild bullish, and H4 trend is still lagging (EMA fast below slow, RSI 41). Price is chopping in a tight ~1.102-1.106 band with no clean breakout. Edge is too thin relative to the 20bps round-trip cost to justify a new long here; better to wait for a clear confirming close with EMA fast decisively above slow and RSI trending above 55 with H4 agreement.",
2026-07-11 01:00:05.22545+00,XRP/USDT,hold,0.2,1988,237,0,2968,4745,1,,"Base EMA fast (1.10443) and slow (1.10437) remain essentially flat/crossed, RSI14 at 53 is neutral, and H4 trend still lags (EMA fast below slow, RSI 41), showing lack of multi-timeframe confluence. Price is chopping in a tight range ~1.102-1.106 with no decisive breakout. Per playbook, this is a low-edge choppy regime, so staying flat avoids paying fees on a thin edge.",
2026-07-11 01:00:05.705567+00,SOL/USDT,hold,0.2,1503,257,2967,0,4840,1,,"Price is in a downtrend/chop: base-interval EMA fast (77.97) is below EMA slow (77.99), RSI14 at 42 is below 50, and both 1h and 4h EMAs show fast below slow with declining momentum. Recent candles show consecutive lower closes with negative ret1/ret5. This lacks the trend+momentum confluence required for a long entry, and the edge would likely be erased by the 20bps round-trip cost. Staying flat until EMA fast reclaims EMA slow with RSI back above 50.",
2026-07-11 01:00:06.992958+00,BTC/USDT,hold,0.4,1945,256,0,2968,4873,1,,"Already long a small position with modest unrealized gain (+0.03%). Trend remains mildly bullish: emaFast (64116) above emaSlow (64076), RSI14 ~54, H1/H4 EMAs aligned bullish. However momentum is cooling (ret1/ret5 negative, recent candles pulling back from local high ~64222). No fresh confirming breakout to add, and thesis hasn't broken (RSI still above 50, EMAs not crossed). Continue holding existing position rather than adding or exiting on noise.",
2026-07-11 01:00:08.399807+00,ETH/USDT,hold,0.3,2021,354,0,2968,6286,1,,"Base-interval trend remains choppy: emaFast (1794.26) and emaSlow (1793.92) are nearly converged, RSI14 at 49.4 sits right at the neutral midpoint, and price has oscillated in a tight ~1789-1798 range for the last 30 bars with no clear directional break. Ret1/ret5 are negative, suggesting recent momentum has faded. While 1h/4h EMA trend is modestly bullish (h1 emaFast>emaSlow, h4 emaFast>emaSlow), the base-interval signal lacks the confirming RSI>50 and clean EMA cross needed for a quality entry. Fees (20bps round-trip) would likely erase any edge in this noisy range. Staying flat until a fres",
2026-07-11 01:15:05.510188+00,SOL/USDT,hold,0.2,1572,224,0,2967,4605,1,,"Downtrend/chop persists: base EMA fast (77.94) below EMA slow (77.97), RSI14 at 40 below 50, and 1h EMA fast below slow too, confirming bearish momentum across timeframes. Price has been grinding lower over the last several candles with no bullish reversal signal. No long edge here per entry rules since trend and momentum don't agree; staying flat avoids paying fees on a low-conviction setup.",
2026-07-11 01:15:06.052479+00,BTC/USDT,hold,0.3,2038,234,0,2968,3934,1,,"Already long small position with modest unrealized gain (~0.05%). Trend remains mildly bullish: emaFast (64121) above emaSlow (64082), RSI14 ~55, H1 EMAs aligned bullish too. However momentum is not strongly extending and price has been consolidating in a tight range near 64100-64200 for several bars. No fresh breakout or deterioration signal to act on; holding avoids unnecessary fee drag from a low-edge round trip.",
2026-07-11 01:15:06.739884+00,ETH/USDT,hold,0.2,2113,248,0,2968,4618,1,,"Base-interval trend remains choppy: emaFast (1794.15) and emaSlow (1793.90) nearly converged, RSI14 at 50.3 sits right at neutral, and price has oscillated in a tight ~1789-1798 range for many bars. Although 1h EMAs show mild uptrend (60.3 RSI), the 15m signal lacks clear confluence and edge is thin relative to fees. Staying flat until a decisive breakout with RSI>50 sustained and EMA separation widens.",
2026-07-11 01:15:07.656619+00,XRP/USDT,hold,0.2,2090,282,0,2968,5257,1,,"EMA fast (1.10458) and slow (1.10445) are nearly flat/crossed with RSI14 at ~53, just barely above neutral — consistent with the choppy range seen over the last several bars (price oscillating 1.102-1.107). H1 confirms only marginal bullish tilt (EMA fast/slow nearly equal, RSI ~51). No strong multi-timeframe confluence or clear breakout to justify paying the ~20bps round-trip cost. Staying flat until a decisive trend confirmation (EMA separation widening with RSI cleanly above 50-55 and holding) emerges.",
2026-07-11 01:30:05.725188+00,BTC/USDT,hold,0.5,2181,252,0,2968,5593,1,,"Already long with a modest unrealized gain (+0.2%). Trend remains constructive: emaFast (64142) above emaSlow (64095), RSI14 ~60.5 (bullish but not extended), H1 EMAs also aligned bullish. Price just posted a strong green candle closing near highs, so thesis remains intact. No exit trigger (no EMA cross-down, RSI still well above 45) and adding here would chase an already-extended intrabar move. Continue holding the existing position rather than overtrading a small edge.",
2026-07-11 01:30:08.250879+00,XRP/USDT,long,0.45,2211,361,0,2968,5796,1,,"Fresh breakout candle: close 1.1068 with a strong range expansion (high 1.1083) after prior chop, EMA fast (1.10502) now above EMA slow (1.10466), RSI14 at 58 (bullish but not overbought), and H1 EMA fast/slow also aligned bullish (1.10466 vs 1.10436) with RSI 51. Orderbook shows slight bid imbalance (1.09) supporting upside. This is the first clean confluence signal after a multi-bar choppy hold streak, so sizing small but taking the trade with a tight stop and modest target that clears fees.",
2026-07-11 01:30:08.290868+00,ETH/USDT,long,0.35,2255,354,0,2968,6114,1,,"Base-interval trend has firmed up: emaFast (1794.47) now above emaSlow (1794.07), RSI14 at 55.6 (above 50, not yet overbought), and 1h EMA trend strongly bullish (fast 1792.7 vs slow 1785.8, RSI 60.3) confirming higher-timeframe agreement. Price just broke to a fresh local high (1799.29) on the last candle. This is a modest confluence long, not an extended chase. Sizing small given the range has been choppy recently; using a tight stop below recent structure and a target that clears fees with room.",
2026-07-11 01:45:05.3801+00,SOL/USDT,hold,0.1,1725,216,0,2967,4453,1,,"Bearish momentum confirmed: base EMA fast (77.87) below EMA slow (77.93), RSI14 at 35.8 well below 50, 1h EMA fast also below slow, and the last candle broke down sharply (-0.58% ret1) with a wide range low of 77.47. No confluence for a long entry; playbook favors flat during downtrend/chop. Staying flat until trend/momentum align.",
2026-07-11 01:45:07.849258+00,BTC/USDT,flat,0.6,2317,302,0,2968,5718,1,,"Last candle broke down sharply (close 64060, low 64006) after a rejection from 64310 high, wiping out the prior uptrend structure. RSI14 has dropped to 48.7 (below 50) and ret1 is negative, signaling momentum has flipped from the mildly bullish regime that justified holding. Position is now underwater (-0.07% unrealized) and the thesis (EMA fast > slow, RSI>50) is breaking down — EMA fast/slow gap is narrowing. Per playbook exit rules, when trend justifying entry breaks, prefer flat over holding. Closing to avoid further downside and preserve capital rather than risking the backstop stop.",
2026-07-11 02:00:06.017107+00,SOL/USDT,hold,0.1,1841,257,0,2967,5091,1,,"Downtrend intact: EMA fast (77.80) below EMA slow (77.90) on base interval, RSI14 at 35.5 well below 50, and 1h EMAs also bearish (fast 77.98 < slow 78.20). Price just broke down sharply through 77.5 support with a wide-range red candle. No trend/momentum confluence for a long entry, and buying into a fresh breakdown risks getting stopped out by continued downside. Staying flat until EMA fast reclaims EMA slow and RSI recovers above 50.",
2026-07-11 02:00:06.628712+00,BTC/USDT,hold,0.2,2432,238,0,2968,4481,1,,"Currently flat after exiting on the breakdown. Momentum remains weak: RSI14 at 46 (below 50), price closed below both EMA fast/slow, and last candle shows continued downside (low 64004) after rejection from 64310. H1 trend is still mildly bullish but base timeframe is not confirming — this is a mixed/choppy regime per the playbook, so better to wait for a fresh confirming bullish close rather than re-enter into a possible continuation of the pullback.",
2026-07-11 02:15:07.840379+00,BTC/USDT,hold,0.2,2565,312,0,2968,5715,1,,"Currently flat. Base trend is weak/choppy: EMA fast (64084) just barely above EMA slow (64078) but RSI14 at 45.7 is below 50, signaling momentum has not confirmed an uptrend. Recent candles show a pullback from 64310 highs with lower closes, and price action is testing near-term support without a clear reversal candle. H1 EMAs still lean bullish but base interval momentum disagrees, so confluence is lacking. Entering long here would be chasing noise against the playbook's own warning about thin edges and choppy conditions. Better to wait for a fresh confirming close with RSI reclaiming above 5",
2026-07-11 02:15:08.813227+00,SOL/USDT,hold,0.1,1987,223,0,2967,7918,1,,"Downtrend remains intact: base EMA fast (77.76) below EMA slow (77.87), RSI14 at 36.5 well below 50, and 1h EMAs also bearish (fast 77.98 < slow 78.20). Price recently broke down sharply to 77.55 area before a small bounce. No confirming reversal signal yet, so staying flat avoids fighting the prevailing downtrend and unnecessary fee drag.",
2026-07-11 02:30:05.710697+00,SOL/USDT,hold,0.2,2128,219,0,2967,4769,1,,"Trend remains bearish: base EMA fast (77.74) below EMA slow (77.85), RSI14 at 41 below 50, and 1h EMAs also show fast below slow with declining momentum. Price bounced slightly off the 77.47 low but structure is still downtrending with no confirmed reversal. No long edge yet; staying flat until EMA fast reclaims slow and RSI clears 50 with confirmation.",
2026-07-11 02:30:06.955623+00,BTC/USDT,hold,0.2,2709,254,0,2968,4788,1,,"Currently flat. EMA fast (64073.7) and EMA slow (64073.6) are essentially flat/crossing, RSI14 at 47.5 is below 50, indicating choppy, indecisive conditions per the regime notes. H1 shows mild bullish tilt (emaFast>emaSlow, RSI 54) but base interval lacks confirmation. No clear edge to clear fees; better to wait for a fresh confirming close with RSI back above 50 and EMA fast reclaiming EMA slow before entering long.",
2026-07-11 03:00:08.494575+00,BTC/USDT,long,0.4,2879,350,0,2968,6342,1,,"EMA fast (64102) is now above EMA slow (64087) with RSI14 at 55.4 — confirming a mild uptrend without being overbought. H1 EMAs also aligned bullish (64057 vs 63964, RSI 57). Price just broke to a local high (64158) with rising volume and orderbook shows bid-heavy imbalance (2.4x). This aligns with playbook entry criteria: trend+momentum agreement, not extended. Using a modest position size given the choppy history in recentDecisions, with a tight stop and asymmetric TP to clear fees.",
2026-07-11 03:30:05.205127+00,SOL/USDT,hold,0.2,2290,216,0,2967,4219,1,,"EMA fast (77.74) remains below EMA slow (77.82) on base interval, RSI14 at 43 is below 50, and 1h EMAs also show fast below slow (77.94 vs 78.16), confirming a persistent downtrend/chop regime. No confluence for a long entry; staying flat avoids fighting the prevailing bearish momentum and unnecessary fee drag on a low-edge setup.",
2026-07-11 04:45:07.779919+00,ETH/USDT,long,0.5,2436,331,2968,0,5646,1,,"Trend confluence remains intact: emaFast (1796.15) above emaSlow (1794.99), RSI14 at 58.9 (bullish but not overbought), and 1h EMA trend strongly bullish (1793.5 vs 1787.8, RSI 58.5). Price just made a fresh high (1800.18) with strong volume, confirming continuation. Entering with a modest pullback offset to avoid chasing the wick, tight stop below recent structure, and a take-profit that clears fees with good asymmetry.",
2026-07-11 04:45:08.409837+00,LINK/USDT,long,0.45,1617,279,2967,0,7900,1,,"15m EMA fast>slow, RSI14 ~63 (healthy, not extreme), and 1h EMA/RSI confirm uptrend. Price broke above recent range with rising close. Order book slightly bid-heavy (1.39). Entering with tight risk given prior small loss on a similar setup - using modest size and clear stop/target respecting fee floor.",
2026-07-11 05:30:06.340352+00,XRP/USDT,long,0.45,2374,357,2968,0,5925,1,,"EMA fast (1.10612) remains above EMA slow (1.10580) with RSI14 at 55 (bullish, not overbought), and H1 confirms with EMA fast above slow and RSI just above 50. Latest closed candle shows a strong bullish push (close 1.107, high 1.1071) after consolidation, with bid-heavy order book imbalance (1.52) supporting near-term upside. Prior long attempt was stopped early by noise; sizing smaller this time and placing entry slightly below close to avoid chasing, with a tight but fee-clearing stop and asymmetric target.",
2026-07-11 05:45:08.145112+00,LINK/USDT,long,0.45,1743,319,0,2967,5613,1,,"15m EMA fast (7.998) above slow (7.987), RSI14 ~62 (healthy uptrend, not overbought), and 1h EMA/RSI confirm the same trend (EMA fast>slow, RSI 63). Price has been grinding higher with successive closes above 8.00. Order book roughly balanced (0.53 imbalance) but spread tight. Entering with modest size on trend continuation, tight stop below recent swing lows to manage the risk of a pullback.",
2026-07-11 06:00:07.205841+00,SOL/USDT,hold,0.2,2426,258,2967,0,6302,1,,"Base-interval EMA fast (77.814) is just barely above EMA slow (77.811) with RSI14 at 54, a marginal bullish flip, but the 1h timeframe still shows fast below slow (77.88 vs 78.08) with RSI 45.6 — no confluence across timeframes yet. This looks like the tail end of chop rather than a confirmed trend, and prior holds through similar marginal setups avoided unnecessary fee drag. Prefer to wait for a clearer confirming close with 1h agreement before committing capital.",
2026-07-11 06:30:06.266519+00,SOL/USDT,hold,0.3,2563,286,0,2967,5379,1,,"Base EMA fast (77.85) just barely above EMA slow (77.83) with RSI14 at 57 — a modest bullish tilt, but the 1h timeframe still shows fast below slow (77.88 vs 78.08) with RSI 45.7, signaling conflicting trend context. Price has been choppy in a tight 77.5-78.1 range for the last several hours with no decisive breakout. Given fee drag and lack of clean multi-timeframe confluence, staying flat is the better risk/reward choice; will look for a confirmed close above recent highs (~78.05-78.1) with 1h alignment before committing long.",
2026-07-11 06:45:07.973618+00,SOL/USDT,hold,0.2,2684,263,1205,2205,5085,2,,"Base EMA fast (77.90) is above EMA slow (77.85) with RSI14 at 61, showing modest bullish tilt, but the 1h timeframe still shows fast below slow (77.88 vs 78.08) with RSI 45.7 — conflicting timeframes, not a decisive confluence. Price just popped to 78.08 but this looks like a bounce within chop rather than a persistent trend, consistent with the playbook's caution against borderline entries. Staying flat until higher-timeframe trend confirms alignment with base-interval momentum.",
2026-07-11 07:00:07.034406+00,SOL/USDT,hold,0.3,2826,273,0,3410,6119,2,,"Base EMA fast (77.93) is modestly above EMA slow (77.87) with RSI14 at 60, showing some bullish tilt, but the 1h timeframe still shows fast below slow (77.92 vs 78.07) with RSI 48.7 — timeframe conflict persists. Price has bounced into range highs (78.06-78.12) but this isn't a decisive, persistent trend across timeframes; playbook and recent history both flag these borderline flips as low-edge and unprofitable after fees. Staying flat until 1h confirms alignment or base trend gets more decisive.",
2026-07-11 07:15:08.366962+00,BTC/USDT,long,0.45,2880,366,2968,0,6220,1,,"EMA fast (64199) remains above EMA slow (64168) with RSI14 at 58.4 — bullish but not overbought. H1 trend agrees (emaFast 64130 > emaSlow 64031, RSI 58.6). Price pulled back slightly from a local high (64265) to 64218, offering a modest dip-buy entry within the uptrend. Order book shows more bid depth than ask (imbalance 0.62 skew toward bids... actually below 1 means less bid, still balanced). Setting a tight stop below recent swing low (~64176) and a take-profit that clears fees with reasonable R:R.",
2026-07-11 07:15:10.163175+00,SOL/USDT,hold,0.3,2832,250,0,2967,9218,1,,"Base EMA fast (77.94) sits marginally above EMA slow (77.88) with RSI14 at 55, a mild bullish tilt, but the 1h timeframe still shows fast below slow (77.92 vs 78.07) with RSI 48.7 - persistent timeframe conflict. Last candle also closed down off the highs (78.11->77.98), showing some stalling. No clean confluence yet to justify a long entry with adequate edge over fees; staying flat and waiting for confirmation across timeframes.",
2026-07-11 07:30:06.219616+00,SOL/USDT,hold,0.2,2840,258,0,2967,5349,1,,"Base EMA fast (77.96) is only marginally above EMA slow (77.89) with RSI14 at 58, a mild bullish tilt, but 1h timeframe still shows fast below slow (77.92 vs 78.07) with RSI 48.7 — persistent timeframe conflict. Price has chopped in a tight 77.5-78.1 range for the entire window with no decisive breakout. Given repeated false signals in recent decisions and thin edge relative to fees, staying flat until base and 1h trends align is the disciplined choice.",
2026-07-11 07:45:06.057607+00,SOL/USDT,hold,0.3,2837,284,0,2967,5184,1,,"Base EMA fast (77.97) is marginally above EMA slow (77.91) with RSI14 at 56, a mild bullish tilt, but 1h timeframe still shows fast below slow (77.92 vs 78.07) with RSI 48.7 - persistent timeframe conflict. Price is chopping in a tight 78.0-78.1 range with no clean breakout, consistent with the low-edge regime described in the playbook. Fees would erode any edge from a thin range trade, so continuing to hold flat until either the 1h trend flips bullish or a decisive breakout with volume confirms the base-interval tilt.",
2026-07-11 08:00:05.823046+00,SOL/USDT,hold,0.3,2833,258,0,2967,4953,1,,"Base EMA fast (77.98) marginally above EMA slow (77.91) with RSI14 at 56 - mild bullish tilt persists, but 1h EMAs remain bearish (fast 77.93 < slow 78.07, RSI 47.6), continuing the same timeframe conflict seen over the last 10 holds. No fresh confirming close or momentum breakout to justify entry; price is chopping in a tight range (77.5-78.1) with repeated failed bullish tilts. Staying flat until base and 1h timeframes align.",
2026-07-11 08:15:06.273897+00,SOL/USDT,hold,0.3,2834,265,0,2967,5398,1,,"Base EMA fast (77.99) marginally above slow (77.93) with RSI14 at 58 - mild bullish tilt continues, but 1h timeframe still shows fast below slow (77.93 vs 78.07) with RSI 47.6, the same persistent timeframe conflict seen over the last 10 holds with no meaningful follow-through in either direction. Price has been chopping in a tight ~77.5-78.1 range for the full window. No fresh confirming breakout or momentum surge to justify entry against fees; staying flat until base and 1h trends align.",
2026-07-11 08:30:06.973033+00,SOL/USDT,hold,0.2,1492,306,1205,2205,6097,2,,"Base 15m trend is only mildly bullish (emaFast 78.01 vs emaSlow 77.95, RSI 57), but higher timeframes disagree: h1 emaFast is below emaSlow and RSI below 50, h4 also shows emaFast just below emaSlow with RSI ~39. This lack of multi-timeframe confluence plus a small recent range (ATR ~0.14 on a 78 price) means the projected move doesn't clearly clear several multiples of the ~20bps round-trip cost. Per playbook lessons, borderline trend signals without HTF agreement have produced negative edge recently. Staying flat until trend is decisively confirmed across timeframes.",
2026-07-11 08:30:07.901414+00,BTC/USDT,hold,0.4,1574,256,3411,0,5782,2,,"Already long with a small unrealized gain (~0.10%). Trend context is mildly favorable: EMA fast>slow on base, 1h and 4h EMA also trending up, RSI14 at 60 (healthy, not overbought). However momentum is not decisively strong and price just pulled back slightly (ret1 negative). No clear breakdown signal (RSI still above 50, EMAs not crossing back), so no reason to exit yet. Holding current position rather than adding or closing; will reassess on next close for trend continuation or breakdown.",
2026-07-11 08:30:10.135202+00,XRP/USDT,hold,0.4,1624,348,3411,0,5712,2,,"Already long from prior entry near 1.1061, currently modestly in profit (~+0.17%). Trend signals are mixed: 15m EMA fast/slow barely separated (1.10753 vs 1.10706), RSI14 at 56 is neutral-to-mild bullish, 1h trend agrees weakly (emaFast>emaSlow, RSI 54.7), but 4h shows emaFast<emaSlow with RSI below 50, suggesting the higher timeframe trend is not yet confirmed. Per playbook, this is a borderline/choppy setup, not a decisive trend, so I won't add or take profit prematurely — holding the existing position and letting it play out with existing risk controls (bot stop/backstop) rather than adding",
2026-07-11 08:30:10.366019+00,ETH/USDT,hold,0.55,1665,263,3411,0,8248,2,,"Already long with a small unrealized gain (~0.28%). Trend remains intact: EMA fast > EMA slow on base, 1h and 4h timeframes all agree, RSI14 at 61 (bullish but not overbought), price grinding higher with orderbook showing heavy bid depth near touch. No break of trend structure yet, so no reason to exit. Move since entry is still modest relative to fees, so holding rather than adding or closing is the disciplined choice until either momentum clearly extends further or trend shows a break (EMA cross down or RSI<45).",
2026-07-11 08:30:10.522699+00,LINK/USDT,hold,0.5,1530,300,3410,0,5997,2,,"Already long with a small unrealized gain (+0.15%). Trend context remains constructive: base EMA fast>slow, RSI14 ~59 (bullish but not overbought), and 1h/4h EMAs also trending up, agreeing with the position thesis. Price just pushed to a fresh local high (8.013-8.016) on decent volume, so the uptrend hasn't broken. No clear reversal signal (no EMA cross-back, RSI still above 50) to justify closing now, and adding here would be chasing after a run-up. Best action is to hold the existing long and let the current plan's stop/take-profit/time management play out rather than re-entering or exiting",
2026-07-11 08:45:07.045669+00,ETH/USDT,hold,0.55,1665,246,762,2206,4944,1,,"Already long with a modest unrealized gain (~0.35%). Trend remains constructive: emaFast>emaSlow on base interval and both 1h/4h confirm uptrend, RSI14 at ~65 is elevated but not yet overbought/extended past 70. No fresh confirming breakout to add, and price is stretched slightly above recent range, so avoid chasing. Keep existing position and let it run rather than opening a new plan; will reassess if trend breaks (EMA cross down or RSI<45).",
2026-07-11 08:45:07.139693+00,XRP/USDT,hold,0.5,1629,254,762,2206,4669,1,,"Already long with a small unrealized gain (~0.16%). Trend remains intact: EMA fast above EMA slow on base and 1h timeframes, RSI14 at ~55 (healthy, not overbought), 4h trend also positive though softer. No clear exit trigger (no bearish EMA cross, RSI still above 45) and no fresh strong entry signal either since we're already positioned. Holding the existing position rather than adding or exiting avoids unnecessary fee drag while the thesis (uptrend continuation) still holds.",
2026-07-11 08:45:07.365259+00,BTC/USDT,hold,0.5,1570,241,762,2206,5272,1,,"Already long with a small unrealized gain (~0.16%). Trend remains supportive: EMA fast>slow on base, 1h and 4h EMA confluence bullish, RSI14 at 64 (healthy, not yet overbought). No fresh confirming breakout signal strong enough to add, and thesis hasn't broken (RSI well above 45, EMA fast still above slow). Best action is to hold the existing position and let the plan already governing it play out rather than churn fees on a marginal add.",
2026-07-11 08:45:07.506765+00,SOL/USDT,long,0.35,1507,325,0,2967,6567,1,,"15m trend shows EMA fast above slow with RSI14 ~60, confirming mild bullish momentum without being overbought. However, 1h EMA is nearly flat/slightly bearish and 4h EMA/RSI (38.6) show a weaker higher-timeframe backdrop, so conviction is modest. Order book has a bit more ask depth than bid, and spread is tight. Taking a small long with a tight stop and modest target that clears fees, sized conservatively given mixed HTF confluence.",
2026-07-11 08:45:14.104264+00,LINK/USDT,hold,0.6,1529,275,762,2205,5578,1,,"Already long with a small unrealized gain (~0.15%). Trend remains intact: EMA fast above slow on base interval, 1h and 4h EMA fast above slow too, RSI14 at 60 (bullish but not overbought). No exit signal triggered (RSI still above 45, EMAs not crossed). Holding the existing position rather than adding or exiting; recent pullback to 7.98 area then bounce back to 8.01 looks like normal noise within an uptrend, not a trend break. Will continue to monitor for EMA cross-down or RSI drop below 45 as exit triggers.",
2026-07-11 20:37:28.075859+00,XRP/USDT,hold,0.5,1624,285,0,3411,2012481,2,,"Already long with a solid unrealized gain (~0.76%). Trend remains intact: EMA fast (1.1132) above EMA slow (1.1106) on base timeframe, RSI14 at 65 still below overbought 70, and 1h EMA trend also positive. However, the last closed candle shows a sharp pullback (-0.28% ret1) from the recent high near 1.1177, suggesting momentum may be cooling after an extended run. Rather than add exposure into a possible short-term reversal, hold the existing position and let the plan's stop/take-profit manage risk; no fresh entry signal justifies increasing size here.",
2026-07-11 20:37:28.460173+00,LINK/USDT,flat,0.8,1519,294,0,3410,2012801,2,,"Position is up ~1.3% with RSI14 at 81.3, deeply overbought and well past the ""below 70"" threshold that would justify holding for continuation. Price has run up sharply (ret5 +1.24%) with a large gap/candle discontinuity visible in the recent bars, suggesting an extended, exhaustible move rather than sustainable trend continuation. Per playbook discipline, avoid chasing after overbought RSI and lock in the gain now rather than risk giving back a meaningful share of peak unrealized PnL on a reversal. Closing to flat protects the realized profit; can re-enter later on a fresh, less extended confi",
2026-07-11 20:37:55.453347+00,LINK/USDT,hold,0.3,1716,294,762,2205,6121,1,,"Position status shows LONG still open (prior 'flat' call may not have executed or position was reopened). Price pulled back from 8.102 to 8.079, RSI14 cooled to 69 from 81 but still elevated near overbought. EMA fast remains above slow on base and 1h, trend intact, but ret1 is negative (-0.28%) showing momentum stalling after the extended run. With unrealized gain still ~1% and RSI easing from extreme, avoid adding or chasing; holding without new entry is prudent while monitoring for a confirmed break below EMA fast or RSI<45 to exit. No new long entry warranted here given already-extended mov",
2026-07-11 21:05:15.783873+00,BTC/USDT,hold,0.5,1569,247,0,2968,20679,1,,"Already long with a modest unrealized gain (~0.27%). Trend remains intact: EMA fast (64314) above EMA slow (64279), RSI14 at 58 (healthy, not overbought), and 1h EMA confluence still bullish. Price has grinded higher across the last several closes without a breakdown signal. No exit trigger (no EMA cross-down, RSI still above 45) and no fresh confirming setup to add. Holding the existing position and letting the plan continue to manage exits is appropriate.",
2026-07-11 21:05:17.255317+00,ETH/USDT,flat,0.7,1649,304,0,2968,22101,1,,"Already long with a solid unrealized gain (~1.67%). RSI14 has climbed to 73.6, firmly overbought and past the ideal 50-70 entry zone, signaling the move is extended and risk of pullback/mean-reversion is elevated. Price has run up sharply (ret20 +1.45%) with recent ret5 slightly negative, hinting momentum is stalling near highs. Rather than risk giving back a meaningful share of the peak gain per the exit playbook, lock in profits now while trend still technically intact but momentum overheated. Round-trip cost (~20bps) is easily cleared by the current 1.67% gain, so realizing it is the discip",
2026-07-11 21:05:19.407856+00,LINK/USDT,flat,0.7,1777,283,0,2967,24102,1,,"Position is up ~0.98% unrealized with RSI14 still elevated at 67.5, cooling from a prior overbought 81 reading. Price has pulled back three consecutive closes (8.102→8.079→8.075), showing momentum stalling after an extended run. EMA fast remains above slow so trend isn't broken outright, but the repeated failed hold calls during this overbought/pullback phase suggest locking in gains now is prudent rather than risking a deeper mean-reversion that erodes the unrealized profit. Prefer flat to preserve gains given the thesis (fresh momentum continuation) is weakening.",
2026-07-11 21:05:22.382645+00,XRP/USDT,hold,0.5,1824,289,762,2206,5761,1,,"Already long with ~0.75% unrealized gain. Trend still intact: EMA fast (1.1139) above EMA slow (1.1114) on base timeframe, 1h EMA also bullish, RSI14 at ~62 (healthy, not extended). However last candle closed down (-0.13%) and price pulled back from the 1.1176 high, with the current bar showing weakening momentum. No fresh confirming close for adding, and no clear trend break yet to justify exiting. Maintaining current position without new entry or exit action; will reassess as new bars close for signs of RSI dropping below 45 or EMA cross that would trigger flat.",
2026-07-11 21:05:24.437119+00,BTC/USDT,hold,0.6,1771,296,0,2968,5050,1,,"Already long with unrealized gain (~0.38%). Trend remains intact: EMA fast (64337) above EMA slow (64293), RSI14 at 62 (healthy, not overbought), and 1h EMA confluence still bullish (fast>slow). Price just printed a fresh high close with momentum (ret1 +0.10%). No trend break signal (no EMA cross, RSI still above 50/45 threshold), so holding the existing position rather than adding or exiting is appropriate. Order book shows strong bid imbalance (3.88x) supporting continuation. Will reassess exit if RSI drops below 45 or EMA fast crosses below slow.",
2026-07-11 21:22:15.300153+00,SOL/USDT,hold,0.45,1595,360,0,2967,1012074,1,,"Already long from prior entry at 78.04, currently in small profit (~0.29%). 15m trend remains constructive: EMA fast (78.125) above EMA slow (78.063), RSI14 at 60 (bullish but not overbought), price grinding higher with tight spread and decent bid-side imbalance (0.60). However, 1h EMA fast is below EMA slow and 1h RSI near 48, showing weaker higher-timeframe confirmation, so I won't add to the position. Holding the existing long lets the position run since the base-interval thesis is intact and momentum hasn't broken (RSI still above 45, EMA fast still above slow), while avoiding a fresh entr",
2026-07-11 21:22:33.676214+00,LINK/USDT,flat,0.6,1909,264,0,2967,5160,1,,"Position is up ~1.08% unrealized. RSI14 at 69.3 remains elevated near overbought territory, and prior flat calls at similar levels were correct in avoiding further chase. Price already ran significantly (ret20 +0.99%) and my last 'flat' decision apparently didn't execute or position was reopened. Rather than repeat the same mistake of holding through an extended move, lock in gains now while trend is still technically intact but momentum is stretched. Fees are covered by the current gain, and RR from here is unfavorable versus giving back peak gains.",
2026-07-12 07:30:07.334375+00,BTC/USDT,flat,0.6,1565,252,2968,0,5140,1,,"Existing long is underwater (-0.5%) and trend has broken down: EMA fast (63844) is below EMA slow (63920), RSI14 at 44 (below the 45/50 threshold), and 1h EMA/RSI confirm bearish momentum (h1 emaFast<emaSlow, rsi 39.7). Price has been declining over the last several bars with lower highs. The original long thesis no longer holds and there's no fresh confirming bullish close, so exit to flat rather than risk further downside toward the backstop.",
2026-07-12 07:30:07.598877+00,ETH/USDT,hold,0.3,1618,224,2968,0,5373,1,,"Already holding a small long near breakeven. EMA fast has crossed below EMA slow on base interval and RSI14 is 42 (below 50), with 1h EMA also bearish-leaning — the trend that would justify adding is not present. Price is choppy around 1795-1800 with no clear confluence. Rather than add or flip aggressively, hold current position and let existing risk controls manage it; will look to exit if further weakness confirms trend break.",
2026-07-12 07:30:08.092315+00,XRP/USDT,flat,0.7,1590,242,2968,0,5615,1,,"Existing long is underwater (-1.27%) with trend broken: emaFast<emaSlow on both 15m and 1h, RSI14 at ~40 and falling, price making lower lows since the ~1.10 peak. Playbook exit rule (EMA cross down + RSI<45) is clearly met, and htf 1h trend is also bearish. No confluence supports holding for a bounce; better to cut and preserve capital rather than hope for a mean-reversion that isn't confirmed yet.",
2026-07-12 07:30:23.616395+00,LINK/USDT,flat,0.6,1485,250,2967,0,5017,1,,"Position is underwater (-0.25%) and the trend that justified entry has broken: EMA fast (7.9747) is below EMA slow (7.9810) on base interval, RSI14 at 48 is under 50, and 1h EMAs are also bearish (fast below slow, RSI 45.7). Price bounced off a local low but momentum is weak/choppy with no confirming reclaim of EMA slow. Per exit rules, prefer flat over holding a broken thesis rather than waiting for the backstop to trigger.",
2026-07-12 07:45:07.783758+00,ETH/USDT,flat,0.6,1751,277,1205,2206,5587,2,,"Base EMA fast (1797.7) sits below EMA slow (1800.4), RSI14 at 43 (below 50), and 1h EMA trend is also bearish-leaning — the trend that justified this position has broken. Position is only marginally positive (+0.05% unrealized) after being roughly breakeven with a small realized loss already. Per playbook and rules, when the thesis breaks it's better to exit clean rather than hold through further chop, especially with 4h trend mixed and no fresh confirming bullish close. Taking the small gain and stepping to flat rather than risking a round trip back to loss.",
2026-07-12 09:45:06.678687+00,SOL/USDT,hold,0.25,1469,256,2967,0,5721,1,,"15m EMA fast/slow are essentially flat and crossing (76.64 vs 76.63), RSI14 at 56 is mild and not strongly trending, while the 1h trend is actually bearish (emaFast 76.78 below emaSlow 77.16, RSI 42.7) — conflicting timeframes suggest chop rather than a clean trend. Price just bounced off a local low with a small recovery candle but lacks confirmation and htf headwind reduces edge after fees. Better to stay flat and wait for aligned confluence.",
2026-07-12 09:45:07.474342+00,XRP/USDT,hold,0.2,1553,254,2968,0,4986,1,,"Base-interval EMA fast/slow are essentially flat and crossing (1.09338 vs 1.09374), RSI14 is neutral at 55.5, and the 1h trend is bearish (emaFast well below emaSlow, RSI42.8) — conflicting signals across timeframes. Price just spiked on the current forming candle but that's unconfirmed. No clear trend/momentum confluence to justify a long entry per the playbook's own criteria, so staying flat avoids paying fees on a low-edge, choppy setup.",
2026-07-12 09:45:07.6183+00,BTC/USDT,hold,0.2,1546,280,2968,0,5415,1,,"Base-interval EMA fast/slow are essentially flat and crossing (63932 vs 63938), RSI14 at 53 is near neutral, and the 1h trend shows EMA fast below EMA slow with RSI below 50 — no confluence across timeframes. Price just had a sharp bounce off a dip but this looks like noise within a choppy range rather than a confirmed uptrend. Fees (20bps round trip) would likely erase any edge from this marginal setup. Better to wait for a clean trend confirmation (EMA fast > slow with RSI >50 and 1h agreement) before committing capital.",
2026-07-12 09:45:08.210713+00,LINK/USDT,long,0.4,1467,328,2967,0,5567,1,,"15m EMA fast is above EMA slow with RSI14 at ~58 (bullish but not overbought), and price just broke back above recent consolidation (8.024 vs prior chop near 7.97-8.01). H1 trend is roughly flat/neutral, so confidence is moderate rather than high. Order book shows bid-heavy imbalance (2.03) supporting near-term upside. Setting a modest entry below close, a stop beyond recent noise, and a take-profit that clears fees with good asymmetry.",
2026-07-12 10:00:06.005892+00,SOL/USDT,hold,0.3,1580,263,0,2967,5056,1,,"15m EMA fast/slow remain nearly flat (76.66 vs 76.64) with RSI14 at 52.8 - no clear momentum. The 1h trend is bearish (emaFast 76.77 below emaSlow 77.20, RSI 40.2), conflicting with any bullish bias on the base timeframe. Price action is choppy in a tight range (~76.4-77.0) over the last several hours. No confluence across timeframes to justify a long entry, and thin edge would likely be eaten by fees. Staying flat until trend and momentum align.",
2026-07-12 10:00:07.476734+00,XRP/USDT,hold,0.2,1671,266,0,2968,4997,1,,"Base EMAs are essentially flat/crossing (1.09366 vs 1.09383) with RSI14 near 51 — neutral momentum, no clear trend edge. The 1h timeframe is outright bearish (emaFast well below emaSlow, RSI ~38), conflicting with any long thesis. Price just spiked into resistance near 1.097 and pulled back, suggesting choppy conditions rather than a clean breakout. No confluence across timeframes to justify a long entry that clears the fee/edge threshold, so staying flat is the disciplined choice.",
2026-07-12 10:00:07.625242+00,BTC/USDT,hold,0.2,1655,275,0,2968,5441,1,,"Base EMA fast/slow remain essentially flat and intertwined (63938 vs 63940), RSI14 near neutral at 50.6, and price just dropped from 64007 to 63961 on the last close. The 1h timeframe shows EMA fast below EMA slow with RSI below 50, contradicting any bullish base-interval bias. No clean trend/momentum confluence exists to justify a long entry, and recent chop (64000-64200 range oscillation) suggests low-edge conditions where fees would likely erode any thin gain. Staying flat until a clear directional confirmation emerges.",
2026-07-12 10:15:05.279753+00,SOL/USDT,hold,0.2,1731,230,0,2967,4342,1,,"15m EMA fast/slow remain nearly flat (76.68 vs 76.65) with RSI14 at 52.4, showing no clear directional edge. The 1h trend is still bearish (emaFast 76.77 below emaSlow 77.20, RSI 40.2), conflicting with a long bias. Choppy, range-bound price action with no confluence across timeframes - low edge for a new long entry given fees. Staying flat until trend and momentum align.",
2026-07-12 10:15:06.655833+00,XRP/USDT,hold,0.2,1812,246,0,2968,4189,1,,"Base EMAs are essentially flat/crossing (emaFast 1.09385 vs emaSlow 1.09390) with RSI14 at 50.5 - neutral, no directional edge. The 1h timeframe remains bearish (emaFast well below emaSlow, RSI 38.3), conflicting with any long thesis. Recent price action is choppy with no clear trend confirmation. Per playbook, this is a low-edge chop regime - staying flat avoids paying fees on a thin/no edge.",
2026-07-12 10:30:07.072209+00,SOL/USDT,hold,0.2,1875,222,0,2967,4113,1,,"15m EMA fast/slow are only marginally positive (76.70 vs 76.66) and RSI14 at 53.8 is neutral, not showing strong momentum. The 1h trend remains bearish (emaFast 76.77 below emaSlow 77.20, RSI 40.2), which conflicts with taking a long here. No clear confluence across timeframes, so staying flat avoids paying fees on a low-edge chop setup.",
2026-07-12 10:30:07.905422+00,XRP/USDT,hold,0.2,1961,285,0,2968,5475,1,,"Base EMAs remain essentially flat/crossing (emaFast 1.09420 vs emaSlow 1.09406) with RSI14 at 53 - marginal, no strong momentum edge. The 1h timeframe is still bearish (emaFast 1.09615 below emaSlow 1.10092, RSI 38.3), conflicting with any base-interval long thesis. Orderbook shows more ask depth than bid (imbalance 0.32), suggesting limited near-term upside pressure. No clear confluence across timeframes to justify a long; staying flat avoids paying fees on a low-edge, choppy setup.",
2026-07-12 10:45:05.278621+00,SOL/USDT,hold,0.2,2030,234,0,2967,4330,1,,"15m EMA fast/slow remain close (76.71 vs 76.67) with RSI14 at 53, showing only mild momentum. The 1h trend is still bearish (emaFast 76.77 below emaSlow 77.20, RSI 40.2), conflicting with any bullish bias on the lower timeframe. Choppy/range conditions per playbook - no clear confluence to justify a long entry, so staying flat to avoid low-edge trades that fees would erase.",
2026-07-12 11:00:09.499383+00,XRP/USDT,hold,0.2,2133,222,1205,2206,6998,2,,"Base-interval EMAs are essentially flat/crossing (fast 1.09434 vs slow 1.09415), RSI14 at 51 is neutral, and the 1h timeframe remains bearish (emaFast well below emaSlow, RSI ~40) — no confluence for a directional trend. This is choppy, low-edge conditions per the recent pattern of failed entries; staying flat avoids paying fees on a thin edge.",
2026-07-12 11:30:07.429233+00,XRP/USDT,hold,0.2,2282,249,0,2968,4940,1,,"Base EMAs remain nearly flat/crossing (fast 1.09445 vs slow 1.09422) with RSI14 at 52.7 - marginal, no strong momentum edge. The 1h timeframe is bearish (emaFast 1.09590 below emaSlow 1.10037, RSI ~40), conflicting with any base-interval long thesis. Recent choppy price action with no consistent directional confirmation. No edge clears fees; staying flat per playbook guidance to avoid overtrading noise.",
2026-07-12 11:30:10.293874+00,SOL/USDT,hold,0.2,2195,236,0,2967,7344,1,,"15m EMA fast/slow are only marginally positive (76.73 vs 76.69) with RSI14 at 55.8 - mild momentum but not strongly trending. The 1h trend remains bearish (emaFast 76.76 below emaSlow 77.15, RSI 40.3), conflicting with any bullish bias on the lower timeframe. Repeated chop in recent bars with no follow-through supports staying flat rather than chasing a thin edge that fees would erase.",
2026-07-12 11:45:05.922426+00,SOL/USDT,hold,0.2,2350,260,0,2967,4981,1,,"15m momentum is improving (EMA fast 76.78 > slow 76.71, RSI 60) but the 1h (emaFast 76.76<emaSlow 77.15, RSI 40) and 4h (emaFast 77.37<emaSlow 77.92, RSI 47) trends are still bearish, creating conflicting signals across timeframes. Price is also right at the top of its recent range near session highs, so chasing here risks a reversal into resistance. Staying flat until higher-timeframe trend confirms alignment with the 15m uptick.",
2026-07-12 11:45:06.590814+00,BTC/USDT,hold,0.2,1848,259,2968,0,4394,1,,"Base-interval EMA fast/slow are essentially flat (63919 vs 63924) with RSI14 at 55, only marginally above neutral. 1h trend shows EMA fast below EMA slow with RSI below 50, disagreeing with the base timeframe, while 4h is more bullish — mixed confluence overall. This is the same choppy, range-bound setup that recent decisions correctly avoided; no clear edge to clear the ~20bps round-trip cost. Staying flat until a fresh confirming close aligns base and 1h trends.",
2026-07-12 11:45:07.603272+00,ETH/USDT,long,0.4,1620,332,2968,0,5397,1,,"Base timeframe shows EMA fast just crossing above EMA slow with RSI14 at 57 (bullish but not overbought), and 4h EMA trend is strongly up supporting momentum continuation. 1h trend is mildly bearish/neutral, so conviction is moderate. Price just broke higher off the recent range with strong volume on the last candle. Setting a modest entry near current close, tight stop below recent swing low, and a take-profit that clears fees with room, given ATR ~3.8 (~0.2% of price).",
2026-07-12 11:45:16.180171+00,XRP/USDT,hold,0.3,2450,315,0,2968,9684,1,,"Base EMAs are close but fast has ticked above slow (1.09504 vs 1.09451) with RSI14 at 57, and the last candle showed a strong breakout close (1.0955->1.0974) with bullish orderbook imbalance (2.39). However, 1h trend remains bearish (emaFast 1.0959 well below emaSlow 1.1004, RSI 40) and 4h is flat-to-slightly-bearish, so higher-timeframe confluence is missing. This looks like a short-term pop against a larger bearish/neutral backdrop rather than a confirmed trend change. Given repeated whipsaw in recent bars and fee drag, better to wait for HTF confirmation before committing capital.",
2026-07-12 12:00:06.605402+00,LINK/USDT,hold,0.55,1488,305,2967,0,5997,1,,"Already long with a small unrealized gain (~0.15%) and trend confluence remains intact: EMA fast (8.023) above EMA slow (8.013) on base interval, RSI14 at 57 (bullish but not overbought), and 1h EMA fast slightly above EMA slow with RSI 53 confirming mild uptrend. Price is grinding up in a tight range near recent highs with no bearish reversal signal (no EMA cross-down, RSI still above 50). No new entry needed since position is open; holding lets the existing plan/backstop manage risk while thesis remains valid. Will reassess exit if RSI drops below 45 or EMA fast crosses below EMA slow.",
2026-07-12 12:00:06.99092+00,XRP/USDT,hold,0.25,1555,220,0,2968,4513,1,,"15m trend shows mild bullish momentum (emaFast>emaSlow, RSI~54) but the 1h timeframe is bearish (emaFast<emaSlow, RSI~40), creating conflicting signals. Price just spiked into resistance near 1.098 then pulled back on the current forming candle. With no clear multi-timeframe confluence and modest edge versus fees, better to stay flat and wait for confirmation.",
2026-07-12 12:00:08.257577+00,BTC/USDT,long,0.35,1537,334,0,2968,6093,1,,"15m trend shows EMA fast above EMA slow with RSI14 at ~56 (bullish but not overbought), price reclaiming 64000 after a dip. However H1 timeframe shows EMA fast below EMA slow and RSI below 50, signaling conflicting higher-timeframe momentum, so sizing is kept small. Order book is thin with negligible imbalance, and orderbook/funding show no strong directional pressure. Taking a modest long on the 15m confluence with tight risk management given the mixed HTF signal.",
2026-07-12 12:00:10.204204+00,ETH/USDT,hold,0.3,1608,304,0,2968,8041,1,,"Already long a small position near breakeven (-0.08% unrealized). Base EMA fast/slow are essentially flat/crossing (1802.55 vs 1802.04) with RSI14 at 52.9 — weak, non-confirming momentum, and 1h EMA trend is actually bearish (fast below slow, RSI 47). This is choppy/range-bound per the regime notes, not a clean confluence setup. No fresh confirming breakout to justify adding, and exiting now would just eat fees on a marginal loss. Better to hold the existing position and wait for either a clear trend confirmation to add or a clear breakdown (EMA fast<slow with RSI<45) to exit.",
2026-07-12 12:15:07.87219+00,LINK/USDT,hold,0.6,1532,220,0,2967,5275,1,,"Already long with a small unrealized gain (~0.31%). Trend remains constructive: EMA fast above slow on base, 1h and 4h timeframes, RSI14 at 61 (bullish but not yet overbought). No exit signal triggered (EMA cross down, RSI<45, or meaningful pullback from peak). Holding the existing position rather than adding or exiting into strength; will look to manage exit if momentum fades.",
2026-07-12 12:15:08.999168+00,ETH/USDT,hold,0.4,1637,249,0,2968,6789,1,,"Already long near breakeven (unrealized +0.09%). Base-interval trend is modestly bullish (EMA fast>slow, RSI 57) and 4h trend strongly bullish, but 1h EMA fast is still below slow, showing mixed timeframe confluence. Price just pushed to session highs on this candle - not a fresh pullback entry, and adding here would be chasing. Keep existing position, no new entry warranted; will look to manage/exit if trend breaks (EMA cross down or RSI<45).",
2026-07-12 12:15:09.013588+00,XRP/USDT,long,0.45,1608,346,0,2968,6513,1,,"15m trend is constructive: emaFast (1.0968) above emaSlow (1.0955), RSI14 ~60 (bullish but not overbought), and price just broke to a fresh local high (1.0996) with rising volume on the last two bars. However, HTF signals are mixed (1h ema fast below slow, 4h also slightly bearish), so I'll size modestly and keep a tight risk plan. Entering near current close with a moderate stop and a take-profit that clears fees with good RR, and a short max hold since higher timeframe trend isn't fully confirming.",
2026-07-12 12:15:12.211982+00,BTC/USDT,hold,0.4,1596,235,0,2968,10030,1,,"Already long with a small unrealized gain (~0.18%). Base-interval trend remains modestly bullish (EMA fast above slow, RSI ~60), and 4h trend agrees, though 1h EMA is slightly bearish/mixed. No fresh confirming breakout signal to add, and exiting now would just eat fees on a marginal gain. Keep holding the existing position and let the plan's stop/target/max-hold manage the exit rather than reacting to this single candle.",
2026-07-12 12:30:06.999663+00,BTC/USDT,hold,0.4,1700,238,0,2968,4801,1,,"Already long with a small unrealized gain (~0.10%). Base 15m trend still mildly bullish (EMA fast above slow, RSI ~56) and 4h trend is bullish, but 1h EMA fast is below slow, showing mixed higher-timeframe signal, and the last candle pulled back from the highs. Not a clean confirming breakdown yet, so no reason to exit, but also no fresh strong entry signal to add. Holding the existing position without adjusting the plan.",
2026-07-12 12:30:07.191627+00,ETH/USDT,hold,0.4,1751,234,0,2968,4960,1,,"Already long with a small unrealized gain (+0.13%). Base trend remains modestly bullish (EMA fast>slow, RSI 58) and 4h trend strongly bullish, though 1h is still mixed (fast slightly below slow). No fresh breakdown signal yet — RSI hasn't dropped below 45 and EMA fast/slow haven't crossed bearish. Holding the existing position rather than adding or exiting; will reassess if momentum fades further.",
2026-07-12 12:30:10.116019+00,SOL/USDT,long,0.35,1508,410,0,2967,7128,1,,"Base 15m trend is bullish: EMA fast(76.94)>slow(76.82), RSI14 63.7 (above 50, not yet overbought), price grinding up with fresh highs. However 1h/4h EMAs are bearish (h1 fast<slow, h4 fast<slow), so this is a lower-timeframe momentum trade against higher-timeframe resistance — sizing kept small. Order book has bid-heavy imbalance (0.74 ask/bid... actually imbalance>1 favors bids, here 0.74 slightly favors asks) and tight spread. Enter modest long with tight risk given HTF headwind, targeting a quick continuation move, with a stop below recent swing and a take-profit sized for at least 1.5x the",
2026-07-12 12:30:20.917424+00,LINK/USDT,hold,0.6,1633,267,0,2967,6288,1,,"Already long with a modest gain (~0.36%). Trend remains intact: EMA fast (8.031) above EMA slow (8.019) on base interval, 1h EMA fast above slow, 4h trend strongly bullish, RSI14 at 62 — bullish but not extended. No exit trigger (RSI hasn't dropped below 45, EMA cross hasn't reversed). Price is grinding up steadily with tight spread and balanced order book. Continue holding the existing position rather than adding or exiting; no new entry needed since we're already positioned in line with the trend.",
2026-07-12 12:45:06.714348+00,BTC/USDT,hold,0.3,1833,272,1205,2206,4526,2,,"Already long with a marginal unrealized gain (~0.06%). Base 15m trend is mixed-to-mildly bullish (EMA fast slightly above slow, RSI ~54), but 1h EMA fast is below slow (bearish divergence) while 4h remains bullish - not the decisive, persistent trend the playbook calls for. Price stalled just under recent highs (~64135) and pulled back. No clear trend break yet (RSI still above 50), so no urgent exit signal, but also no fresh confirming strength to add or justify a new entry. Holding current position without adding risk.",
2026-07-12 12:45:07.313948+00,ETH/USDT,hold,0.3,1883,293,1205,2206,5118,2,,"Already long with a tiny unrealized gain (+0.05%). Base trend is mildly bullish (EMA fast slightly above slow, RSI ~55) and 4h trend is strongly bullish, but 1h EMA fast remains below slow, so the multi-timeframe confluence is still mixed. Price stalled just under 1808 after a small pullback. No fresh confirming breakout or clear trend acceleration to justify adding, and current position isn't showing signs of thesis breakdown (RSI still above 45, EMA fast still above slow), so holding rather than exiting or adding is the disciplined choice per the playbook's tightened entry bar.",
2026-07-12 12:45:15.286352+00,LINK/USDT,hold,0.6,1777,247,1205,2205,4651,2,,"Already long with a modest gain (~0.29%). Trend remains intact: EMA fast (8.033) above EMA slow (8.021) on base interval, 1h EMA fast above slow, 4h trend strongly bullish, RSI14 at 59 — bullish but not overbought. Last candle showed a small pullback but no break of trend structure. No exit trigger (no EMA cross-down, RSI still well above 45). Continue holding the existing position rather than adding or exiting; let the managed plan run its course.",
2026-07-12 13:00:07.015587+00,LINK/USDT,hold,0.6,1919,252,0,3410,4416,2,,"Already long with unrealized gain (~0.4%). Trend remains intact: EMA fast (8.036) above EMA slow (8.023) on base interval, 1h EMA fast slightly above slow, 4h strongly bullish, RSI14 at 62 — healthy bullish momentum, not yet overbought. No break of trend (no EMA cross-back, RSI still above 50). Continue holding the existing position rather than adding or exiting; will reassess if RSI drops below 45 or EMA fast crosses below slow.",
2026-07-12 13:00:07.590755+00,ETH/USDT,hold,0.3,2029,243,0,3411,5398,2,,"Already long with a modest unrealized gain (~0.10%). Base trend remains mildly bullish (EMA fast slightly above slow, RSI ~57) and 4h trend is strongly bullish, but 1h EMA fast is still below slow, so timeframe confluence is incomplete. No clear break of the existing thesis (RSI still above 50, EMA fast still above slow) to justify exiting, and no decisive new confirmation to add. Continue holding the existing position without adjusting the plan.",
2026-07-12 13:00:07.775695+00,BTC/USDT,hold,0.3,1964,294,0,3411,5593,2,,"Already long with a marginal unrealized gain (~0.06%). Base 15m trend is barely positive (EMA fast slightly above slow at 64017 vs 63982, RSI ~54) but 1h EMA fast is below slow (bearish) while 4h is bullish - mixed higher-timeframe picture, not a clear confirmed trend. Recent similar holds have drifted slightly negative but the position thesis (mild uptrend) hasn't decisively broken - RSI still above 50 and price above both EMAs. Given fees and choppy recent action, avoid adding or exiting prematurely; continue holding the existing position without initiating a new plan.",
2026-07-12 13:15:04.989733+00,LINK/USDT,hold,0.6,2019,242,0,2967,4365,1,,"Already long with a solid unrealized gain (~0.54%). Trend remains intact: EMA fast (8.041) above EMA slow (8.027) on base interval, 1h EMA fast above slow, RSI14 at 65 — still bullish but approaching overbought, so avoid adding here. No trend-break signal (no EMA cross-down, RSI still above 45/50). Continue holding existing position and let the plan's stop/target manage risk rather than overtrading a still-intact uptrend.",
2026-07-12 13:15:06.786272+00,ETH/USDT,hold,0.4,2120,246,0,2968,4591,1,,"Already long with modest unrealized gain (+0.16%). Base trend remains mildly bullish (EMA fast above slow, RSI ~58) and 1h EMA is now roughly flat/converging, showing improving but not fully confirmed multi-timeframe alignment. Price is grinding higher slowly without a clear breakout or breakdown signal. No fresh confirming trigger to add, and no trend-break signal to exit yet, so holding the existing position is preferable to overtrading on small noisy moves.",
2026-07-12 13:15:06.84843+00,BTC/USDT,hold,0.3,2058,245,0,2968,4669,1,,"Already long with a marginal unrealized gain (~0.07%). 15m trend remains mildly bullish (EMA fast 64020 > slow 63987, RSI ~55), but 1h EMA fast is below slow, showing mixed higher-timeframe signals. Price is chopping just above 64000 without a clear breakout. No fresh confirming close to add, and thesis hasn't broken (RSI still above 50, EMA fast above slow) so no reason to exit yet. Holding current position without adding.",
2026-07-12 13:30:07.451892+00,BTC/USDT,hold,0.3,2210,261,0,2968,5257,1,,"Already long with a small unrealized gain (~0.09%). 15m trend remains mildly bullish (EMA fast 64025 > slow 63992, RSI ~55), but 1h EMA fast is still below slow, showing mixed higher-timeframe confirmation. Price action is choppy with no fresh confirming breakout, and fees (~20bps round trip) would erode any incremental scalp. No trend break signal (RSI still above 45, EMA fast still above slow) so no urgent reason to exit either. Continue holding the existing position without adding size.",
2026-07-12 13:30:07.477181+00,LINK/USDT,hold,0.6,2156,265,0,2967,4858,1,,"Already long with ~0.47% unrealized gain. Trend still intact: EMA fast (8.044) above EMA slow (8.029) on base interval, 1h EMA fast slightly above slow, RSI14 at 63 — bullish but nearing overbought, not yet a reversal signal. Last candle closed slightly red off highs, suggesting some cooling but no trend break (no EMA cross, RSI still above 50). Continue holding the existing position rather than adding or exiting; will reassess if RSI drops below 45 or EMA fast crosses below slow.",
2026-07-12 13:30:09.611312+00,ETH/USDT,hold,0.4,2253,224,0,2968,7399,1,,"Already long with a modest unrealized gain (+0.14%). Base trend remains mildly bullish (EMA fast above slow, RSI ~58) and 1h EMA fast/slow are converging but not yet confirming. No fresh breakdown signal (RSI still above 50, EMA fast still above slow), so no thesis break to force an exit, but momentum is not strong enough to add. Continue holding the existing position without adjusting the plan.",
2026-07-12 13:45:06.717821+00,ETH/USDT,hold,0.4,2388,273,0,2968,4527,1,,"Already long with a small unrealized gain (+0.13%). Base trend remains mildly bullish (EMA fast above slow, RSI ~57) and 1h EMA is now roughly flat, showing improving but still unconfirmed alignment. Price has been consolidating in a tight range near 1807-1808 for several bars without a clear breakout or breakdown. No fresh deterioration signal (RSI still above 50, EMA fast still above slow), so maintaining the existing position rather than adding or exiting; the thesis hasn't broken but there's no fresh confirming edge to increase size either.",
2026-07-12 13:45:07.187398+00,BTC/USDT,hold,0.3,2348,247,0,2968,4982,1,,"Already long with a marginal unrealized gain (~0.08%). 15m trend remains mildly bullish (EMA fast 64028 > slow 63996, RSI ~55) but ret1/ret5 are negative, showing recent pullback momentum, and 1h EMA fast is below slow (bearish divergence). No fresh confirming breakout to add, and the position hasn't broken down enough to warrant an exit. Continue holding and monitor for either a clean trend break (exit) or stronger confluence (add).",
2026-07-12 13:45:07.774821+00,LINK/USDT,hold,0.5,2301,265,0,2967,5151,1,,"Already long with a healthy ~0.4% unrealized gain. Trend still intact: EMA fast (8.045) above EMA slow (8.031) on base interval, 1h EMA fast slightly above slow, RSI14 at 60 - bullish but cooling off from prior 65 reading, still below overbought. Latest candle closed slightly red (8.049 vs prior 8.055) with a small pullback, but no clear trend break yet - EMA cross or RSI below 45 would signal exit. Continue holding the existing position rather than adding or exiting on noise.",
2026-07-12 14:00:07.57556+00,BTC/USDT,hold,0.3,2496,285,0,2968,5373,1,,"Already long with a marginal unrealized gain (~0.05%). Base 15m trend is barely bullish (EMA fast 64027 vs slow 63999, RSI ~53) but ret1 is negative and the last candle closed weak near the low, showing short-term momentum fading. 1h EMA fast remains below slow (bearish), so higher-timeframe confirmation is still mixed. No fresh breakdown signal yet (RSI still above 45, EMA fast still above slow), so the thesis hasn't clearly broken, but there's no strong edge to add either. Holding the existing position rather than adding or exiting on noise.",
2026-07-12 14:00:08.601378+00,ETH/USDT,hold,0.3,2523,320,0,2968,6394,1,,"Already long, near breakeven (+0.05%). Last close 1805.95 shows a slight pullback from recent highs; EMA fast (1806.34) still just above slow (1804.81) and RSI14 at 53 keeps trend modestly bullish, but momentum is fading (ret1 negative, wick down on last candle) and 1h EMA fast remains below slow, so multi-timeframe confirmation is still weak. Not a clear breakdown yet (RSI still above 45, EMAs not crossed), so no urgent exit signal, but also no fresh confirming strength to add risk. Continue holding existing position and wait for either a clean bullish confirmation to trail/add or a clear EMA",
2026-07-12 14:00:08.973361+00,LINK/USDT,hold,0.4,2443,319,0,2967,6351,1,,"Already long with a modest ~0.2% unrealized gain. Last close (8.033) printed a red candle that dipped below EMA fast (8.0425), and RSI14 has cooled to ~52.6 from earlier 60s, indicating momentum is fading though EMA fast is still marginally above EMA slow. Trend hasn't decisively broken (EMA fast still above slow, 1h trend still bullish), but the recent pullback and RSI cooling toward 50 suggest caution. No fresh confirming strength to add, and exiting now would lock a small gain but risk premature exit if this is just noise. Holding the existing position without adding size, watching for RSI ",
2026-07-12 14:15:07.504912+00,ETH/USDT,flat,0.6,2665,302,0,2968,5315,1,,"Trend thesis has broken: EMA fast (1805.96) is now barely above slow (1804.77) but price closed at 1804.42, below both, with RSI at 50 (flat momentum) and last close showing a clear pullback (1807.45→1805.95→1804.42) over the last three bars. Position is at a small unrealized loss (-0.04%) and has been round-tripping near breakeven for 8+ holds without a decisive trend confirmation. Per playbook exit rules, RSI dropping toward/below 45-50 and EMA convergence signal the bullish thesis weakening; better to cut here and avoid further chop/fee erosion than keep holding a directionless position.",
2026-07-12 14:15:08.340824+00,BTC/USDT,flat,0.6,2630,260,0,2968,6161,1,,"Position is now underwater (-0.02%) and thesis has broken: RSI14 dropped to 48 (below 50), EMA fast/slow are nearly flat with fast barely above slow, 1h EMA fast is below slow, and the last candle closed weak near its low with negative ret1/ret5. This matches the exit rule of trend justification breaking (RSI<50, momentum negative) rather than a one-bar wick. Given repeated holds already gave back small gains and now show a loss, better to cut and go flat than keep absorbing chop and fees.",
2026-07-12 14:15:10.376379+00,LINK/USDT,flat,0.7,2580,297,0,2967,5787,1,,"Trend that justified the long has broken: base EMA fast (8.037) is now below the recent close (8.016) and momentum has deteriorated sharply — last two candles are red, RSI14 dropped to 46 (below the 50 threshold and below the 45 exit trigger), and price closed below EMA slow (8.030). Position is already slightly negative (-0.12%) after peaking earlier. Per playbook exit rules, when EMA fast/slow relationship weakens and RSI drops below 45-ish with fading gains, prefer flat over holding a thesis that no longer holds. Closing to preserve realized gains and avoid further bleed while trend is uncl",
2026-07-12 14:30:07.640001+00,BTC/USDT,hold,0.2,2745,258,1205,2206,5429,2,,"Currently flat after exiting the prior long. Base 15m trend is marginal (EMA fast 64013 vs slow 63997, RSI ~51, essentially neutral) and 1h EMA is bearish (fast below slow), showing mixed/choppy conditions per the playbook's caution against borderline entries. Recent history of repeated marginal longs all lost money net of fees. No clear directional edge to justify a fresh long; staying flat until a decisive, confirmed trend with RSI comfortably above 50 and EMA separation emerges.",
2026-07-12 14:30:08.070286+00,LINK/USDT,hold,0.1,2692,288,1205,2205,5461,2,,"Now flat after exiting the prior long as the trend broke. Base EMA fast (8.033) is barely above EMA slow (8.028) but price closed below both, RSI14 at 46 is under 50, and momentum ret5/ret20 are negative — this is choppy/deteriorating, not a confirmed downtrend reversal to buy nor a fresh uptrend. 1h EMA is still mildly bullish but base timeframe is not confirming. Per playbook and recent negative outcomes from marginal entries, staying flat until a clear, decisive EMA/RSI confluence re-emerges is the better risk-adjusted choice.",
2026-07-12 14:30:12.041927+00,ETH/USDT,hold,0.2,2771,272,1205,2206,9820,2,,"Currently flat after exiting the prior weak-trend long. Base EMA fast (1805.88) is only marginally above slow (1804.85) with RSI ~52.5 — a borderline, non-decisive signal, and 1h EMA fast is still below slow, showing lack of higher-timeframe confirmation. Recent chop history (multiple small losing round trips) argues for a higher bar before re-entering. No clear directional edge that would exceed the ~20bps round-trip cost with a comfortable margin, so staying flat until a cleaner, more persistent trend confirmation emerges.",
2026-07-12 14:45:06.995915+00,SOL/USDT,hold,0.5,1494,332,3185,0,6046,1,,"Already long with a small unrealized gain (+0.18%). Base 15m trend is intact (EMA fast > EMA slow, RSI ~60), though 1h trend is mixed (emaFast < emaSlow on h1, RSI near 50), suggesting the higher timeframe hasn't fully confirmed. Re-attaching a managed plan since managedPlan is false: set a stop below recent structure and a take-profit that clears cost floor, with a moderate hold window to let the trend play out while protecting against a reversal.",
2026-07-12 14:45:07.073443+00,ETH/USDT,long,0.5,1583,283,3186,0,4848,1,,"Base-interval EMA fast is above EMA slow with RSI14 at 60 (bullish but not overbought), and H1 EMA trend agrees (fast slightly above slow). Price is grinding higher off a recent higher-low structure with orderbook imbalance favoring bids. Entering with a tight stop and asymmetric target given the low ATR (~3.5) environment.",
2026-07-12 14:45:07.94256+00,BTC/USDT,long,0.35,1511,316,3186,0,5734,1,,"Base-interval trend is mildly bullish (EMA fast above slow, RSI ~57, not overbought), but 1h EMA is slightly bearish/flat (fast below slow) and order book shows thin bid depth vs ask, so confluence is weak-to-moderate. Taking a small, tight-risk long near current price with a stop below recent structure and modest target that clears fees with 1.5x asymmetry, sizing conservatively given mixed higher-timeframe signal.",
2026-07-12 14:45:09.985517+00,XRP/USDT,hold,0.4,1587,319,3186,0,5509,1,,"Already long near breakeven (avgEntry 1.0987, current 1.0989). Base-interval trend is modestly bullish (EMA fast > slow, RSI 56.5) but 1h EMA shows fast below slow, signaling conflicting higher-timeframe trend. Rather than adding or exiting on this thin edge, I reattach a managed plan to the existing position with a stop below recent structure and a take-profit that clears fees, while capping hold time in case momentum stalls.",
2026-07-12 15:00:09.156506+00,LINK/USDT,long,0.45,1464,347,3185,0,6547,1,,"Strong bullish breakout candle (close 8.087, +0.66% ret1) on a volume surge, with EMA fast>slow on both 15m and 1h, RSI14 at 67 (bullish but not yet overbought >70), and 1h trend also up (EMA fast>slow, RSI 54). This is a fresh confirming breakout rather than a chase. However, RSI is elevated so I'll use a modest entry offset to avoid buying the exact spike top, tight-ish stop below recent consolidation, and a take-profit that clears fees with good asymmetry.",
2026-07-12 16:00:09.154966+00,BTC/USDT,hold,0.3,1637,307,3629,0,6999,2,,"Base-interval trend is bullish (EMA fast > slow, RSI ~61) and price just pushed to a fresh local high (64176 close, ret20 +0.51%), but the 1h EMA is still flat/mildly bearish (fast 64027 < slow 64045), so higher-timeframe confluence is missing. The recent playbook signal also shows prior borderline longs underperforming. Price has already run up sharply over the last few bars (64070->64213 high) without a pullback, making a fresh entry chase-prone rather than a confirmed breakout. Prefer to stay flat and wait for either a pullback entry with 1h confirmation or a clean continuation candle with ",
2026-07-12 16:15:06.043433+00,BTC/USDT,hold,0.2,1755,303,0,3629,5888,2,,"Price just dropped sharply from 64213 to 64061 (last candle -0.18%), RSI14 sits right at 50.4 (neutral, not confirming momentum), and EMA fast/slow are converging (64119 vs 64072) rather than showing a decisive trend. The 1h timeframe is also flat/mixed (fast 64027 vs slow 64045, barely diverging). This is exactly the borderline/choppy setup the playbook flags as low-edge — no confluence, no clear directional push that would comfortably clear the ~20bps round-trip cost. Staying flat until a fresh, decisive confirming close with RSI clearly above 50 and 1h agreement.",
2026-07-12 16:30:08.852255+00,ETH/USDT,long,0.55,1708,401,3186,0,6700,1,,"Trend and momentum remain aligned: EMA fast (1818.4) above EMA slow (1813.3), RSI14 at 65.9 (bullish but not yet extended past 70), H1 EMA trend also agrees. Price just broke higher with strong volume expansion (last few candles show a volume surge from ~600 to 5000+), confirming a fresh impulsive move rather than noise. Order book shows bid-heavy imbalance (2.4x) supporting near-term upside. Entering with a modest offset to avoid chasing the wick, tight-ish stop below recent structure, and a take-profit that clears fees with good asymmetry. Will manage exit via plan given RSI is approaching o",
2026-07-12 16:30:09.63287+00,BTC/USDT,long,0.4,1884,351,762,2424,7492,1,,"Base-interval trend has re-firmed: EMA fast (64131) > EMA slow (64081), RSI14 58 (bullish but not overbought), price just bounced off 64061 to close at 64177, near session highs with positive ret1/ret20. 1h EMA is roughly flat (fast 64027 vs slow 64045, close together), giving only mild confluence, so I'll size modestly. Order book shows heavy bid-side imbalance (17x) supporting near-term upside. Entering with a tight stop below recent swing low and a target that clears fees with reasonable R:R.",
2026-07-12 17:00:07.65641+00,BTC/USDT,hold,0.5,1633,290,3196,0,5524,1,,"Trend and momentum still align (EMA fast > slow on base, 1h, and 4h; RSI14 ~57.5, not overbought). Position is small and slightly profitable with no active managed plan. Re-attaching a plan anchored to the existing entry to lock in disciplined exit: modest stop below recent swing/ATR-based support and take-profit sized well above the fee floor with good RR.",
2026-07-12 17:00:07.926483+00,ETH/USDT,hold,0.55,1694,325,3196,0,5775,1,,"Trend and momentum remain constructive: EMA fast (1819.7) above EMA slow (1815.1) on base interval, confirmed by 1h and 4h EMA alignment, RSI14 at 63 (bullish but not extended past 70). Position is already long with a small unrealized gain and no active managed plan. Re-attaching a plan with a stop below recent structure (~1815) and a take-profit that clears fee floor and RR, while capping hold time to avoid overstaying if momentum fades.",
2026-07-12 17:00:08.586194+00,XRP/USDT,hold,0.5,1674,348,3196,0,6165,1,,"Base-interval trend is intact: emaFast(1.10115)>emaSlow(1.09987) and RSI14 ~58, supporting the existing long which is up ~0.28% unrealized. However 1h/4h EMAs are mixed/slightly bearish (h1 fast below slow, h4 fast below slow), so I won't add risk. Re-attaching a managed plan anchored to the existing avg entry (1.098708) with a stop below recent structure and a take-profit that clears fee/RR floors, plus a moderate max hold to reassess if momentum fades.",
2026-07-12 17:00:11.282998+00,LINK/USDT,hold,0.5,1574,327,0,3196,6741,1,,"Already long near breakeven (-0.11% unrealized) with trend intact: EMA fast>slow on 15m/1h/4h and RSI14 ~57.5 (above 50, not overbought). Momentum just pushed a strong green candle to 8.071. Re-attach a managed plan anchored to existing entry to define risk: stop below recent swing structure and take-profit sized for asymmetry given ATR ~0.023 (~0.28% of price), clearing the fee floor with 1.5x RR.",
2026-07-12 17:00:11.424907+00,SOL/USDT,hold,0.5,1566,365,0,3196,8494,1,,"Existing long is in profit (~0.6%) with base-interval trend still intact: EMA fast>slow, RSI14 62 (healthy, not overbought). However 4h EMA is bearish (fast<slow) and 1h is flat/mixed, so trend confluence is weak - avoid adding risk. Re-attaching a managed plan anchored to current avgEntry to lock in disciplined exit: modest stop to protect gains and take-profit sized above the 1.5x RR floor given ATR14~0.21 (~0.27% of price), while capping hold duration since higher-timeframe momentum is not fully confirming.",
2026-07-12 17:30:06.205357+00,SOL/USDT,hold,0.5,1524,304,0,3196,5325,1,,"Already long at avg entry 77.07, currently up ~0.47% unrealized. Trend remains intact: emaFast (77.454) above emaSlow (77.333), RSI14 at 57 (bullish but not overbought), 1h EMA also aligning bullish. No fresh reversal signal yet, so keep the position but re-attach a managed plan anchored to the existing entry to lock in disciplined exits given managedPlan was false.","{""maxHoldBars"": 24, ""stopLossPct"": ""0.012"", ""takeProfitPct"": ""0.02"", ""entryOffsetBps"": 0, ""entryValidityBars"": 1}"
2026-07-12 17:30:09.230688+00,BTC/USDT,hold,0.4,1587,360,0,3196,7126,1,,"Currently long a small position near breakeven (avgEntry 64143.36, last 64132.78, ~-0.016% unrealized). Trend context is mildly constructive: EMA fast (64139) just above EMA slow (64103), RSI14 at 53.6 (neutral-to-slightly-bullish), 1h EMA fast also above slow, funding modest positive. This doesn't scream reversal but also isn't a strong breakout — re-attaching a plan with a reasonable stop/target to manage the existing position rather than adding or exiting, since price is still within thesis range and no trend break confirmed yet.","{""maxHoldBars"": 24, ""stopLossPct"": ""0.006"", ""takeProfitPct"": ""0.011"", ""entryOffsetBps"": 0, ""entryValidityBars"": 1}"
2026-07-12 17:30:09.400855+00,XRP/USDT,hold,0.4,1624,345,0,3196,6988,1,,"Price pulled back sharply from the recent high (1.1043) to 1.0991, with emaFast (1.1006) now crossing below emaSlow (1.0998) narrowing, RSI14 near 49 (below 50), signaling momentum has cooled from the earlier uptrend. Position is barely in profit (+0.036%) after prior realized loss. Rather than adding or exiting into a marginal, choppy reading, I re-arm a tight managed plan anchored to the existing entry to protect gains and cut losses if the breakdown continues, without chasing here.","{""maxHoldBars"": 12, ""stopLossPct"": ""0.006"", ""takeProfitPct"": ""0.011"", ""entryOffsetBps"": 0, ""entryValidityBars"": 1}"
2026-07-12 17:30:09.554511+00,LINK/USDT,hold,0.4,1536,385,0,3196,7002,1,,"Already long from 8.08 avg entry, currently down ~0.4% with price at 8.046. RSI14 sits right at 50 (neutral, momentum stalled) and base-interval EMAs are barely crossed (fast just above slow), though 1h trend is still constructive (EMA fast>slow, RSI 58). This is a borderline regime — not a clean breakdown yet, but not strong enough to add. Rather than exit at a loss into ambiguous chop or add exposure without confirmation, I re-attach a managed plan to the existing position with a stop below recent swing lows and a take-profit that recovers cost basis plus a bit of edge, giving the trade room","{""maxHoldBars"": 24, ""stopLossPct"": ""0.016"", ""takeProfitPct"": ""0.028"", ""entryOffsetBps"": 0, ""entryValidityBars"": 1}"
2026-07-12 17:30:12.811228+00,ETH/USDT,hold,0.5,1656,388,0,3196,10692,1,,"Already long ETH at avgEntry 1821.74, currently slightly underwater (-0.17%). Trend context still constructive: EMA fast (1819.5) above EMA slow (1815.8), RSI14 at 57 (bullish but not overbought), 1h EMA fast above slow with RSI 62 confirming higher-timeframe uptrend. Price pulled back from a spike (1826 high) but hasn't broken trend structure. Rather than exit into a minor pullback, re-attach a managed plan anchored to existing entry with a stop below recent swing low and a take-profit that respects the 1.5x fee-adjusted asymmetry, giving the position room to work while capping downside.","{""maxHoldBars"": 24, ""stopLossPct"": ""0.008"", ""takeProfitPct"": ""0.014"", ""entryOffsetBps"": 0, ""entryValidityBars"": 1}"
2026-07-12 19:45:07.774581+00,BTC/USDT,hold,0.4,1646,311,3196,0,5653,1,,"Small existing long (~0.02% unrealized gain) with trend still modestly favorable: EMA fast slightly above slow, RSI14 ~54, 1h/4h EMAs also bullish. No plan is currently attached, so re-attaching a managed plan anchored to the existing avg entry to define disciplined exits rather than adding new exposure. Momentum is not strongly extended nor broken, so holding with defined risk is preferable to flattening on noise.","{""maxHoldBars"": 24, ""stopLossPct"": ""0.004"", ""takeProfitPct"": ""0.008"", ""entryOffsetBps"": 0, ""entryValidityBars"": 1}"
2026-07-12 19:45:08.311196+00,ETH/USDT,hold,0.4,1716,323,3196,0,6149,1,,"Position is small loss (-0.15%), price still above avg entry area with EMA fast slightly above slow and RSI ~54 (mild bullish bias), and H1/H4 trend remains constructive. Trend hasn't broken (no EMA cross down, RSI still above 45), so per exit rules this doesn't yet warrant flattening. Re-attaching a managed plan with a tight stop and modest take-profit to control risk given the current unrealized loss, rather than letting it run unmanaged.","{""maxHoldBars"": 24, ""stopLossPct"": ""0.006"", ""takeProfitPct"": ""0.011"", ""entryOffsetBps"": 0, ""entryValidityBars"": 1}"
2026-07-12 19:45:08.734115+00,LINK/USDT,hold,0.4,1575,364,3196,0,6185,1,,"Existing long position is slightly underwater (-0.28%) but trend context remains constructive: base EMA fast just crossed above EMA slow, RSI14 near 53 (neutral-bullish), and both 1h and 4h EMAs show fast>slow with rising RSI, supporting the original thesis. Price is basing around 8.05-8.06 after a pullback from 8.09 highs; no clear trend break (RSI hasn't dropped below 45, EMA fast still above slow). Re-attaching a managed plan to define risk from current avg entry rather than closing at a loss into a still-intact uptrend structure.","{""maxHoldBars"": 24, ""stopLossPct"": ""0.0125"", ""takeProfitPct"": ""0.02"", ""entryOffsetBps"": 0, ""entryValidityBars"": 1}"
2026-07-12 19:45:11.028817+00,XRP/USDT,hold,0.4,1670,360,0,3196,6594,1,,"Currently long with a small unrealized gain but momentum is weakening: RSI14 near 47.7 (below 50), EMA fast/slow essentially flat/crossing on base interval, and 1h EMA fast below slow with RSI ~47 confirms a stalling/rolling-over trend. 4h trend is still mildly bullish but not enough to justify adding. Given the position lacks an active managed plan, re-attach a tight plan anchored to the existing entry to protect gains and define exit rather than holding indefinitely: modest stop below recent support, take-profit sized to clear costs with reasonable RR.","{""maxHoldBars"": 12, ""stopLossPct"": ""0.006"", ""takeProfitPct"": ""0.01"", ""entryOffsetBps"": 0, ""entryValidityBars"": 1}"
2026-07-12 19:45:13.895323+00,SOL/USDT,hold,0.5,1565,341,0,3196,7022,1,,"Existing long is modestly profitable (+0.53% unrealized) with base-interval EMA fast>slow and RSI14 at 55, consistent with a mild uptrend, though 4h EMA trend is bearish (fast<slow) which tempers conviction. Re-attaching a managed plan anchored to the existing avg entry (77.071) to lock in disciplined exits: stop below recent swing lows/ATR buffer, take-profit sized to clear costs with acceptable R:R, and a moderate max hold since momentum is not strongly extended.","{""maxHoldBars"": 24, ""stopLossPct"": ""0.008"", ""takeProfitPct"": ""0.014"", ""entryOffsetBps"": 0, ""entryValidityBars"": 1}"
2026-07-12 20:30:07.669628+00,BTC/USDT,hold,0.5,1590,282,3108,0,5516,1,,"Existing long is modestly in profit with trend intact: EMA fast>slow on base, 1h and 4h timeframes, RSI14 56 (healthy, not overbought). No managed plan currently attached, so re-arming with a stop/target to lock in discipline. Stop set below recent swing/entry cushion, target sized to clear costs with 1.5x+ RR.","{""maxHoldBars"": 24, ""stopLossPct"": ""0.006"", ""takeProfitPct"": ""0.011"", ""entryOffsetBps"": 0, ""entryValidityBars"": 1}"
2026-07-12 20:30:08.464387+00,ETH/USDT,hold,0.4,1642,366,3108,0,6290,1,,"Already long a small ETH position near breakeven (-0.10% unrealized). Base-interval trend is mildly bullish (EMA fast slightly above slow, RSI ~55) and higher timeframe trends (1h, 4h) are clearly bullish with EMA fast>slow and RSI in healthy 60-68 range, supporting holding rather than exiting. Since managedPlan is false, re-attach a plan anchored to the existing entry: modest stop below recent swing lows and a take-profit that clears fee/RR floors, with a bounded max hold to avoid indefinite exposure if the mild uptrend stalls.","{""maxHoldBars"": 24, ""stopLossPct"": ""0.008"", ""takeProfitPct"": ""0.014"", ""entryOffsetBps"": 0, ""entryValidityBars"": 1}"
2026-07-12 20:30:09.148549+00,XRP/USDT,hold,0.3,1601,388,3108,0,6702,1,,"Currently long with a tiny unrealized gain (~0.08%) but the trend signal is weak/choppy: base EMA fast/slow are essentially flat and crossing (1.09983 vs 1.09976), RSI14 sits at 50 (neutral), and both 1h and 4h EMAs show fast below slow, indicating the higher timeframe trend is actually bearish/neutral. Price has been range-bound between 1.098-1.104 for the last 30 bars with no clear breakout. Given the position has no active managed plan, I'll re-attach one with a tight stop and modest target to protect the small gain while giving room for continuation, rather than adding or closing outright ","{""maxHoldBars"": 16, ""stopLossPct"": ""0.006"", ""takeProfitPct"": ""0.01"", ""entryOffsetBps"": 0, ""entryValidityBars"": 1}"
2026-07-12 20:30:09.296891+00,SOL/USDT,hold,0.5,1510,293,0,3108,6396,1,,"Position is in profit (~0.58%), 15m trend intact (EMA fast>slow, RSI ~54.5), h1 also bullish, though h4 emaFast<emaSlow suggests capped upside. Re-attach a managed plan anchored to existing entry: modest stop to protect gains and take-profit sized above fee floor, with limited hold time to avoid overstaying if momentum stalls.","{""maxHoldBars"": 24, ""stopLossPct"": ""0.008"", ""takeProfitPct"": ""0.014"", ""entryOffsetBps"": 0, ""entryValidityBars"": 1}"
2026-07-12 20:30:10.465812+00,LINK/USDT,hold,0.5,1504,327,0,3108,5905,1,,"Position is already long with avgEntry ~8.08, currently slightly underwater (-0.14%). Trend context remains constructive: emaFast>emaSlow on base interval, RSI14 ~55 (healthy, not overbought), and 1h/4h EMA trend both bullish. No plan is currently attached (managedPlan:false), so re-arming a plan to manage the existing position with a stop below recent structure and a take-profit that respects the fee floor and 1.5x RR requirement relative to the stop.","{""maxHoldBars"": 48, ""stopLossPct"": ""0.012"", ""takeProfitPct"": ""0.02"", ""entryOffsetBps"": 0, ""entryValidityBars"": 1}"
2026-07-12 21:30:08.004528+00,XRP/USDT,flat,0.8,1733,263,3811,0,5512,2,,"Position is already underwater (-0.23%) with a fresh bearish breakdown candle just printed (close 1.0962 after a drop from 1.1003, high volume). EMA fast is below EMA slow on base interval and 1h, RSI14 at 38.6 confirms bearish momentum, and XRP ranks weakest (3/3) in cross-symbol relative strength with negative return. There is no active managed plan on this position. Thesis that justified the long (uptrend) has clearly broken - exit to flat rather than hold a losing position with no confirming trend.",
2026-07-12 21:30:08.289006+00,BTC/USDT,hold,0.3,1602,344,3811,0,6079,2,,"Small existing long (-0.06% unrealized) with no active managed plan. Base RSI14 at 46 is below 50, indicating momentum has weakened despite EMA fast still slightly above slow — this is a borderline/choppy regime per playbook notes, not a decisive trend. 1h EMA is mildly bullish which argues against an outright flat exit, but conviction to add or aggressively hold is low. Re-attach a tight managed plan to protect existing position: modest stop and take-profit sized above fee floor, with limited hold time to reassess quickly.","{""maxHoldBars"": 12, ""stopLossPct"": ""0.004"", ""takeProfitPct"": ""0.007"", ""entryOffsetBps"": 0, ""entryValidityBars"": 1}"
2026-07-12 21:30:09.806621+00,SOL/USDT,hold,0.3,1635,395,3811,0,6851,2,,"Already long with a small unrealized gain but momentum is weakening: last close broke below both EMAs, RSI14 at 43.7 is below 50, and the current bar shows a sharp drop to 77.27/77.23 range on rising volume. This is a borderline/chop regime per the playbook signal quality bar, not a decisively confirmed breakdown either (1h EMA trend still slightly bullish). Rather than adding or exiting reactively on a single weak bar, I re-attach a managed plan anchored to the existing entry to define risk: a modest stop to cap downside and a take-profit that respects the 1.5x fee-adjusted asymmetry, while c","{""maxHoldBars"": 16, ""stopLossPct"": ""0.012"", ""takeProfitPct"": ""0.02"", ""entryOffsetBps"": 0, ""entryValidityBars"": 1}"
2026-07-12 21:30:10.289112+00,ETH/USDT,hold,0.3,1774,439,3811,0,8043,2,,"Already long a small position (avgEntry ~1821.7, currently ~1815, down ~0.36%). Base-interval trend is weak/choppy: RSI14 44 (below 50), EMA fast/slow nearly flat and crossing (1819.36 vs 1818.93), price just broke down through recent range on the last two closed candles. ETH is also the weakest of the 2-symbol basket (rank 2/2, -0.26% trailing). This does not meet the playbook's bar for a fresh long, and the existing position's thesis (uptrend) looks broken. However, price is very close to the backstop/stop zone and h1 trend is still up (emaFast>emaSlow, RSI60), so I'll reattach a tight manag","{""maxHoldBars"": 12, ""stopLossPct"": ""0.006"", ""takeProfitPct"": ""0.012"", ""entryOffsetBps"": 0, ""entryValidityBars"": 1}"
2026-07-12 21:30:10.28976+00,LINK/USDT,hold,0.4,1631,341,0,3811,5672,2,,"Already long LINK/USDT near breakeven (avgEntry 8.0800, last 8.073, small unrealized loss). Trend context is mildly favorable: EMA fast above slow on base and 1h timeframe, RSI 54-58, and LINK ranks #1 of 5 in relative strength. No managed plan is currently attached, so re-arm one anchored to the existing entry with a modest stop and asymmetric target to protect capital while giving the trend room, rather than adding or exiting outright given the choppy recent price action noted in the playbook.","{""maxHoldBars"": 24, ""stopLossPct"": ""0.012"", ""takeProfitPct"": ""0.02"", ""entryOffsetBps"": 0, ""entryValidityBars"": 1}"
2026-07-12 21:45:13.229787+00,XRP/USDT,flat,0.1,1800,226,0,3811,4721,2,,"Clear downtrend: base EMA fast below EMA slow, 1h EMA fast below slow, RSI14 at 36.5 (below 50), price just broke down sharply on rising volume with ret5/ret20 both strongly negative. XRP is also the weakest of the 5-symbol basket (rank 5/5, -0.58% trailing return). No confluence for a long here; staying flat avoids fighting a fresh bearish breakdown.",
2026-07-12 22:00:04.811552+00,XRP/USDT,flat,0.1,1950,197,762,2606,4294,1,,"Clear downtrend continues: base EMA fast below slow, RSI14 at 33.8, 1h EMA also bearish, and XRP is the weakest symbol in the basket with ret5/ret20 strongly negative. Price just broke down further with rising volume. No long thesis here; staying flat and waiting for trend/momentum confluence before considering entry.",
2026-07-12 22:15:07.134983+00,XRP/USDT,flat,0.1,1915,236,3108,0,4648,1,,"Sharp accelerating downtrend continues: RSI14 at 23 (deeply oversold but no reversal confirmation yet), EMA fast well below EMA slow on both base and 1h, price just printed a large bearish candle on very high volume breaking below prior support with ret1/ret5/ret20 all strongly negative. No confirming reversal candle exists yet, so staying flat avoids catching a falling knife; will wait for stabilization/consolidation before considering long entries.",
2026-07-12 22:30:07.279322+00,XRP/USDT,flat,0,2036,251,0,3108,4792,1,,"Strong downtrend intact: base EMA fast well below EMA slow, RSI14 at 20 (deeply oversold, no bullish divergence or reversal candle yet), 1h EMA also bearish. Price is accelerating downward with high volume (last two candles show large range and volume spike). No confirming reversal signal exists to justify catching this falling knife. Staying flat until trend shows genuine stabilization (RSI reclaiming 45+, EMA fast turning up) rather than reacting to oversold readings alone.",
2026-07-12 22:30:08.497444+00,BTC/USDT,hold,0.2,1626,255,0,3108,6320,1,,"Downtrend on base interval: price broke sharply lower, EMA fast below EMA slow, RSI14 at 31 (oversold, momentum weak), last two candles show accelerating selling with expanding range. Even though H1 EMA still mildly bullish, the base-interval trend has clearly broken and it's premature to catch this falling knife. No position currently open, so staying flat avoids fresh risk into a strong downmove; will wait for stabilization/reclaim of EMA slow and RSI back above 50 before considering a long entry.",
2026-07-12 22:45:05.476764+00,XRP/USDT,flat,0.05,2346,260,0,3811,4958,2,,"Strong downtrend intact: base EMA fast well below EMA slow, RSI14 at 18.8 (deeply oversold, no reversal confirmation), 1h EMA also bearish. XRP is weakest in the basket (ownReturnPct -1.33%, rank 5/5). Price accelerating downward on rising volume with no sign of basing. No long edge exists here; staying flat avoids catching a falling knife. Will wait for a confirmed trend reversal (EMA cross up, RSI reclaiming 50+) before considering entry.",
2026-07-12 22:45:07.262383+00,ETH/USDT,flat,0.2,1892,311,0,3811,5050,2,,"Clear downtrend on base interval: EMA fast (1809.6) below EMA slow (1813.9) and falling, RSI14 at 27.8 (oversold/bearish, not a dip-buy signal), price broke down sharply through the last few candles (-0.95% over 20 bars) with an accelerating red candle. Although H1 EMA still shows mild bullish bias, the 15m momentum is decisively bearish and against playbook entry criteria (RSI must be above 50, EMA fast clearly above slow). No position currently open, so staying flat avoids catching a falling knife. Will wait for trend confirmation (EMA fast reclaiming slow, RSI back above 50) before consider",
2026-07-12 22:45:07.492598+00,BTC/USDT,flat,0.3,1902,263,0,3811,5297,2,,"Base-interval downtrend intact: price broke sharply lower, EMA fast (63955) below EMA slow (64046), RSI14 at 29 (oversold, weak momentum, not a reversal signal). Current position is flat with no open orders, so nothing to exit. This is a clear downtrend against the entry rules — do not go long into a falling knife despite HTF H1 showing a mild uptrend, since base interval momentum disagrees and recent negative RSI plus expanding red candles indicate continuation risk. Staying flat until trend and momentum realign.",
2026-07-12 22:45:08.047814+00,LINK/USDT,flat,0.7,1751,313,0,3811,5363,2,,"Sharp breakdown just occurred: last close 7.962 vs prior ~8.04, EMA fast below EMA slow on base interval, RSI14 at 28.6 (oversold, momentum clearly down), and price dropped through recent support with an accelerating red candle (7.975 close before this one, now 7.962). This is not a shallow chop — it's a decisive move against any long thesis, and playbook + rules both argue against entering into a falling knife. No position currently held (recentDecisions shows I was long and that closed out), so staying flat rather than trying to catch this reversal without clear confirmation. Will wait for R",
2026-07-12 23:00:07.184169+00,XRP/USDT,hold,0,2483,261,0,3811,4681,2,,"Downtrend remains intact: base EMA fast below slow, RSI14 at 28 (still below 50, though bouncing), 1h EMA also bearish. XRP ranks weakest (5/5) in the basket with ret5/ret20 strongly negative. The current bar shows a bounce off the low but no confirmed reversal - no bullish EMA cross, no RSI reclaim above 50, and higher-timeframe trend still bearish. Per playbook and rules, avoid catching a falling knife without clear confluence; stay flat until trend confirmation.",
2026-07-12 23:15:07.740314+00,BTC/USDT,flat,0.3,2052,266,0,3811,5529,2,,"Base-interval downtrend persists: EMA fast (63918) below EMA slow (64012), RSI14 at 36 (weak, below 50), price down -0.38% over last 20 bars with recent sharp selloff. H1 EMAs are only marginally flat/mixed, not a clear bullish confluence. No position currently held. Per playbook and recent track record, entries against a clear downtrend or on borderline signals have been net-negative — staying flat is the higher-edge choice until trend clearly turns (EMA fast reclaims slow and RSI holds above 50).",
2026-07-12 23:15:07.809317+00,XRP/USDT,flat,0,2630,279,0,3811,5309,2,,"Downtrend remains firmly intact: base EMA fast (1.0895) below EMA slow (1.0937), 1h EMA fast below slow, RSI14 at 27 (oversold but no bullish reversal confirmation). XRP is the weakest symbol in the basket (rank 5/5, ret -1.23%) and price just broke down again after a small bounce. No confluence for a long entry exists, and playbook notes recent longs in choppy/weak conditions lost money net of fees. Staying flat until trend clearly turns (EMA cross up, RSI reclaiming >50, HTF agreement).",
2026-07-12 23:30:06.813346+00,XRP/USDT,flat,0.2,2768,222,762,2606,4311,1,,"Downtrend remains intact: EMA fast (1.0889) below EMA slow (1.0931) on base interval, 1h EMA also bearish (1.0970 vs 1.0987), RSI14 at 31.7 still below 50. XRP is weakest in the basket (rank 5/5, -1.17%). No reversal confirmation yet despite the latest small bounce. Staying flat until trend/momentum align for a long entry.",
2026-07-12 23:30:07.486573+00,BTC/USDT,hold,0.2,2162,227,762,2606,5274,1,,"Base-interval downtrend continues: EMA fast (63900) below EMA slow (63996), RSI14 at 36 still below 50, price down sharply over last 20 bars. H1 EMAs are roughly flat/neutral, not offering strong confirmation. No position currently open, and entry criteria (EMA fast above slow, RSI 50-70) are not met. Staying flat until trend and momentum align to avoid chasing a weak bounce.",
2026-07-12 23:30:08.76086+00,LINK/USDT,hold,0.2,1863,255,762,2606,6141,1,,"Base-interval trend is still bearish (EMA fast 8.0025 below EMA slow 8.0262, RSI14 39.4 below 50) despite a recent sharp breakdown and minor bounce. 1h EMA fast is only marginally above slow with RSI 44, not a clean confluence. No position currently open, so no exit needed. Better to wait for a confirmed reclaim of EMA slow with RSI back above 50 before risking capital, rather than catching a falling knife after a ~1.5% drop in the last few candles.",
2026-07-12 23:45:06.806341+00,XRP/USDT,flat,0.1,2802,206,3108,0,4293,1,,"Downtrend remains intact: base EMA fast (1.0884) below EMA slow (1.0925), 1h and 4h EMAs also bearish, RSI14 at 31 still below 50. No confirmed reversal candle or momentum shift yet, just a minor bounce within an established downtrend. Staying flat avoids fighting the trend and paying fees on a low-edge entry.",
2026-07-12 23:45:06.979988+00,BTC/USDT,hold,0.1,2168,263,3108,0,4773,1,,"Base-interval downtrend persists: EMA fast (63882) below EMA slow (63979), RSI14 at 35 (weak momentum, no bullish confirmation). Price down over the last 20 bars with recent sharp selloff continuing. H1 EMAs are roughly flat/neutral and H4 is mildly bullish, but base timeframe lacks confluence for entry. No position currently held, so staying flat avoids catching a falling knife; will wait for EMA fast to reclaim EMA slow and RSI to clear 50 before considering long entry.",
2026-07-12 23:45:07.566154+00,LINK/USDT,hold,0.2,1853,298,3108,0,4937,1,,"Base-interval trend remains bearish: EMA fast (8.0006) below EMA slow (8.0232), RSI14 at 40.3 below 50, and price just had a sharp breakdown from ~8.09 to ~7.96 before a weak bounce. 1h EMAs are roughly flat/mixed, only 4h shows uptrend, which is too high timeframe to justify a 15m entry against the immediate bearish momentum. No confirmed reversal signal yet (no fresh close above EMA fast/slow with RSI back above 50). Staying flat avoids fighting the dominant short-term downtrend and avoids fee drag on a low-edge entry.",
2026-07-13 00:00:04.016037+00,XRP/USDT,flat,0.2,2896,210,0,3108,5405,1,,"Downtrend remains intact: base EMA fast (1.0879) below EMA slow (1.0919), 1h EMA fast below slow, RSI14 at 30.3 still below 50. Price has been making lower lows with elevated volume on the breakdown; no bullish reversal confirmation yet. Staying flat avoids fighting the prevailing trend and paying fees on a low-edge entry.",
2026-07-13 00:00:05.132593+00,BTC/USDT,flat,0.1,2241,238,0,3108,4955,1,,"Base-interval downtrend remains intact: EMA fast (63862) below EMA slow (63961), RSI14 at 33 (weak, below 50), and H1 EMAs also show fast below slow confirming downtrend across timeframes. Price continues making lower lows with no reversal confirmation. No position currently held; staying flat rather than catching a falling knife. Will wait for RSI to reclaim 50 and EMA fast to cross back above EMA slow before considering a long entry.",
2026-07-13 00:00:05.233829+00,LINK/USDT,hold,0.2,1951,259,0,3108,4647,1,,"Base-interval trend remains bearish: EMA fast (7.9998) below EMA slow (8.0208), RSI14 at 41.6 below 50, following a sharp breakdown from ~8.09 to ~7.98. The 1h EMAs are only marginally crossed with RSI just below 50, so no clear confluence for a long yet. Price is attempting a weak bounce but hasn't reclaimed the EMA slow or shown RSI back above 50. Staying flat until trend and momentum align rather than chasing a low-edge bounce.",
2026-07-13 00:15:04.883322+00,LINK/USDT,hold,0.3,2263,318,0,3368,6263,1,,"Last candle shows a strong breakout spike (close 8.118 vs prior 7.997, high 8.133) on heavy volume, pushing RSI to 65.7 and LINK ranks #1 in relative strength. However this is a single large candle straight off a sharp breakdown/bounce cycle - exactly the kind of move that risks being extended/chasing per playbook, and base EMA fast/slow are still only marginally crossed with 1h RSI at 45.8 (not confirming). Given the whipsaw history in recentDecisions and the risk of buying a wick top, I prefer to wait for confirmation on the next closed candle rather than chase this spike, avoiding fee-erodi",
2026-07-13 00:15:04.977599+00,XRP/USDT,hold,0.2,3060,336,0,3368,6493,1,,"The last candle just printed a huge spike (1.0837->1.1001, near +1.3% intra-bar) on very high volume, breaking above the recent consolidation and pushing RSI14 to 60.8, above the base EMA fast/slow. However this is a single, very extended candle that hasn't been confirmed by a follow-through close, and the 1h EMA/RSI still show a bearish/oversold-bounce context (h1 RSI 31, h1 EMA fast below slow) — mixed timeframe signals. Chasing this vertical move now risks buying the top of a wick; better to wait for a confirming close that holds above prior resistance before committing capital. Staying fla",
2026-07-13 00:15:05.21912+00,BTC/USDT,hold,0.3,2530,263,0,3368,5043,1,,"Price just spiked sharply (+0.8% last candle) breaking out of the recent range on strong volume, pushing RSI14 to 63.6 and price above both EMAs, but this is a single fresh candle straight off a downtrend with H1 EMAs still bearish (fast below slow) and H1 RSI at 39 — conflicting timeframes. Chasing an already-extended vertical move without confirmation risks buying the wick. Better to stay flat and wait for a confirming close or pullback entry rather than react to one candle after a run of chop/downtrend.",
2026-07-13 00:15:06.142476+00,ETH/USDT,flat,0.3,2004,291,0,3368,5940,1,,"Massive breakout candle (+2% in one 15m bar on huge volume, RSI14 at 73) has already extended well past typical entry zones — chasing here risks buying the top of a spike. Price is up ~2.2% off the prior swing low in a single candle with ATR ~7.4 vs a 40+ point move, meaning a pullback is likely. H1 RSI is only 47, showing the higher timeframe hasn't confirmed this move yet, so confluence is weak despite base-interval RSI being extended. Better to stay flat and wait for a pullback/consolidation with a fresh confirming close rather than pay up into an overbought spike.",
2026-07-13 00:30:07.401339+00,SOL/USDT,hold,0.4,1675,351,1205,2606,6396,2,,"Already long with unrealized profit (+0.84%) after a sharp spike; the last two closed candles show rejection from the 78.19 high back to 77.72, and higher-timeframe trend (1h/4h EMA fast below slow, RSI below 50) doesn't confirm the base-interval uptrend, suggesting the spike may be fading rather than a clean continuation. Re-attach a managed plan anchored to existing entry to lock in protection: tight-ish stop below recent support and a take-profit that preserves most of the current gain, rather than adding size into a move that already extended fast.","{""maxHoldBars"": 16, ""stopLossPct"": ""0.012"", ""takeProfitPct"": ""0.02"", ""entryOffsetBps"": 0, ""entryValidityBars"": 1}"
2026-07-13 00:30:07.879786+00,LINK/USDT,hold,0.3,1543,372,1205,2606,7255,2,,"Price just spiked sharply (7.99->8.13) on a large green candle then pulled back slightly, with base RSI at 63 and EMA fast>slow confirming short-term momentum, and 4h trend also bullish (emaFast>emaSlow, RSI 61). However this looks like a fresh breakout candle with a big wick and the very latest bar shows rejection (8.136 high, close 8.11, below prior bar's close) — chasing this spike risks buying the top of an already-extended move. 1h RSI is only 45.4, showing the higher timeframe is not yet confirming the breakout, which is a caution flag per the playbook's emphasis on multi-timeframe confl",
2026-07-13 00:30:08.0852+00,XRP/USDT,hold,0.2,1752,279,0,3811,5585,2,,"XRP is the weakest of the basket (rank 5/5, -29bps trailing) and just had a sharp spike-and-reversal candle with huge volume, leaving price choppy. Base EMA fast (1.0925) is still below EMA slow (1.0933), and both H1 (RSI 30.8, EMA fast<slow) and H4 (RSI 45.7, EMA fast<slow) trends are bearish/neutral — no multi-timeframe confluence for a long. This is exactly the borderline, noisy chop the playbook flags as low-edge. Staying flat rather than chasing the wick.",
2026-07-13 00:30:08.714714+00,ETH/USDT,hold,0.2,1769,351,1205,2606,6512,2,,"ETH just spiked sharply (1806->1846) on a huge volume surge and is now pulling back with the last two candles showing rejection wicks and a lower close (1831.76 vs peak 1846). EMA fast>slow and RSI 63 support the broader uptrend and ETH is the strongest symbol in the basket, but entering right after a parabolic spike with immediate pullback is chasing a move already extended — high risk of buying the top of a wick. H1 trend is only marginally bullish (EMA fast/slow nearly flat, RSI 47), showing the higher timeframe hasn't confirmed this breakout yet. Better to wait for a confirming close that ",
2026-07-13 00:30:09.446396+00,BTC/USDT,hold,0.2,1684,324,0,3811,7246,2,,"Price just spiked sharply (63780 -> 64295 -> 64181) on a big volume candle, creating a large wick and pulling back already. Base EMA fast/slow are close together (barely above), 1h trend is actually bearish (emaFast<emaSlow, RSI 39), and 4h is mildly bullish - mixed timeframe confluence. This looks like a volatile spike rather than a clean confirmed trend, and BTC ranks weakest (3rd of 3) in relative strength versus LINK. Chasing this after the wick with widened spread risk and no htf agreement is low-edge per playbook guidance; better to stay flat and wait for a confirmed pullback/continuatio",
2026-07-13 00:45:06.42696+00,XRP/USDT,hold,0.2,1866,262,0,3368,5939,1,,"XRP remains the weakest symbol in the basket (rank 5/5, -1.15% trailing) and just printed a volatile down candle breaking below recent range with EMA fast below EMA slow on base, 1h, and 4h timeframes, RSI14 at 42 (below 50) and h1 RSI at 35 — clear downtrend with no confluence for a long. Staying flat avoids fighting the trend and fee drag on a low-edge setup; will wait for EMA fast/slow to realign and RSI to reclaim 50+ before considering entry.",
2026-07-13 00:45:06.786483+00,BTC/USDT,hold,0.2,1776,233,0,3368,4599,1,,"Price just dropped sharply from 64295 to 63786 on a huge volume spike, breaking below both EMA fast/slow on base interval and 1h (RSI14 41, below 50). This is a trend-break/high volatility event, not a confirmed setup. Cross-symbol rank is weak (4/5, negative return) and momentum is bearish short-term. No long edge here — staying flat until price stabilizes and shows fresh confirming trend/momentum agreement.",
2026-07-13 00:45:07.80001+00,ETH/USDT,hold,0.2,1879,303,0,3368,5608,1,,"Price just had a violent spike (1806->1846) followed by a sharp reversal down to 1814 on the last closed candle, with a big lower wick and huge volume — this looks like a volatility spike/liquidation cascade, not a clean trend continuation. Base-interval RSI has dropped to ~48.6 (below 50), EMA fast/slow are converging, and the last candle closed near session lows with elevated ATR. Even though HTF (1h/4h) trend is still up, the immediate momentum broke down and entering now would be chasing into a chaotic, high-risk zone right after a whipsaw. Better to stay flat and wait for confirmation of ",
2026-07-13 00:45:09.876984+00,LINK/USDT,hold,0.2,1751,282,0,3368,5285,1,,"Price just spiked to 8.13 then sharply reversed to 8.04 on the last candle, wicking down to 8.00 - this is a volatile, choppy move right after a pump, not a clean trend continuation. Base RSI dropped to ~49 (below the 50 threshold) and emaFast/emaSlow are close together, showing momentum has faded from the earlier spike. While 4h trend remains bullish, the immediate base-interval setup lacks confirmation and entering now risks buying into a reversal. Better to stay flat and wait for a fresh confirming close with RSI back above 50 and stabilized price action.",
2026-07-13 01:00:08.479039+00,BTC/USDT,hold,0.3,1894,276,0,3368,6305,1,,"Recent volatility spike (63780->64295->63568->64072) shows a choppy, whipsawing regime. Base EMA fast/slow are essentially flat/crossing, 1h EMA is bearish (RSI 39) while 4h is mildly bullish - mixed signals, no clean confluence. RSI14 near 51-52 is neutral, not a confirmed uptrend. Given the playbook's caution against acting in choppy conditions and the large ATR (~199) relative to typical moves, staying flat avoids getting chopped by fees and noise until a clearer trend confirmation emerges.",
2026-07-13 01:00:09.798435+00,LINK/USDT,hold,0.3,1876,325,0,3368,7208,1,,"Price is recovering after a sharp spike-and-flush (8.00→8.13→8.00→8.09), leaving elevated volatility (ATR ~0.041, ~0.5% of price). Base EMA fast>slow and RSI ~57 are mildly bullish, but 1h trend is flat/mixed (emaFast≈emaSlow, RSI 45) even though 4h is bullish. This choppy, whippy action right after a big wick is exactly the low-edge setup the playbook flags - better to wait for a clean confirming close rather than chase into resistance near the recent 8.10-8.13 spike zone. Staying flat avoids getting caught in another reversal; will look for a stable higher-low structure with 1h confirmation ",
2026-07-13 01:00:10.149727+00,ETH/USDT,long,0.45,2000,386,0,3368,7938,1,,"ETH is the strongest symbol in the basket (rank 1/5, +0.38% trailing) and has recovered from the liquidation-style spike/dump, closing back near 1826.59 with EMA fast>slow, RSI 56 (healthy, not overbought), and 4h trend strongly bullish (emaFast>emaSlow, RSI 63). The recent volatility spike (1806->1846->1807->1826) suggests elevated ATR (~9.7), so I'll size stop/target accordingly with a moderate confidence given the choppiness. Entering slightly below current close to get a modest discount, with a stop below the recent swing low area and a target that clears fees with good asymmetry.","{""maxHoldBars"": 16, ""stopLossPct"": ""0.012"", ""takeProfitPct"": ""0.02"", ""entryOffsetBps"": 8, ""entryValidityBars"": 4}"
2026-07-13 01:00:10.672045+00,XRP/USDT,hold,0.1,1988,225,0,3368,8185,1,,"XRP remains weakest of the basket (rank 5/5, -0.6% trailing) with choppy price action after a volatile spike-reversal. Base EMA fast (1.0919) is still below EMA slow (1.0928), 1h and 4h EMAs both bearish, RSI14 near 50 showing no clear momentum edge. No confluence for a long entry; staying flat avoids paying fees on a low-edge, range-bound setup.",
2026-07-13 01:15:06.58198+00,XRP/USDT,hold,0.2,2079,324,0,3368,6084,1,,"XRP remains weakest in the basket (rank 5/5, -0.91% trailing) with EMA fast below EMA slow on both base (1.0914 vs 1.0925) and 1h (1.0940 vs 1.0971) timeframes, RSI14 at 45.4 sitting below the 50 threshold, and 1h RSI deeply oversold at 30.8 signaling continued bearish momentum. Recent candles show a volatile spike-reversal with heavy volume and no clean trend confirmation - this is exactly the choppy, low-edge regime the playbook flags for staying flat. No position open, so no exit needed; will wait for EMA fast/slow to align bullishly with RSI reclaiming 50+ before considering entry.",
2026-07-13 01:15:08.782378+00,LINK/USDT,hold,0.25,1984,350,0,3368,6174,1,,"Price remains in a volatile post-spike regime (8.00→8.13→8.00→8.09→8.08) with elevated ATR (~0.043, ~0.5% of price). Base EMA fast>slow and RSI ~55 are mildly bullish, but 1h trend is flat/mixed (emaFast~emaSlow, RSI 45), and the last two candles show a sharp spike to 8.136 followed by a flush to 8.00 then partial recovery - classic chop after a pump, not a clean confirmed trend. Cross-symbol rank is decent (2 of 5) but not compelling enough alone to override the choppy micro-structure. Staying flat avoids paying the spread/fee on a low-edge, noisy setup; will look for a clean confirming close",
2026-07-13 01:15:11.235391+00,BTC/USDT,hold,0.2,1990,255,0,3368,9054,1,,"Choppy, whipsaw regime with high volatility (63780->64295->63568->64072->63856 in a handful of bars). Base EMA fast is below EMA slow, RSI14 at 45 (below neutral), and 1h trend is bearish (EMA fast<slow, RSI 39). Cross-symbol rank is weak (4/5, negative return) versus other basket members. No confluence for a long entry; fees would likely erase edge in this noisy tape. Staying flat until a clean trend/momentum confirmation emerges.",
2026-07-13 01:30:07.442482+00,BTC/USDT,hold,0.2,1962,255,3108,0,5262,1,,"Choppy, high-volatility regime continues: base EMA fast (63929) below EMA slow (63975), RSI14 at 41.5 (below 50), 1h trend also bearish (EMA fast<slow, RSI 39). Price just dropped again to 63720 after whipsawing between 63568-64295. No trend/momentum confluence to justify a long, and entering into this volatility would risk getting stopped out by noise. Staying flat until a clean bullish confirmation (EMA fast>slow with RSI>50) emerges.",
2026-07-13 01:30:08.504534+00,LINK/USDT,hold,0.2,1969,284,3108,0,5912,1,,"Price remains in a choppy post-spike regime (8.00→8.13→8.00→8.12→8.06) with elevated ATR (~0.044, ~0.55% of price). Base EMA fast/slow are only marginally bullish (8.063 vs 8.051) and RSI14 ~52 is near neutral, while 1h trend is essentially flat with RSI below 50 - no clean confluence. Recent decisions show this exact regime has been low-edge and whippy; staying flat avoids paying fees on a thin, noisy edge until a clear confirming close with RSI>50 and 1h trend agreement emerges.",
2026-07-13 01:30:08.841182+00,XRP/USDT,hold,0.2,2067,319,3108,0,6365,1,,"XRP remains in a bearish regime: base EMA fast (1.0908) below EMA slow (1.0921), 1h EMA fast (1.0940) below 1h EMA slow (1.0971), and 1h RSI at 30.8 shows momentum firmly bearish. RSI14 base at 43.9 is below 50, confirming no bullish confluence yet. Recent candles show a spike-and-reversal with heavy volume, leaving price choppy and unresolved — not a clean entry setup. No position currently open, so staying flat avoids paying fees on a low-edge, counter-trend bet. Will wait for EMA fast to reclaim EMA slow and RSI to clear 50 with confirmation before considering a long.",
2026-07-13 01:45:07.080059+00,BTC/USDT,hold,0.3,2100,242,0,3108,4865,1,,"Downtrend continues: base EMA fast (63882) below EMA slow (63950), RSI14 at 41 (below 50), 1h trend also bearish (EMA fast<slow, RSI 39). Price has dropped from 64295 to 63694 with high volatility/whipsaws. No confirming bullish reversal yet, so staying flat rather than catching a falling knife. Will wait for EMA fast to reclaim EMA slow and RSI to cross back above 50 before considering a long.",
2026-07-13 01:45:07.640242+00,XRP/USDT,hold,0.2,2222,231,0,3108,5155,1,,"XRP remains bearish across timeframes: base EMA fast (1.0901) below EMA slow (1.0917), 1h EMA fast (1.0940) below 1h EMA slow (1.0971), RSI14 at 42.7 below 50, and 1h RSI at 30.8 confirms weak momentum. Price just failed a bounce attempt and is drifting lower with no confirming reversal. No long edge here; staying flat until trend/momentum align.",
2026-07-13 01:45:07.972818+00,LINK/USDT,hold,0.2,2122,243,0,3108,7361,1,,"Still in a choppy post-spike regime: base EMA fast/slow barely separated (8.062 vs 8.052), RSI14 ~51 near neutral, and 1h trend is flat-to-slightly-bearish (emaFast~emaSlow, RSI 45). Elevated ATR (~0.043, ~0.55% of price) means noisy swings without a clean directional edge. No confluence across timeframes to justify a new long; staying flat avoids paying fees on a low-edge chop.",
2026-07-13 02:00:07.963838+00,XRP/USDT,hold,0.1,2548,245,1205,2606,5461,2,,"XRP remains weakest of the basket (rank 5/5, -1.76% trailing) and just broke down sharply with high volume, closing at 1.0808 near session lows. Base EMA fast (1.0882) below EMA slow (1.0907), 1h EMA fast well below 1h EMA slow, RSI14 at 36 and 1h RSI at 27 — momentum firmly bearish, not a dip-buy setup. No long signal here; staying flat until trend and momentum actually align bullish.",
2026-07-13 02:00:08.007971+00,BTC/USDT,flat,0.1,2412,261,1205,2606,5809,2,,"Clear downtrend continuing: base EMA fast (63788) below EMA slow (63901), RSI14 at 34 (weak momentum), 1h EMA also bearish with RSI 30. Price just broke down sharply again (63694 -> 63412) on rising volume, and BTC ranks weakest of the basket (-1.24% trailing). No long setup here - trend and momentum both point down, and playbook notes prior longs in choppy/negative conditions lost money. Staying flat until trend/momentum flip bullish with confluence across timeframes.",
2026-07-13 02:00:08.040702+00,LINK/USDT,flat,0.1,2441,238,1205,2606,5447,2,,"Last candle broke down sharply (8.059->7.978, -1%) on rising volume, EMA fast/slow essentially flat/crossing (8.045/8.045), RSI14 at 40 (below 50, bearish momentum), and 1h trend also rolling over (emaFast<emaSlow, RSI ~43). This is a clear downside break, not a tradable long setup - price is weak, ranked 4/5 in relative strength, and negative. No long edge here; staying flat.",
2026-07-13 02:15:07.691262+00,BTC/USDT,hold,0,2548,220,0,3811,5505,2,,"Clear downtrend persists: base EMA fast (63713) below EMA slow (63856), RSI14 at 34 (weak, below 50), 1h trend also bearish (EMA fast<slow, RSI 30), and price just broke down further to 63412 with rising volume. No long-side edge here; relative strength rank is 3/5 and own return is negative. Staying flat rather than trying to catch a falling knife or fight the trend.",
2026-07-13 02:30:08.176947+00,BTC/USDT,hold,0.2,2697,249,762,2606,5989,1,,"Downtrend remains intact: base EMA fast (63664) below EMA slow (63821), RSI14 at 37 (below 50), 1h trend also bearish (EMA fast<slow, RSI 30). Price has been sliding with high volatility from 64295 down to 63468 with a brief bounce. No confirming bullish reversal signal yet, so staying flat rather than catching a falling knife. Will wait for EMA fast to reclaim EMA slow and RSI to cross back above 50 before considering a long.",
2026-07-13 02:30:09.925755+00,LINK/USDT,hold,0.2,2598,270,762,2606,5329,1,,"Choppy post-spike regime continues: base EMA fast (8.030) still below EMA slow (8.038), RSI14 at 45 (below neutral 50, below the 50-70 entry band), and 1h EMAs are also nearly flat/slightly bearish (8.022 vs 8.026, RSI 43). No clean trend/momentum confluence to justify a long. Price just bounced off a low (7.948) but this looks like noise within a volatile range rather than a confirmed reversal. Staying flat until EMA fast reclaims EMA slow with RSI back above 50.",
2026-07-13 02:45:05.545895+00,LINK/USDT,hold,0.2,2709,222,0,3368,4968,1,,"Choppy post-spike regime persists: base EMA fast (8.024) below EMA slow (8.034), RSI14 at 44 (below 50, below entry threshold), 1h EMAs also flat/bearish. No confirming trend or momentum for a long. Cross-symbol rank is mid-pack with negative own return. Staying flat until a clean bullish confirmation (EMA fast>slow with RSI>50) emerges.",
2026-07-13 02:45:09.472052+00,BTC/USDT,hold,0.2,2836,231,0,3368,7318,1,,"Downtrend remains intact: base EMA fast (63625) below EMA slow (63789), RSI14 at 37 (below 50), 1h trend also bearish (EMA fast<slow, RSI 30). Price is down ~0.7% over the window with elevated volatility and no confirming reversal. Also ranked 4/5 in relative strength (weak vs peers). No long edge here; staying flat until trend/momentum align and a fresh confirming close appears.",
2026-07-13 03:00:08.453534+00,BTC/USDT,hold,0,2978,252,0,3368,6312,1,,"Clear downtrend intact: base EMA fast (63575) below EMA slow (63752), RSI14 at 34 (weak momentum, below 50), 1h trend also bearish (EMA fast<slow, RSI 30). Price continues sliding from 64295 down to 63376 with rising volume on down candles. No confluence for a long entry; staying flat avoids fighting the trend and unnecessary fees. Will wait for EMA fast/slow to converge/cross and RSI to reclaim 50 before considering entry.",
2026-07-13 03:15:05.947893+00,XRP/USDT,hold,0.1,2537,249,3108,0,5519,1,,"XRP is in a sharp downtrend with accelerating selling (last candle -0.99% on huge volume, RSI14 at 28.7, EMA fast well below EMA slow on base and 1h timeframes). No trend/momentum confluence for a long, and catching a falling knife here risks further downside given the steep negative ret1/ret5/ret20. Staying flat until price stabilizes and shows a confirmed reversal (EMA cross back up, RSI reclaiming 50) rather than chasing a bounce.",
2026-07-13 03:15:19.331664+00,BTC/USDT,hold,0,2831,271,0,3108,19189,1,,"Downtrend accelerating: latest candle broke sharply from 63376 to 62893 low, closing 63025 on a volume spike. EMA fast (63465) below EMA slow (63685), RSI14 at 27 (oversold territory, momentum weak), 1h trend also bearish (EMA fast<slow, RSI 30). No confluence for a long entry — this is a falling-knife pattern, not a confirmed reversal. Staying flat until trend/momentum align (EMA fast crosses back above slow with RSI reclaiming 50) rather than trying to catch the bottom.",
2026-07-13 03:45:07.291993+00,BTC/USDT,flat,0,3067,279,1205,2606,5164,2,,"BTC is in a clear, accelerating downtrend: EMA fast well below EMA slow on base, 1h and 4h timeframes, RSI14 at 25 (oversold but no reversal confirmation), and price just dropped from 63376 to 62822 with a volume spike. Cross-symbol data shows BTC is the weakest of the basket (rank 5/5, -1.67% return). No long thesis here - price is falling, not consolidating. Staying flat until trend shows genuine stabilization (EMA fast reclaiming EMA slow, RSI back above 50) rather than catching a falling knife.",
2026-07-13 03:45:07.292582+00,ETH/USDT,flat,0.9,2170,252,1205,2606,5154,2,,"Clear downtrend: base EMA fast well below EMA slow, RSI14 at 32.8, price broke down sharply from 1846 to 1779 with strong volume, and last closed candle shows a decisive -0.9% drop with no reversal signs. ETH is also the weakest-ranked symbol relative context aside (rank 4/5), and the prior long attempt on this exact setup lost money. No confluence for a long here — staying flat until trend clearly turns (EMA fast reclaims slow, RSI back above 50).",
2026-07-13 04:00:06.994532+00,BTC/USDT,flat,0.05,2989,230,0,3811,4852,2,,"Persistent downtrend: base EMA fast (63180) well below EMA slow (63488), 1h EMA also bearish, RSI14 at 25 (oversold, no reversal confirmation). Price fell from 64295 to 62806 in a handful of bars with high volume/volatility, and BTC ranks weakest among the basket (-1.6% trailing return). No sign of trend exhaustion or reversal - staying flat rather than catching a falling knife.",
2026-07-13 04:15:07.556284+00,BTC/USDT,hold,0.1,2985,260,762,2606,5414,1,,"BTC remains in a strong, accelerating downtrend: base EMA fast (63108) well below EMA slow (63427), 1h EMA fast<slow, RSI14 at 26 (oversold but no reversal confirmation), and it's ranked weakest (5/5) of the basket with -1.58% return. No bullish confluence exists to justify a long, and catching a falling knife in a high-volatility downtrend risks the stop before any reversal confirms. Staying flat until EMA fast reclaims EMA slow and RSI recovers above 50.",
2026-07-13 04:45:06.723293+00,BTC/USDT,flat,0.1,2840,221,3108,0,4537,1,,"Strong accelerating downtrend persists: base EMA fast (62992) well below EMA slow (63317), RSI14 at 26 (oversold, no reversal confirmation), 1h EMA also bearish (RSI 21). Price just broke down again to 62718 with rising volume. No confluence for a long entry; staying flat until trend shows genuine reversal signs (RSI back above 50, EMA fast crossing above slow).",
2026-07-13 05:00:06.98743+00,BTC/USDT,flat,0.05,2806,221,0,3108,4773,1,,"Strong accelerating downtrend continues: base EMA fast (62928) well below EMA slow (63258), RSI14 at 25 (oversold, no bullish reversal confirmation), 1h EMA also bearish with RSI 20. Price keeps making fresh lows with expanding volume. No trend/momentum confluence for a long entry; staying flat and waiting for stabilization or a confirmed reversal before considering any long position.",
2026-07-13 05:00:07.790545+00,ETH/USDT,flat,0.1,2093,217,0,3108,5591,1,,"Downtrend intact: base EMA fast (1787) below EMA slow (1798), RSI14 at 35, HTF 1h also shows EMA fast<slow with RSI 30. Price has been making lower lows (1846->1779) with no confirmed reversal candle yet. No long edge here; staying flat until trend/momentum align (EMA fast>slow, RSI>50) or a clear basing pattern forms.",
2026-07-13 05:30:07.926082+00,BTC/USDT,flat,0,2983,265,3811,0,5722,2,,"Downtrend remains firmly intact: base EMA fast (62851) below EMA slow (63165), RSI14 at 28 (weak, oversold but no reversal confirmation), 1h EMA also bearish (RSI 20) confirming higher-timeframe downtrend agreement. Price continues making lower lows (64295 -> 62636) with no basing structure yet. BTC also ranks 4/5 in relative strength, a laggard. No long edge here; staying flat avoids fighting a persistent downtrend and matches prior successful flat calls in this exact regime.",
2026-07-13 06:15:05.300005+00,ETH/USDT,flat,0.1,2405,251,762,2606,5110,1,,"Downtrend remains intact: base EMA fast (1782.8) below EMA slow (1791.3), RSI14 at 37, and 1h EMA fast/slow also bearish (1795.9 vs 1803.0, RSI 32.7). ETH is the weakest symbol in the basket (rank 5/5, -2.45% trailing). Price keeps making lower lows with no confirmed reversal candle. No long thesis is supported; staying flat avoids fighting the trend and fee drag from a low-edge entry.",
2026-07-13 07:00:07.361114+00,ETH/USDT,flat,0.2,2559,254,1205,2606,5164,2,,"Downtrend remains intact: base EMA fast (1780.8) below EMA slow (1788.2), RSI14 at 37.6 (below 50), and 1h EMA fast/slow also bearish (1792.3 vs 1800.8, RSI 30.8). ETH is the weakest symbol in the basket (rank 5/5, -1.6% trailing) with no reversal signal on the last closed candle. No confluence for a long; staying flat avoids fighting the prevailing downtrend and fees on a low-edge entry.",
2026-07-13 07:30:07.821741+00,SOL/USDT,hold,0.2,1729,264,762,2606,6878,1,,"Base-interval EMAs are essentially flat/crossing (fast 76.41 vs slow 76.42) and RSI14 near 53 — a choppy, low-conviction regime per the playbook. The 1h trend is still bearish (EMA fast below slow, RSI 41.6), which argues against chasing this small bounce despite SOL ranking #1 in relative strength. No clear confluence to justify paying the ~20bps round trip cost; better to wait for a confirmed break above recent highs with RSI>50 and 1h trend aligning before committing capital.",
2026-07-13 07:30:08.27238+00,XRP/USDT,hold,0.25,2827,262,762,2606,7748,1,,"Base EMA fast (1.0778) just crossed above EMA slow (1.0785 close) with RSI14 at 53, showing a tentative bullish tilt, but the 1h trend remains firmly bearish (EMA fast 1.0810 < EMA slow 1.0881, RSI 32.4) and XRP is still lagging the basket (rank 2/5 but negative trailing return, -0.08%). Mixed timeframe signals and no strong confluence argue against a fresh long here; better to wait for 1h trend confirmation before committing capital.",
2026-07-13 07:45:08.244637+00,XRP/USDT,hold,0.2,2958,248,0,3368,5752,1,,"Base EMA fast/slow are essentially flat and crossing (1.0782 vs 1.0786), RSI14 at 50.4 is neutral, and the 1h trend remains clearly bearish (EMA fast 1.0810 < EMA slow 1.0881, RSI 32.4). Last candle also closed down after a small bounce, showing lack of follow-through. No confluence for a long entry; staying flat avoids fighting the higher-timeframe downtrend and paying fees on a low-edge chop.",
2026-07-13 08:00:05.567797+00,XRP/USDT,hold,0.2,3107,265,0,3368,5090,1,,"Base EMA fast/slow are essentially flat (1.0785 vs 1.0787), RSI14 near 50 (neutral), and 1h trend remains bearish (EMA fast 1.0807 < EMA slow 1.0873, RSI 35.4). No confluence for a long entry despite XRP ranking strongest in the basket - that's relative, not absolute strength. Price is chopping in a tight range near 1.078-1.081 with no clear breakout. Staying flat until trend and momentum align, avoiding fee-eroding whipsaw trades.",
2026-07-13 08:00:07.709715+00,LINK/USDT,hold,0.2,2855,254,0,3368,7122,1,,"EMA fast/slow are essentially flat and crossing (7.9624 vs 7.9627) with RSI14 at 52.4 - near-neutral, no clear momentum edge. 1h trend is bearish (emaFast 7.969 < emaSlow 7.992, RSI 47), conflicting with base timeframe. This is the choppy post-spike regime the playbook warns against - low edge, fees would likely erase any thin gain. Staying flat until a clean confirming close with EMA/RSI/1h alignment appears.",
2026-07-13 08:15:06.079115+00,SOL/USDT,hold,0.2,1700,223,3108,0,5154,1,,"Base-interval EMAs are essentially flat (fast 76.44 vs slow 76.43) with RSI14 at ~51 — a choppy, low-conviction regime. The 1h trend remains bearish (EMA fast 76.47 below slow 76.75, RSI 43), arguing against a fresh long. No clear edge to clear fees; staying flat and waiting for confirmed trend alignment across timeframes before committing capital.",
2026-07-13 08:15:07.430226+00,XRP/USDT,hold,0.2,2954,230,3108,0,4957,1,,"Base EMA fast/slow essentially flat (1.0789 vs 1.0789) and RSI14 at 52 is neutral, showing no clear momentum edge. 1h trend remains bearish (EMA fast 1.0807 < EMA slow 1.0873, RSI 35.4), so higher-timeframe confluence is still missing. No confirmed uptrend to justify a long entry; staying flat avoids paying fees on a low-edge chop.",
2026-07-13 08:15:11.021308+00,BTC/USDT,hold,0.2,2838,285,0,3108,8856,1,,"Base EMA fast (62924) remains below EMA slow (62992) and RSI14 is 49, still below the 50 threshold for a confirmed bullish signal, despite a recent bounce off 62620 lows. The 1h trend is still clearly bearish (EMA fast<slow, RSI 32), so higher-timeframe confluence is lacking. This looks like a relief bounce inside a downtrend rather than a confirmed reversal. No position is open, so staying flat avoids chasing an unconfirmed move; will wait for EMA fast to cross above slow with RSI>50 and 1h alignment before committing capital.",
2026-07-13 08:15:13.273132+00,LINK/USDT,hold,0.2,2829,252,0,3108,4652,1,,"Base EMA fast/slow barely separated (7.9685 vs 7.9654) with RSI14 at 55.6 - mildly bullish but weak. 1h trend still bearish (emaFast 7.969 < emaSlow 7.992, RSI 47.2), conflicting with the base timeframe. Price has recovered somewhat but lacks confluence across timeframes per the playbook's confirmation requirement. Staying flat rather than chasing a thin edge that fees would erode; will wait for cleaner alignment.",
2026-07-13 08:30:06.14866+00,LINK/USDT,hold,0.3,2847,245,0,3108,5570,1,,"Base EMA fast (7.972) is above slow (7.967) and RSI14 ~54 is mildly bullish, but the 1h trend is still bearish (emaFast 7.969 < emaSlow 7.992, RSI 47.2) - conflicting signals across timeframes. Price has been choppy/range-bound (7.90-8.13) over the last several hours with no clean trend confirmation. Staying flat until base and higher timeframe trends align, avoiding a thin edge that fees would erode.",
2026-07-13 08:30:07.337462+00,XRP/USDT,hold,0.3,2979,266,0,3108,4852,1,,"Base EMA fast/slow remain essentially flat (1.0792 vs 1.0790) and RSI14 at ~51 is neutral, showing no clear momentum edge. The 1h trend remains bearish (EMA fast 1.0807 < EMA slow 1.0873, RSI 35.4), so higher-timeframe confluence for a long is still absent. Price is chopping in a tight range (~1.079-1.081) with no confirmed breakout. Staying flat avoids fee-eroding whipsaw trades until trend and momentum align across timeframes.",
2026-07-13 08:30:10.002763+00,BTC/USDT,hold,0.3,2795,310,0,3108,7835,1,,"Base EMA fast (62959) is still slightly below EMA slow (63002) though the gap has narrowed sharply after a strong bounce off 62620 lows, and RSI14 is 51.7 (just crossed above 50). However the 1h trend remains clearly bearish (EMA fast 63145 < EMA slow 63509, RSI 32), a meaningful conflict with the base-interval signal. Given the playbook's preference for confluence across timeframes before entering, and recent price already rallied ~0.8% off lows into potential 1h resistance, I'll stay flat and wait for either a base EMA fast/slow bullish cross confirmation with 1h agreement, or a clear pullba",
2026-07-13 08:45:06.711388+00,XRP/USDT,hold,0.2,1640,285,1205,2606,6237,2,,"Base-interval EMA fast/slow are barely separated (1.07950 vs 1.07917) and RSI14 is near 52 — a borderline, not decisive, trend. Higher timeframes disagree: h1 and h4 EMA fast are below EMA slow with RSI below 50, indicating the larger trend is still down/neutral while price just bounced. Funding is slightly negative and basis negative, no strong bullish derivatives tilt. This is exactly the shallow-chop-dressed-as-trend pattern the playbook warns about — no confluence across timeframes, so staying flat rather than forcing a marginal long.",
2026-07-13 08:45:06.939406+00,SOL/USDT,hold,0.2,1643,296,1205,2606,6016,2,,"Base 15m trend is only marginally positive (EMA fast/slow barely separated, RSI ~55) while the higher timeframes (1h, 4h) show EMA fast below EMA slow and RSI below 50, signaling the broader trend is still down/neutral against this small bounce. This is exactly the borderline, non-confluent setup the playbook flags as low-edge chop. Despite SOL ranking strongest in the basket, the lack of htf agreement and thin momentum don't clear a comfortable multiple of round-trip costs. Staying flat and waiting for a clearer, higher-timeframe-confirmed breakout is the more disciplined choice.",
2026-07-13 08:45:07.4625+00,ETH/USDT,hold,0.2,1788,259,1205,2606,5237,2,,"Base-interval EMA fast/slow are essentially flat and crossing (1785.9 vs 1787.2), RSI14 is ~49.5 (dead neutral), and 1h EMA trend is bearish (fast below slow) while 4h is only mildly bullish — this is mixed/choppy, not a decisive trend. ETH is also the weakest of the basket (rank 4/4), arguing against concentrating longs here. No clear directional edge that comfortably clears round-trip fees, so staying flat per the playbook's raised entry bar.",
2026-07-13 08:45:08.811094+00,BTC/USDT,hold,0.2,1683,298,1205,2606,6590,2,,"Base-interval EMA fast/slow are essentially crossed flat (63012 vs 63019, near equal) with RSI14 at 53 — borderline, not decisively trending. Higher timeframes disagree: H1 and H4 EMA fast are both below EMA slow with sub-50 RSI, indicating a broader downtrend/chop that contradicts any local bounce. Recent bars show a recovery off a dip but not a clean confirmed breakout, and BTC ranks weakest of the basket. Per playbook, borderline crosses without HTF confluence are low-edge and should be skipped. Staying flat until trend and momentum clearly align across timeframes.",
2026-07-13 08:45:22.415696+00,LINK/USDT,hold,0.2,1639,255,0,3811,5826,2,,"Base 15m trend is only mildly positive (emaFast slightly above emaSlow, RSI ~54) but the 1h EMA is bearish (fast below slow) and 4h EMA bullish — mixed higher-timeframe confluence, not a decisive trend. Price has already run up ~1% over the last 20 bars and is near recent local highs, so entering now risks chasing a shallow move that barely clears round-trip costs. Per playbook, borderline/mixed setups favor staying flat rather than forcing a low-edge long.",
2026-07-13 09:00:06.538813+00,SOL/USDT,hold,0.2,1742,238,0,3811,5623,2,,"15m trend is only mildly positive (EMA fast/slow barely separated, RSI ~57) while both 1h and 4h show EMA fast below EMA slow with RSI below 50 — higher-timeframe trend disagrees with the base interval. Despite being the strongest symbol in the basket, this is not a decisive, persistent directional move per the entry bar (need confluence across timeframes plus a move that clearly clears fees). Staying flat rather than chasing a borderline setup.",
2026-07-13 09:00:07.080501+00,BTC/USDT,hold,0.2,1786,246,0,3811,4938,2,,"Base-interval trend is mildly up (EMA fast just above slow, RSI ~57) but this conflicts with H1 (EMA fast below slow, RSI 35) and H4 (EMA fast below slow, RSI 44) which both show downtrend context. This is exactly the kind of borderline, non-confirmed setup the playbook flags as low-edge chop dressed as trend. Cross-symbol rank is weak (4/5) too. Staying flat until higher timeframes align with the 15m signal.",
2026-07-13 09:00:07.549491+00,ETH/USDT,hold,0,1901,266,0,3811,5417,2,,"Base EMA fast/slow are nearly flat (1786.8 vs 1787.5) with RSI ~51, a borderline non-trending setup. 1h trend is bearish (fast well below slow, RSI 42) while 4h is only mildly bullish — timeframes disagree, so there's no decisive confluence. ETH also ranks last (5 of 5) in cross-symbol relative strength, arguing against concentrating longs here. Per playbook and rules, staying flat is preferred when trend quality is ambiguous and edge doesn't clearly clear costs.",
2026-07-13 09:00:11.348425+00,LINK/USDT,hold,0.2,1747,271,0,3811,10792,2,,"Base 15m trend is mildly bullish (emaFast>emaSlow, RSI~57) and price just broke above recent range highs, but 1h EMA still bearish (fast below slow, RSI~48) creating mixed HTF confluence. 4h is bullish which helps, but per playbook I should require decisive, persistent multi-timeframe agreement before entering, not a borderline mixed signal. LINK ranks 2nd of 5 in relative strength which is a positive, but staying flat until 1h confirms trend to avoid another thin-edge round trip that barely covers fees.",
2026-07-13 09:15:06.406914+00,XRP/USDT,hold,0.2,1836,245,762,2606,5927,1,,"Base-interval EMA fast/slow remain barely separated (1.07975 vs 1.07934) with RSI ~52 — a weak, borderline trend. The 1h EMA trend is bearish (fast below slow, RSI ~38), conflicting with the base timeframe, and XRP ranks last (5/5) in cross-symbol relative strength, weakest of the basket. No confluence for a long entry; edge is too thin to clear costs. Staying flat until trend and momentum align across timeframes.",
2026-07-13 09:15:09.621809+00,SOL/USDT,hold,0.2,1836,221,0,3368,4718,1,,"15m trend is mildly positive (EMA fast slightly above slow, RSI ~56) but 1h shows EMA fast below EMA slow with RSI ~44, indicating higher-timeframe disagreement. Basis and funding are slightly negative too. Despite ranking #2 in the basket, the lack of multi-timeframe confluence argues against a fresh long entry; staying flat avoids paying fees on a thin edge.",
2026-07-13 09:15:11.687279+00,BTC/USDT,hold,0.2,1890,260,762,2606,9554,1,,"Base-interval trend is only mildly bullish (EMA fast 63072 vs slow 63047, RSI 54) but H1 shows a clear downtrend (EMA fast 63148 below slow 63510, RSI 35), a conflicting higher-timeframe signal. BTC also ranks last (5/5) in cross-symbol relative strength versus the basket, which argues against concentrating longs here. No position currently open, so staying flat avoids fighting the higher-timeframe trend and a laggard-relative-strength symbol for a thin edge.",
2026-07-13 09:15:42.217825+00,LINK/USDT,hold,0.2,1841,232,0,3368,5674,1,,"15m trend is mildly bullish (emaFast>emaSlow, RSI~55) but 1h EMA remains bearish (fast below slow, RSI~48), so higher-timeframe confluence is still mixed. Price is chopping near 7.98-8.00 without a clean breakout, and recent decisions show this range hasn't resolved. Better to wait for either 1h EMA to flip bullish or a decisive close above 8.01 with volume before committing capital.",
2026-07-13 10:00:07.507721+00,LINK/USDT,long,0.35,1434,293,3108,0,6854,1,,"Base-interval EMA fast is above EMA slow with RSI14 near 56 (bullish but not overbought), price grinding up with modest positive momentum (ret20 +0.65%). However 1h EMA trend is mixed (fast below slow), so confidence is moderate rather than high. Entering with a tight offset near current close, modest stop and asymmetric take-profit clearing fee floor comfortably.","{""maxHoldBars"": 16, ""stopLossPct"": ""0.008"", ""takeProfitPct"": ""0.014"", ""entryOffsetBps"": 5, ""entryValidityBars"": 4}"
2026-07-13 10:30:06.407279+00,SOL/USDT,hold,0.2,1603,269,3811,0,5374,2,,"SOL is in a choppy, weak setup: EMA fast/slow essentially flat and crossing (76.50 vs 76.51), RSI14 at 43 (below 50), 1h EMA trend also bearish-leaning (fast below slow), and SOL ranks last (5/5) in relative strength with negative trailing return. No confluence for a directional long, and the recent playbook signal shows entries on borderline trends lost money net of fees. Best to stay flat and wait for a clear, decisive trend with RSI>50 and EMA fast clearly above slow before committing capital.",
2026-07-13 10:45:06.225475+00,SOL/USDT,hold,0.2,1718,291,762,2606,5270,1,,"SOL remains in a weak, choppy state: price closed below both EMA fast (76.44) and slow (76.48), RSI14 at 39.8 (below 50, momentum weak), and the 1h trend is also bearish-leaning (fast 76.53 < slow 76.76). SOL ranks last (5/5) in cross-symbol relative strength with a negative trailing return, and funding is slightly negative. No confluence for a long entry; staying flat avoids paying fees on a low-edge, potentially further-declining setup. Will wait for RSI to reclaim 50+ and EMA fast to cross back above EMA slow before considering entry.",
2026-07-13 10:45:08.026141+00,ETH/USDT,hold,0,1759,292,762,2606,5824,1,,"EMA fast (1784.0) is below EMA slow (1785.8) on the 15m, RSI14 is 37.4 (below 50, momentum weak), and the 1h trend shows the same bearish structure (emaFast<emaSlow, RSI 43.7). Price is trending down (ret1, ret5, ret20 all negative) and ETH ranks 4/5 in relative strength vs the basket with negative own return. No confluence for a long entry exists here—entering now would be chasing a downtrend against the playbook's own criteria. Staying flat until trend and momentum align (EMA fast > slow, RSI>50) is the disciplined choice.",
2026-07-13 10:45:11.650561+00,XRP/USDT,hold,0.1,1689,270,0,3368,9151,1,,"Price is losing momentum: EMA fast just crossed below EMA slow on the 15m, RSI14 at 42.8 is below 50, and the 1h trend is also bearish (EMA fast below EMA slow, RSI 38.5). Recent candles show a pullback from local highs (~1.081 down to 1.077) with negative ret1/ret5. This is not a confirmed uptrend with momentum agreement, so no long entry is justified per the trend+momentum criteria. Staying flat avoids fighting the emerging downtrend and paying fees on a low-edge setup.",
2026-07-13 11:00:05.557028+00,XRP/USDT,hold,0.2,1795,217,0,3368,5086,1,,"15m EMA fast remains below EMA slow, RSI14 at 43 is under 50, and the 1h trend is also bearish (EMA fast below slow, RSI ~36). Price has been drifting down from recent highs with no confirming bullish reversal. No edge to go long against this trend; staying flat and waiting for confluence (EMA fast > slow, RSI > 50, 1h agreement) before re-entering.",
2026-07-13 11:00:06.627437+00,ETH/USDT,hold,0.2,1873,212,0,3368,4419,1,,"15m EMA fast (1783.1) remains below EMA slow (1785.2), RSI14 at 37.3 is well below 50, and the 1h trend confirms the same bearish structure (emaFast<emaSlow, RSI 38.8). Price also ranks 4/5 in cross-symbol relative strength, a laggard. No confluence for a long entry; staying flat until trend and momentum align.",
2026-07-13 11:00:07.245595+00,SOL/USDT,hold,0.2,1859,237,0,3368,6297,1,,"SOL remains in a weak, choppy regime: EMA fast (76.41) below EMA slow (76.46) on the base interval, RSI14 at 44 (below 50), and 1h trend also bearish-leaning (fast 76.48 < slow 76.72). SOL ranks 4/5 in relative strength with negative trailing return, and funding is slightly negative. No confluence for a long entry and fees would erode any thin edge here. Staying flat until trend/momentum align.",
2026-07-13 11:45:07.973256+00,XRP/USDT,hold,0.2,1574,222,3108,0,5507,1,,"EMA fast/slow are essentially flat and crossing (1.07870 vs 1.07883), RSI14 at 47.6 is below 50, and both 1h/4h trends are bearish (emaFast well below emaSlow, RSI in high-30s). No confluence for a long entry per the playbook criteria; price action is choppy near the range midpoint. Staying flat avoids paying fees on a low-edge, range-bound setup.",
2026-07-13 11:45:33.858488+00,LINK/USDT,flat,0.75,1516,246,0,3108,5293,1,,"Position is underwater (-0.65%) with EMA fast below EMA slow on base, 1h, and near-flat 4h — the uptrend that would justify holding has broken. RSI14 at 40.7 is below the 45 exit threshold from the playbook and price has been trending down from ~7.99 to 7.94. No managed plan is currently attached. Rather than average down or hope for a bounce, cut the position now to avoid further slippage before the backstop triggers, since fees plus continued downside would compound losses.",
2026-07-13 12:00:06.646654+00,LINK/USDT,flat,0.8,1711,245,1205,2606,6077,2,,"No position currently open, so 'flat' is a no-op confirmation. Base and 1h trend are both bearish (EMA fast below EMA slow), RSI14 at 39 is below 50, price weakest of the basket (rank 5/5, -0.26% return), and momentum (ret1/ret5/ret20 all negative) confirms downtrend. This is exactly the low-edge, laggard-symbol setup the playbook flags to avoid. Staying flat until trend and relative strength both turn favorable.",
2026-07-13 12:00:07.733171+00,XRP/USDT,hold,0.2,1809,229,1205,2606,5250,2,,"EMA fast (1.07844) is now below EMA slow (1.07870) on base interval, RSI14 at 44.7 is below 50, and the 1h trend is clearly bearish (emaFast well below emaSlow, RSI 35.9). Cross-symbol rank is 4/5 with negative own return, further discouraging a long here. No confluence for a tradable trend; staying flat avoids fighting the higher-timeframe downtrend and chop.",
2026-07-13 12:00:07.917007+00,BTC/USDT,hold,0.2,1661,236,1205,2606,5762,2,,"EMA fast is below EMA slow on both base interval (62986 vs 63015) and 1h (63092 vs 63395), RSI14 at 42 is below 50, and price just broke below the recent range with a fresh lower close. This is a downtrend/chop regime, not a confirmed uptrend, so there's no long edge here. Staying flat until trend and momentum align (EMA fast > slow, RSI > 50, ideally HTF agreement) with a decisively directional move.",
2026-07-13 12:00:07.958947+00,ETH/USDT,hold,0.2,1748,246,1205,2606,5789,2,,"EMA fast is below EMA slow on both the base interval (1782.3 vs 1784.0) and the 1h timeframe (1788.2 vs 1796.4), RSI14 is below 50 at ~41, and price just printed a fresh lower close (1780.74) breaking below recent consolidation. This is a downtrend/chop regime, not a confirmed uptrend, so no long edge is present. Staying flat until EMA fast reclaims EMA slow with RSI above 50 on a decisive move.",
2026-07-13 12:15:05.715216+00,XRP/USDT,hold,0,1956,217,0,3811,5282,2,,"EMA fast (1.07821) remains below EMA slow (1.07857) on base interval, RSI14 at 44.4 is below 50, and 1h trend is clearly bearish (emaFast well below emaSlow, RSI 35.9). XRP is also weakest of 5 in cross-symbol ranking with negative trailing return. No confluence for a long; staying flat until trend and momentum align with a decisively directional move.",
2026-07-13 12:15:06.274629+00,SOL/USDT,flat,0.1,1602,268,0,3811,5397,2,,"EMA fast is below EMA slow on both the 15m base and 1h timeframe, RSI14 is 38.8 (below 50, momentum bearish), and price is declining (ret1/ret5/ret20 all negative) with SOL ranked weakest (5/5) of the basket and negative cross-symbol return. No trend/momentum confluence for a long; this is a downtrend/chop regime, not a tradable setup. Staying flat and waiting for a clear bullish confirmation (EMA fast > slow, RSI > 50, HTF agreement) before considering entry.",
2026-07-13 12:15:07.327758+00,LINK/USDT,hold,0,1846,185,0,3811,4795,2,,"Base and 1h trend both bearish (EMA fast below EMA slow), RSI14 at 39 below 50, price down -0.6% over last 20 bars and weakest/near-weakest in the basket (rank 4/5). No confluence for a long entry per playbook criteria — staying flat rather than trading against the downtrend.",
2026-07-13 12:15:08.073984+00,ETH/USDT,hold,0.1,1869,245,0,3811,5945,2,,"Downtrend intact: EMA fast (1781.9) below EMA slow (1783.7) on base interval, and 1h EMA fast (1788.2) well below 1h EMA slow (1796.4). RSI14 at ~40, below 50, confirming bearish momentum. ETH also ranks 4/5 in relative strength with negative trailing return, no edge to go long. No position open, so nothing to exit; staying flat until trend and momentum align bullishly with a decisive, non-borderline signal.",
2026-07-13 12:15:11.1517+00,BTC/USDT,hold,0.2,1768,286,0,3811,9031,2,,"Downtrend intact: EMA fast (62957) below EMA slow (62999) on base interval, and 1h EMA fast (63092) well below 1h EMA slow (63396) confirming higher-timeframe downtrend. RSI14 at 39.5 is below 50 and falling, momentum bearish. Price just made a fresh lower close below the recent range. No long setup here - trend and momentum both point down, and per playbook discipline this is exactly the low-edge chop/downtrend condition to avoid. Staying flat until EMA fast reclaims EMA slow with RSI back above 50 and 1h trend agreeing.",
2026-07-13 12:30:06.107167+00,SOL/USDT,flat,0.1,1712,213,762,2606,5236,1,,"EMA fast remains below EMA slow on both 15m and 1h, RSI14 at 35.7 shows bearish momentum, and price continues declining (ret1/ret5 negative). SOL ranks weakest (5/5) in cross-symbol strength with negative funding. No trend/momentum confluence for a long entry; staying flat avoids fighting the downtrend and fees on a low-edge setup.",
2026-07-13 12:30:07.013989+00,XRP/USDT,hold,0.1,2107,210,762,2606,4620,1,,"EMA fast (1.07765) is below EMA slow (1.07828) on base interval and RSI14 has dropped to 39, confirming bearish momentum. 1h trend is also clearly bearish (emaFast well below emaSlow, RSI 35.9). Price just broke down through recent support near 1.0754. No confluence for a long entry; staying flat to avoid fighting the downtrend.",
2026-07-13 12:30:07.163066+00,ETH/USDT,hold,0.2,2020,215,762,2606,5060,1,,"Downtrend remains intact: base EMA fast (1780.9) below EMA slow (1783.1), RSI14 at 35 (below 50), and 1h EMA fast well below 1h EMA slow confirming bearish momentum on higher timeframe. Price just made a fresh lower low. No long entry is justified against this trend; staying flat avoids fighting the prevailing momentum and unnecessary fees.",
2026-07-13 12:30:07.444594+00,BTC/USDT,hold,0.2,1918,250,762,2606,5346,1,,"Downtrend remains intact: base EMA fast (62915) below EMA slow (62976), 1h EMA fast (63092) well below 1h EMA slow (63396), RSI14 at 35.5 confirming bearish momentum. Price just printed a fresh lower close below recent range with negative ret1/ret5/ret20. No confluence for a long entry per playbook rules - trend and momentum disagree with long thesis. Staying flat until EMA fast reclaims EMA slow and RSI recovers above 50.",
2026-07-13 12:30:08.292875+00,LINK/USDT,flat,0.6,1991,253,762,2606,5771,1,,"No position open. Base trend is clearly bearish: EMA fast (7.942) below EMA slow (7.956), RSI14 at 34 (oversold, weak momentum, not a reversal signal yet), 1h EMA also bearish (fast 7.975 < slow 7.992). Price is weakest in the basket (rank 5/5, -0.79% return) and making fresh lows this candle. No confluence for a long entry per playbook criteria; staying flat avoids fighting the downtrend and fees on a low-edge setup.",
2026-07-13 12:45:06.774088+00,SOL/USDT,hold,0,1638,218,3566,0,5870,1,,"Downtrend confirmed across timeframes: EMA fast below EMA slow on 15m, 1h, and 4h; RSI14 at 34 (below 50); price making fresh lows with negative CVD and negative bar imbalance. This is a clear bearish regime, not a chop, so the entry rules (EMA fast>slow, RSI 50-70) are not met. No long edge here — staying flat until trend and momentum align.",
2026-07-13 12:45:07.426657+00,BTC/USDT,hold,0.1,1804,242,3566,0,5335,1,,"Downtrend across timeframes: base EMA fast below slow, RSI14 at 32.6 (below 50), 1h and 4h EMAs also bearish, negative CVD and bar imbalance showing sustained selling pressure. No confluence for a long entry per playbook regime rules — price is falling, not consolidating. Staying flat to avoid catching a falling knife; will wait for trend/momentum to align (EMA fast reclaiming slow, RSI back above 50) before considering a long.",
2026-07-13 12:45:10.589905+00,ETH/USDT,hold,0,1892,250,3566,0,8472,1,,"Downtrend confirmed: EMA fast below EMA slow on 15m, 1h, and 4h timeframes; RSI14 at ~30 (oversold, weak momentum, not bullish reversal signal); negative CVD and negative bar imbalance show aggressive selling; ETH ranked weakest of the basket with negative trailing return. No confluence for a long entry, and price just broke down sharply on the last two candles. Staying flat until trend/momentum align (EMA fast > EMA slow, RSI > 50).",
2026-07-13 12:45:11.831112+00,LINK/USDT,hold,0.1,1741,214,0,3566,5301,1,,"Downtrend confirmed: EMA fast below EMA slow on base and 1h, RSI14 at 29.5 (oversold, momentum weak), negative CVD and bar imbalance showing aggressive selling, and LINK ranks weakest (5/5) in cross-symbol relative strength. No confluence for a long entry; better to stay flat and avoid catching a falling knife until trend/momentum align.",
2026-07-13 13:00:05.843513+00,SOL/USDT,hold,0.1,1853,190,0,3566,4928,1,,"Downtrend intact across 15m/1h/4h (EMA fast below slow on all), RSI14 at 35 with negative CVD and bar imbalance confirming sell pressure. No confluence for a long entry; price is below both EMAs and momentum is weak. Staying flat until trend and momentum show a confirmed bullish shift.",
2026-07-13 13:00:09.387795+00,LINK/USDT,hold,0.2,1859,212,0,3566,4811,1,,"Downtrend intact: EMA fast below EMA slow on base, 1h, and 4h; RSI14 at 33 well below 50; negative CVD and bar imbalance show continued selling pressure. LINK also ranks weakest (5/5) in the cross-symbol basket with the worst trailing return. No confluence for a long entry, so staying flat and avoiding a counter-trend trade against fees.",
2026-07-13 13:00:11.936711+00,BTC/USDT,hold,0.1,1918,213,0,3566,9772,1,,"Downtrend intact across all timeframes: base EMA fast (62770) below EMA slow (62889), RSI14 at 33.4, 1h and 4h EMAs both bearish, negative CVD (-728) and negative bar imbalance confirming sustained selling pressure. No trend/momentum confluence to support a long. Staying flat until price reclaims EMA slow and RSI recovers above 50.",
2026-07-13 13:15:06.161941+00,LINK/USDT,hold,0.2,1689,236,3108,0,5607,1,,"Downtrend remains intact: EMA fast (7.914) below EMA slow (7.938) on base interval, 1h EMA fast also below EMA slow, RSI14 at 30 showing continued bearish momentum with no bullish divergence. Price just made a fresh low (7.887) with negative ret1/ret5/ret20. No confirming reversal signal or basing pattern yet, so staying flat avoids catching a falling knife and paying fees on a low-edge entry.",
2026-07-13 13:15:07.533061+00,ETH/USDT,hold,0.2,1725,215,3108,0,5375,1,,"Downtrend intact: 15m EMA fast (1774.6) below EMA slow (1779.1), 1h EMA fast below EMA slow, RSI14 at ~29 showing weak momentum and no bullish reversal confirmation. Price just made a fresh low this bar. No confluence for a long entry per playbook rules; staying flat avoids fighting the trend and paying fees on a low-edge setup.",
2026-07-13 13:15:07.659977+00,BTC/USDT,hold,0,1751,239,3108,0,5517,1,,"Clear downtrend intact: base EMA fast (62719) below EMA slow (62855), RSI14 at 29.9 showing bearish momentum, 1h EMAs also bearish (fast 63054 < slow 63351). Price just broke to new lows this bar (62518) with no reversal signal. No confluence for a long entry per playbook rules - trend and momentum both bearish. Staying flat until a confirming reversal (EMA cross up, RSI reclaiming 50) appears.",
2026-07-13 13:15:09.378573+00,SOL/USDT,hold,0,1670,231,3108,0,8435,1,,"Downtrend intact: 15m EMA fast (75.98) below slow (76.18), RSI14 at 31.5 (oversold and below 50), 1h EMA also bearish (fast 76.47 < slow 76.67). Price closed at fresh lows (75.68) with negative momentum (ret1/5/20 all negative). No confluence for a long entry per playbook heuristics; staying flat and waiting for trend reversal confirmation before risking capital.",
2026-07-13 13:30:05.91664+00,SOL/USDT,hold,0,1816,216,0,3108,5032,1,,"Downtrend remains intact across timeframes: 15m EMA fast (75.90) below EMA slow (76.13), RSI14 at 30 (oversold, below 50), 1h EMA also bearish (76.47 < 76.67). Price is making fresh lows with no reversal confirmation. No long entry signal per entry rules; staying flat and waiting for a confirmed trend/momentum reversal before considering a position.",
2026-07-13 13:45:06.127391+00,SOL/USDT,hold,0,1708,230,1205,2804,5158,2,,"Clear downtrend: EMA fast below EMA slow on base and 1h timeframe, RSI14 at 25 (oversold, momentum weak not turning), price making fresh lows this bar, weakest performer in the cross-symbol basket, negative CVD/bar imbalance. No confluence for a long — entry rules require EMA fast clearly above slow and RSI>50, which is the opposite of current conditions. Staying flat rather than catching a falling knife.",
2026-07-13 13:45:08.785154+00,BTC/USDT,hold,0,1780,233,1205,2804,6688,2,,"Clear downtrend: EMA fast below EMA slow on both base and 1h timeframes, RSI14 at ~26 (oversold, momentum bearish not basing), price making fresh lows with negative CVD and negative bar imbalance. No confluence for a long setup, and playbook explicitly flags entering against trend/chop as low-edge. Staying flat until trend shows genuine bullish confirmation (EMA fast reclaiming slow, RSI back above 50).",
2026-07-13 14:00:07.305414+00,BTC/USDT,hold,0,1866,239,0,4009,5169,2,,"Clear downtrend intact: EMA fast well below EMA slow on both 15m and 1h, RSI14 at ~25-26 (oversold, momentum still bearish not basing), price making fresh lows this bar with negative CVD and weak cross-symbol rank (4/5). No confluence for a long entry per the playbook's tightened bar for trend quality. Staying flat until trend shows genuine reversal (EMA fast reclaiming EMA slow, RSI back above 50).",
2026-07-13 15:00:22.578613+00,ETH/USDT,hold,0.2,1581,252,3108,0,20395,1,,"Price just bounced off a local low (1764-1770 area) with EMA fast still below EMA slow on the 15m and the 1h trend clearly bearish (emaFast<emaSlow, RSI 42). RSI14 at 55 is only mildly positive and momentum is not confirmed across timeframes. Given the higher-timeframe downtrend and lack of confluence, edge is thin; better to stay flat and wait for a clearer trend alignment (15m EMA cross up plus 1h confirmation) before risking capital.",
2026-07-13 15:30:09.227592+00,ETH/USDT,hold,0.3,1981,361,4009,0,7030,2,,"15m EMA fast/slow are essentially flat and crossing (1777.07 vs 1777.40), RSI14 at 55.6 is only mildly above 50 - not a decisive trend. More importantly, the 1h timeframe is clearly bearish (emaFast 1783.4 < emaSlow 1791.9, RSI 42.4), directly contradicting any bullish bias on the 15m. Recent price action shows a bounce off a local low but tradeFlow shows negative barImbalance (-0.35) and negative CVD (-7398), meaning aggressive selling still dominates despite the price uptick. Playbook notes recent long entries on borderline setups lost money net of fees. This is a mixed/choppy setup with hig",
2026-07-13 15:30:23.524938+00,LINK/USDT,hold,0.2,1699,282,0,4009,10828,2,,"Base-interval EMA fast just barely above slow with RSI ~60, but the 1h trend disagrees (h1 emaFast below emaSlow, RSI ~49) — this is exactly the borderline, non-confluent setup the playbook warns against. Price bounced off a wick low with choppy recent bars (two overlapping bars at 1783949400000 suggest volatility/uncertainty). Despite LINK ranking #1 cross-symbol, the lack of higher-timeframe confirmation and thin momentum argues for staying flat rather than chasing a shallow bounce that may not clear round-trip costs.",
2026-07-13 15:45:07.048232+00,XRP/USDT,hold,0.1,1848,291,762,2804,6545,1,,"XRP is the weakest of the basket (rank 5/5, -0.25% trailing return) and showing bearish confluence: EMA fast just crossed below EMA slow on 15m, RSI14 at 47.5 (below 50), and both 1h/4h EMAs are in clear downtrends with h4 RSI at 35. CVD is negative (-3.08M) despite a slightly positive last-bar taker imbalance, and funding is negative. No confirmed uptrend or momentum agreement exists to justify a long per the entry rules; staying flat avoids fighting the higher-timeframe downtrend and the relative-strength laggard signal.",
2026-07-13 15:45:08.217753+00,BTC/USDT,hold,0.2,2049,250,762,2804,6008,1,,"BTC remains in a downtrend across timeframes: 15m EMA fast below EMA slow, RSI14 at ~45 (below 50, no bullish confirmation), and both 1h/4h EMAs strongly bearish with RSI in the mid-30s. Cross-symbol rank is weakest of the basket (-0.35% return) with negative CVD, confirming no relative strength edge. No confluence for a long entry per playbook criteria; staying flat avoids fighting the trend and unnecessary fee drag.",
2026-07-13 15:45:10.263567+00,SOL/USDT,hold,0.2,1869,210,0,3566,5237,1,,"EMA fast below EMA slow on base, 1h, and 4h timeframes; RSI14 at 45 and falling; last close broke below recent range with negative CVD and negative bar imbalance confirming seller pressure. SOL also ranks weakest of the basket (-0.59% trailing return). No trend/momentum confluence for a long entry, so staying flat rather than fighting the downtrend.",
2026-07-13 16:00:11.507253+00,XRP/USDT,hold,0.1,1916,224,0,3566,8985,1,,"Downtrend intact: 15m EMA fast below EMA slow, RSI14 at 43.7 (below 50), 1h EMAs bearish (fast 1.0768 < slow 1.0819, RSI 34.5), CVD strongly negative, and XRP ranks near the bottom of the basket (3/5, -0.70% trailing). No confluence for a long here; staying flat until trend/momentum align and a confirming close appears.",
2026-07-13 16:15:12.047387+00,XRP/USDT,hold,0,2073,248,0,3566,5530,1,,"Downtrend remains intact: 15m EMA fast (1.0739) below EMA slow (1.0745), RSI14 42 (<50), 1h EMAs bearish and steep (fast 1.0768 < slow 1.0819, RSI 34.5), CVD strongly negative with negative bar imbalance, and XRP ranks near the bottom of the basket. No confluence for a long entry per playbook; staying flat and waiting for a confirmed trend flip rather than fighting the prevailing momentum.",
2026-07-13 16:45:08.401427+00,ETH/USDT,hold,0.2,1856,266,3108,0,6207,1,,"15m EMA fast (1775.9) is below EMA slow (1776.8) and RSI14 at 45.5 is below 50, indicating momentum has turned negative after the recent chop. The 1h trend remains clearly bearish (emaFast 1782 < emaSlow 1790.6, RSI 40). No confluence for a long entry per the playbook criteria - price just broke down through recent range with a wide-range red-ish candle. Staying flat until trend and momentum agree (EMA fast > slow, RSI>50) on both 15m and confirmation from htf.",
2026-07-13 17:30:14.157772+00,BTC/USDT,hold,0,3550,311,3745,0,8996,1,88d25b40-f023-482d-92e8-875027f88799,"Downtrend intact: EMA fast below EMA slow on both 15m and 1h, RSI14 at 30.7 (below 50, momentum bearish), CVD negative, price making lower lows. No confluence for a long entry per playbook rules. Staying flat and waiting for trend confirmation before considering entry.",
2026-07-13 17:45:09.975614+00,XRP/USDT,hold,0,3770,319,0,3745,6523,1,62796b05-b179-49bc-8aab-b1e039f3fa13,"Clear downtrend on both 15m and 1h: EMA fast below EMA slow, RSI14 28.8 (oversold, momentum bearish, still falling), negative CVD, negative funding, and weakest cross-symbol rank (5/5). No trend/momentum confluence for a long entry per playbook rules. Stay flat and wait for confirmed reversal.",
2026-07-13 18:00:11.775049+00,SOL/USDT,hold,0,9284,569,0,3745,9210,1,8d6365f1-1d5c-4d07-a812-098ea4504864,"Strong downtrend on 15m and 1h: EMA fast below slow, RSI14 at 25 (oversold, momentum bearish, not a reversal confirmation), negative CVD, weakest cross-symbol rank (5/5). No long setup criteria met; remain flat.",
2026-07-13 18:15:11.158502+00,BTC/USDT,hold,0,3519,332,3287,0,6027,1,ba15dd75-807d-4345-a99c-8a48c83542b1,"Downtrend intact on both 15m and 1h: EMA fast below EMA slow, RSI14 at 25.4 (deeply below 50), price making fresh lower lows with accelerating red candles. No trend/momentum confluence for a long entry per playbook criteria. Remain flat and wait for confirmed reversal (EMA cross plus RSI reclaiming 50) before considering entry.",
2026-07-13 18:15:14.603748+00,LINK/USDT,hold,0,1544,201,0,3287,5054,1,ec5c4c01-803a-4d9c-b71f-1f706afcf241,"Downtrend continues: EMA fast (7.867) below EMA slow (7.899) on 15m, 1h EMAs also bearish, RSI14 30.6 well below 50. Price just broke down sharply with high volume. No trend/momentum confluence for a long entry per playbook criteria. Staying flat until price stabilizes and shows a confirming bullish close with RSI reclaiming 50.",
2026-07-13 18:30:11.576007+00,BTC/USDT,hold,0,5445,364,0,3287,6435,1,37b20eab-7eec-4b7e-80cd-a5f1297943cb,"Downtrend intact across 15m and 1h: EMA fast below slow, RSI14 26.7 deeply below 50, price making fresh lower lows with accelerating red candles. No trend/momentum confluence for a long entry per playbook criteria. Remain flat.",
2026-07-13 18:45:10.118623+00,LINK/USDT,hold,0,4268,311,1205,2983,6588,2,0ee6d461-36b6-4797-87ca-34b715814346,"Downtrend persists: EMA fast (7.859) below EMA slow (7.889) on 15m, 1h EMAs also bearish, RSI14 39 below 50, negative CVD and negative bar imbalance. No trend/momentum confluence for a long entry; weakest-ranked symbol in basket. Remain flat.",
2026-07-13 19:00:11.703126+00,ETH/USDT,hold,0,4539,364,0,4188,6503,2,2547719c-9763-4f75-8f1f-3a9b09bc11fd,"EMA fast (1764.4) still below EMA slow (1769.1) on 15m and 1h trend also bearish (1776 vs 1785), RSI14 43.3 below 50. No trend/momentum confluence for a long entry despite ETH being the relatively strongest symbol in the basket. Staying flat until a decisive close above EMA slow with RSI>50 confirms reversal.",
2026-07-13 19:15:10.042509+00,LINK/USDT,hold,0,4820,336,762,2983,6431,1,7f87f66b-feba-459c-9faa-b377e329837d,"EMA fast (7.857) remains below EMA slow (7.883) on 15m, 1h trend also bearish (7.919 vs 7.952), RSI14 42 below 50, negative CVD over lookback. Weakest cross-symbol rank among peers. No trend/momentum confluence for a long entry; remain flat.",
2026-07-13 19:30:09.90542+00,LINK/USDT,hold,0,5120,316,0,3745,6312,1,ead22ad1-6355-486f-8e45-83a679eabed7,"EMA fast (7.857) below EMA slow (7.881) on 15m, 1h trend also bearish (7.919 vs 7.952), RSI14 41.3 below 50, negative CVD and negative bar imbalance. No trend/momentum confluence for a long entry; weakest cross-symbol rank among peers. Remain flat.",
2026-07-13 19:45:12.130738+00,ETH/USDT,hold,0,3125,349,3287,0,6934,1,a94210af-24a1-49da-84ca-259cf1f52afe,"Base 15m EMA fast is barely below slow (1767.35 vs 1769.18) though RSI just crossed above 50, but both 1h and 4h higher-timeframe trends are clearly bearish (EMA fast<slow, RSI<45). No confluence across timeframes, so edge is thin and choppy - better to stay flat and wait for confirmation.",
2026-07-13 21:15:14.614808+00,SOL/USDT,hold,0,1720,193,3745,0,10595,1,e318e04c-bc9b-4fc1-a6f1-7deb5e8b9166,"Downtrend confirmed: price below both EMAs (fast 74.88 < slow 75.07), RSI14 at 34.4 well below 50, negative CVD and negative bar imbalance showing aggressive selling, weakest of the basket at rank 5/5. No long thesis here — playbook and rules both call for staying flat until trend and momentum align. No existing position to manage.",
2026-07-13 21:30:09.73632+00,XRP/USDT,hold,0,3099,258,3287,0,6242,1,cabc7c94-f24a-42d5-86ba-a667413e5d5b,"Downtrend intact: EMA fast below EMA slow on both base and 1h timeframes, RSI14 at 33 well below 50, price making fresh lows. No long edge here per playbook rules; staying flat avoids fighting the trend and unnecessary fees.",
2026-07-13 21:45:11.314849+00,BTC/USDT,hold,0,3019,334,0,3287,6106,1,78336cc8-d946-470e-8723-bce2631cdc2b,"Downtrend intact: EMA fast below EMA slow on 15m and 1h, RSI14 at 35.5 showing bearish momentum, price making lower lows. No confluence for a long entry per playbook; fees would erase any thin edge in this falling market. Stay flat and wait for trend reversal confirmation.",
2026-07-13 22:15:10.65396+00,BTC/USDT,hold,0,1850,256,1205,2983,5458,2,20132571-415c-40d9-bb79-692057db7a32,"No confluence for a long: 15m EMA fast (62112.9) is below EMA slow (62171.0), RSI14 is at 48 (below 50), and the 1h trend is clearly bearish (EMA fast below EMA slow, RSI 34.5). Price is choppy just under the 15m EMA slow with negative CVD over the lookback. Playbook and rules both call for staying flat when trend/momentum don't agree and the move doesn't clearly clear costs. Remaining flat until a decisive, confirmed uptrend with HTF agreement emerges.",
2026-07-14 08:30:15.55497+00,LINK/USDT,hold,0,9710,1024,3745,0,12526,1,b37ac0fc-fc0d-460b-ac5c-7a7747cba082,"",
2026-07-14 08:45:13.78748+00,SOL/USDT,hold,0.2,7896,653,0,3745,9834,1,7d553572-d665-4743-a01f-204422264864,"15m EMA fast/slow are essentially flat (74.89 vs 74.94) with RSI 57 - mild bullish but 1h trend is clearly bearish (EMA fast 75.17 < slow 75.78, RSI 32). Weakest of the basket at rank 5/5. No strong confluence; fees would erode a thin edge. Stay flat.",
2026-07-14 08:45:47.899602+00,LINK/USDT,hold,0.3,2000,282,0,3745,6289,1,7fa728a9-0d4a-48d4-ae14-bf3666f58a49,"15m trend has turned up (EMA fast>slow, RSI14 64) with positive momentum and decent cross-symbol rank, but the 1h trend is still bearish (EMA fast<slow, RSI 38.6), showing lack of multi-timeframe confluence. Price also just popped sharply (+0.6% intrabar) after a gap up from low volume overnight bars, which looks extended short-term rather than a fresh confirming close. Given the playbook's caution against chasing without HTF agreement and the recent whipsaw history, staying flat and waiting for either a pullback entry or 1h confirmation is the better risk/reward choice here.",
2026-07-14 09:00:17.470797+00,BTC/USDT,hold,0,10647,1024,0,3745,13001,1,584344c2-7521-4240-ad0c-5b15ee2ce124,"",
2026-07-14 09:15:15.143357+00,BTC/USDT,hold,0.2,7647,604,3287,0,9999,1,ca9574f1-7ddf-43e3-acf5-cd08b999a815,"15m trend is bullish (emaFast 62473 > emaSlow 62343, RSI 65) but 1h trend is bearish (emaFast 62320 < emaSlow 62725, RSI 34.5) and RSI is approaching overbought. Conflicting timeframes per playbook; not chasing an extended move against a bearish higher timeframe. Staying flat.",
2026-07-14 09:15:31.727588+00,LINK/USDT,hold,0.3,1923,272,0,3287,8166,1,6f704d96-0251-47fe-96a7-e6de771f46c4,"15m trend is up (EMA fast>slow, RSI ~62) but the 1h timeframe still shows a bearish EMA/RSI configuration, so multi-timeframe confluence is missing. Price has just bounced into a recent local high near 7.95 after a choppy overnight range, and there's a gap in the data (large time jump before the last few candles) reducing confidence in continuity. Given the playbook's emphasis on avoiding entries without higher-timeframe agreement, and recent history of similar setups producing marginal/negative moves, staying flat is the disciplined choice until 1h trend also turns supportive.",
2026-07-14 09:30:12.359117+00,BTC/USDT,hold,0,8245,529,0,3287,7187,1,64ded2de-f725-444b-b191-2cf290b90bdf,"15m trend bullish (emaFast>emaSlow, RSI 63.7) but 1h trend is clearly bearish (emaFast 62320 < emaSlow 62725, RSI 34.5). Conflicting timeframes; no confluence per playbook, avoid chasing this extended bounce. Stay flat.",
2026-07-14 09:45:11.887268+00,BTC/USDT,hold,0,4976,358,1205,2983,6670,2,27a74457-e983-4b65-bfe7-78b8af322cb1,"15m trend is modestly bullish (emaFast 62523 > emaSlow 62391, RSI 58) but 1h trend is clearly bearish (emaFast 62320 < emaSlow 62725, RSI 34.5), and the latest close just dropped through the recent range with negative ret1. No cross-timeframe confluence per playbook; staying flat rather than chasing a fading bounce.",
2026-07-14 10:00:13.155779+00,BTC/USDT,hold,0,7708,503,0,4188,7955,2,53839203-4ac3-4edc-a498-52214f08cfda,"15m EMA fast>slow with RSI 60, but 1h trend is clearly bearish (emaFast 62382 < emaSlow 62716, RSI 46) and tradeFlow is negative (barImbalance -0.41, CVD -38). No cross-timeframe confluence; recent similar setups all lost or went nowhere. Stay flat.",
2026-07-14 10:15:15.688115+00,BTC/USDT,hold,0.3,10359,793,762,2983,10509,1,aa2cd84b-cc46-4a71-a4fd-4a1b5977c6ef,"15m trend bullish (emaFast 62579 > emaSlow 62440, RSI 63) but 1h trend is bearish (emaFast 62382 < emaSlow 62716, RSI 46) - the H1 EMA slow just above current price acts as resistance. CVD negative over lookback. No clean cross-timeframe confluence despite decent rank; stay flat and wait for 1h to confirm.",
2026-07-14 10:15:21.698657+00,LINK/USDT,hold,0.2,2594,258,0,3745,8120,1,49407feb-2208-47fb-88b8-378ecdc79b47,"15m trend is modestly bullish (EMA fast 7.9197>slow 7.9015, RSI 60.5) and price just broke to a local high, but 1h EMA remains bearish (7.888<7.923, RSI 48.9) and tradeFlow CVD is negative (-9880) with negative bar imbalance, showing sellers still active on lower timeframe flow despite the price uptick. Lack of multi-timeframe confluence plus mixed order flow keeps edge too thin to clear costs; stay flat and wait for 1h to confirm before committing capital.",
2026-07-14 10:30:11.130735+00,BTC/USDT,hold,0,5660,410,0,3745,5968,1,64695478-9f06-48ce-80b6-ca3473d28d5e,"15m trend is bullish (emaFast 62597 > emaSlow 62461, RSI 60.5) but 1h trend remains bearish (emaFast 62382 < emaSlow 62716, RSI 46) with H1 emaSlow acting as resistance just above current price. Tradeflow is slightly negative (barImbalance -0.02, CVD -151). No cross-timeframe confluence per playbook; staying flat rather than chasing a move that's already faded from the recent high.",
2026-07-14 10:45:14.361466+00,BTC/USDT,hold,0,7284,722,3287,0,9181,1,4c9aaa41-6b86-44f4-ad5c-51444478ea7e,"",
2026-07-14 10:45:33.668211+00,LINK/USDT,hold,0.3,2637,262,0,3287,6059,1,b406ae05-be1a-4793-aedf-7d933a30851a,"15m trend is bullish (EMA fast 7.927 > slow 7.908, RSI 61) and price just made a fresh push to 7.95, but the 1h timeframe still shows EMA fast (7.888) below EMA slow (7.923) with RSI near 49, meaning multi-timeframe confluence is still absent. Given repeated whipsaw in recent decisions and the lack of higher-timeframe confirmation, the edge remains too thin to justify paying the round-trip fee; staying flat until 1h trend flips up or a clearer breakout with volume confirms the move.",
2026-07-14 11:00:11.518909+00,SOL/USDT,hold,0.3,7220,487,0,3287,7571,1,3a355d42-5b69-4151-b547-b33155638803,"15m trend is bullish (emaFast 75.19 > emaSlow 75.09, RSI 59) with a strong recent breakout candle, but 1h trend is still bearish (emaFast 75.22 < emaSlow 75.69, RSI 45.6). Conflicting timeframes; per playbook, wait for 1h confirmation rather than chase the breakout. Staying flat.",
2026-07-14 11:00:25.041947+00,LINK/USDT,long,0.55,2643,430,0,3287,7421,1,e03e23eb-2e57-4170-b2a6-640af5f5eab8,"15m trend is now clearly bullish: EMA fast 7.936 > EMA slow 7.914, RSI14 64.6 (strong but not yet overbought >70), and price just broke to a fresh local high (7.97) on the largest volume bar in the window, confirming momentum rather than a single wick. The 1h EMA fast (7.905) is still slightly below 1h EMA slow (7.927) but 1h RSI has recovered to ~53, showing the higher timeframe is turning rather than firmly bearish - improving confluence versus prior holds. Order book shows bid/ask imbalance >1 (0.67 actually favors asks slightly, but spread is tight at 1.25bps) with reasonable liquidity. Gi","{""maxHoldBars"": 16, ""stopLossPct"": ""0.014"", ""takeProfitPct"": ""0.024"", ""entryOffsetBps"": 5, ""entryValidityBars"": 3}"
2026-07-14 11:15:12.50553+00,BTC/USDT,hold,0.3,5625,404,0,3745,7307,1,e2887691-2ccd-4b94-89c8-9be7215c05c0,"15m trend is bullish (emaFast 62696 > emaSlow 62545, RSI 64) but 1h trend still bearish (emaFast 62466 < emaSlow 62724, RSI 49), and last close pulled back from highs with negative tradeFlow CVD. No cross-timeframe confluence per playbook; RSI also getting toward hot territory. Prefer staying flat until 1h trend confirms or a clean pullback/reclaim sets up better risk-reward.",
2026-07-14 11:15:14.324104+00,XRP/USDT,hold,0.2,2813,232,0,3745,4833,1,b3ac1283-d2c3-4e0b-8685-731d09aa5c66,"15m trend modestly bullish (EMA fast 1.0691 > slow 1.0674, RSI 57.8) but 1h timeframe remains bearish (emaFast 1.0675 < emaSlow 1.0730, RSI 45.2), CVD deeply negative (-733k) and XRP ranks weakest (5/5) in the basket. No confluence across timeframes, so no clean edge to clear fees. Staying flat consistent with recent holds that correctly avoided chop.",
2026-07-14 11:30:09.81275+00,XRP/USDT,hold,0.2,8737,494,1205,2983,6333,2,c6c31f45-7c14-4550-b6f4-6c4eda88dffb,"15m EMAs bullish (fast 1.0697 > slow 1.0678, RSI 61.4) but 1h trend remains bearish (emaFast 1.0675 < emaSlow 1.0730, RSI 45.2) and CVD deeply negative. XRP ranks weakest of the basket. Conflicting timeframes = no clean edge; stay flat per playbook.",
2026-07-14 11:45:27.14825+00,SOL/USDT,hold,0.2,8880,517,0,3745,23182,1,b59857f9-3b17-44f5-9a2c-e3b65fbf2116,"15m trend modestly bullish (emaFast 75.34 > emaSlow 75.19, RSI 57) but 1h trend remains bearish (emaFast 75.22 < emaSlow 75.69, RSI 45.6) with H1 emaSlow overhead as resistance. SOL is weakest-ranked in basket (5/5). No cross-timeframe confluence; stay flat per playbook.",
2026-07-14 12:00:13.207714+00,XRP/USDT,hold,0.3,9073,680,0,3745,9575,1,aad3eb4c-8c8a-4704-8f0b-96898bbd1fe3,"15m trend bullish (emaFast 1.0706 > emaSlow 1.0686, RSI 62.9) but 1h trend is bearish (emaFast 1.0685 < emaSlow 1.0729, RSI 46.9) and tradeFlow CVD deeply negative (-866k) with negative bar imbalance. XRP ranks near weakest of basket (3/5, lowest return). Conflicting timeframes and negative flow despite price rise; stay flat per playbook confluence rule.",
2026-07-14 12:15:11.590289+00,BTC/USDT,hold,0.3,6189,428,0,3745,6413,1,aa0b7091-5499-4c13-bf2e-597d0b47706b,"15m trend bullish (emaFast 62790 > emaSlow 62644, RSI 65 approaching overbought) and price is up nicely, but 1h trend is mixed/bearish (emaFast 62541 < emaSlow 62735, RSI ~50) and tradeFlow shows negative CVD/barImbalance. No clean cross-timeframe confluence and RSI is elevated - chasing here has thin edge after fees. Stay flat and wait for either a pullback entry or 1h confirmation.",
2026-07-14 12:30:14.150286+00,BTC/USDT,hold,0,5779,549,3287,0,8950,1,c471b661-bc2d-4581-bb58-9f00ee837a61,"",
2026-07-14 12:45:13.128871+00,BTC/USDT,hold,0.2,2738,286,0,3287,7961,1,dce6e640-6ec0-4a30-94b8-ca056e567f92,"Price just spiked sharply (+0.94% last candle, RSI14 at 81.8, deeply overbought) on a huge volume breakout to 63554-63672. Chasing this extended move risks buying the top of a parabolic wick; the last closed candle's range (62949-63672) is unusually wide versus ATR14 of ~182, signaling exhaustion risk. 1h trend is still only neutral (emaFast just below emaSlow, RSI ~50), lacking confluence. Better to wait for a pullback/consolidation and confirmation than enter into an overbought spike where reward/risk is poor and stop would need to be wide to avoid the noise.",
2026-07-14 13:00:15.888108+00,ETH/USDT,hold,0.5,11989,841,1205,2983,12678,2,2f5ebae0-4456-4ad9-b89d-6b3f92a05bb6,"Currently long from prior entry at 1789.89, now up ~1.98% with RSI14 at 87 - deeply extended/overbought. Trend remains strongly bullish (emaFast>emaSlow, 1h confluence positive, rank 1/5 in basket), but RSI this extreme increases risk of a sharp pullback. No plan is active (managedPlan false implied), so I hold without adding; will look to protect gains rather than add here given the parabolic move already in progress.",
2026-07-14 13:15:15.7093+00,XRP/USDT,hold,0,12136,714,0,4188,12203,2,f7d469c2-d485-441a-b4bb-8eba65cb2a3d,"XRP just had a massive breakout (+1.7% then +0.5% bars) with RSI14 74, deeply overbought and extended. It is the weakest-ranked symbol in the basket (5/5) despite the pop, and 1h trend only mildly supportive. Chasing an extended parabolic move here has poor risk/reward; better to wait for a pullback/consolidation before considering entry. Stay flat.",
2026-07-14 13:30:13.812656+00,XRP/USDT,hold,0.2,12170,590,762,2983,10336,1,a61187c3-10b0-45cc-b128-38faa4f5886e,"XRP just had a parabolic breakout candle (+1.7% then further, RSI14 84 deeply overbought) after ranking weakest most of the session. Chasing this extended move risks buying a blow-off top; no confirming pullback/consolidation yet. Stay flat and wait for a cooling-off confirmation.",
2026-07-14 13:45:16.805143+00,ETH/USDT,hold,0,15441,823,0,3745,13843,1,e750bbe2-74ac-403f-a08e-2cbbab31cf90,"ETH is up massively in a parabolic run (RSI14 80, +4.6% ret20, huge volume spike last few bars) after already exiting a prior long profitably at the flat mark. Chasing here risks buying a blow-off top; last close pulled back from the high (1880->1870). No fresh confirming pullback/basing signal yet. Stay flat and wait for either a healthy pullback with reclaim or clear momentum stabilization before re-entering.",
2026-07-14 14:15:14.7956+00,LINK/USDT,hold,0,14025,659,3287,0,12301,1,9243e3ed-684a-4637-babb-7b1239895775,"LINK is deeply extended after a parabolic run (RSI14 79.5, +4.5% ret20), last close pulled back from 8.333 to 8.301 showing exhaustion. Chasing here risks buying a blow-off top; no fresh confirming setup. Stay flat.",
2026-07-14 14:30:13.090445+00,XRP/USDT,hold,0,14114,698,0,3287,10492,1,5f55bb19-8c10-4bc4-8cee-6d19da79093f,"RSI14 71.4, deeply overbought after a parabolic run (+2.6% ret20) with the last close pulling back from 1.1047 to 0.9074... actually to 1.0974, showing loss of momentum. Chasing this extended move risks buying a blow-off top; no confirming pullback/reset yet. Remain flat.",
2026-07-14 14:45:13.845667+00,LINK/USDT,hold,0.2,3090,300,0,4188,6252,2,3f2fae4c-5865-4013-98d4-6ddb6851286d,"LINK remains deeply extended after a parabolic run (RSI14 ~79, +4.8% ret20), well above typical overbought threshold. EMA/RSI confluence across 15m and 1h is strong and confirms trend, but chasing this far above the moving averages carries poor risk/reward — the pullback from 8.353 high to 8.303 close and recurring wicks show exhaustion signs. No fresh confirming breakout close, and playbook notes prior chases into overbought conditions underperformed. Staying flat avoids buying a blow-off top; will look for a pullback toward EMA fast (~8.24) or a fresh basing pattern with RSI cooling below 70",
2026-07-14 14:45:13.896702+00,SOL/USDT,hold,0.2,12386,602,1205,2983,9896,2,18701ad3-d86f-468d-b8ab-f1f36afb8d69,"15m trend bullish (emaFast>emaSlow, RSI 67) and H1 has now flipped slightly bullish, but SOL ranks only 3/5 in basket and price is extended off a sharp breakout with last few bars stalling around 76.8-77.1. Not a fresh confirming breakout, edge is marginal after fees. Remain flat.",
2026-07-14 15:00:14.186515+00,LINK/USDT,hold,0,15361,785,0,4188,11702,2,fd7b5834-a692-4061-8e5b-6a8462889a42,"LINK is #1 ranked and trend/1h confluence remain strongly bullish, but RSI14 80.7 is deeply overbought after a huge parabolic run (+5.2% ret20). This is a classic extended/blow-off setup where chasing offers poor risk/reward per the playbook and prior similar holds avoided giving back gains. Stay flat and wait for a pullback/consolidation with fresh confirmation before entering.",
2026-07-14 15:15:23.033142+00,XRP/USDT,hold,0.2,3048,244,762,2983,17547,1,ad1d9f23-4a12-49d5-af58-622684247d9e,"XRP remains extended after a parabolic run (RSI14 73.8, well above the 70 chase threshold), with ret20 already +3.1%. EMAs are bullish and 1h trend supportive, but repeatedly entering an overbought, extended move has been avoided correctly in past holds. No fresh confirming pullback/reset has occurred, and mid-pack relative rank (3/5) doesn't justify chasing here. Staying flat until RSI cools or a fresh higher-low confirmation with room to target above fees forms.",
2026-07-14 15:30:15.395857+00,XRP/USDT,flat,0.2,6058,569,3287,0,11877,1,3f43ee72-0c47-4dc0-9949-a740a9e5cc20,"RSI14 at 77 is deeply overbought after a huge run (+3.4% ret20), well past the playbook's 70 ceiling for fresh entries. Chasing here risks a sharp pullback; better to wait for consolidation or pullback with RSI cooling toward 50-60 before entering long.",
2026-07-14 16:30:10.86791+00,BTC/USDT,hold,0.2,1889,308,4188,0,5718,2,08d18b2a-5b56-4c20-9b13-8e7d8110ffa8,"Strong uptrend confirmed (EMA fast well above slow, 1h EMA trend agrees, CVD positive) but RSI14 at 81.4 is deeply overbought after a sharp breakout run (+3.1% in 20 bars). Chasing here risks a mean-reversion pullback right after entry, and playbook notes prior chase-entries near overbought RSI underperformed. Also ranked 4/5 vs peers (relative weakness vs ETH/SOL), so better to wait for either a pullback/consolidation with RSI cooling toward 60-65, or a fresh confirming breakout, rather than buying an extended candle now. Staying flat preserves optionality without paying fees on a low-quality",
2026-07-14 19:00:12.854288+00,XRP/USDT,hold,0,1691,321,3287,0,7352,1,871b4ad0-8018-45ae-9b8c-744433fc63fb,"RSI14 at 73 remains deeply overbought after a strong extended rally (+1.2% ret20, last candle alone +0.55%). Both base and 1h RSI are well above the 70 ceiling for fresh entries per playbook heuristics, meaning risk of a sharp pullback/mean reversion is elevated. Chasing this move now offers poor risk/reward - a stop tight enough to satisfy fee-adjusted asymmetry would likely get clipped by normal volatility (ATR14 ~0.4% of price), while a wider stop risks giving back the whole edge. Better to stay flat and wait for either a pullback to the EMA fast/slow zone with RSI cooling toward 50-60, or ",
2026-07-14 19:15:11.460224+00,XRP/USDT,hold,0,1799,281,3287,0,5959,1,872feffb-9421-4ee2-92f8-ca53a945ab01,"RSI14 at 75 remains deeply overbought after a strong extended rally (ret20 +1.56%, ret5 +0.91%), well past the 70 ceiling for fresh entries per the playbook. Both base and 1h RSI confirm an extended, chase-prone move. Two prior misses on this exact setup already cost opportunity but avoided drawdown risk; entering now would mean buying into an extended parabolic candle with elevated ATR (0.0041) and thin edge after the 20bps round-trip cost. Prefer to stay flat and wait for a pullback/consolidation or RSI cooling below 70 before considering entry.",
2026-07-14 20:15:17.035683+00,SOL/USDT,hold,0.2,1451,274,0,3287,6964,1,df0261f1-e707-4af7-9946-d0fb4c5adb4e,"15m trend is choppy: EMA fast/slow nearly flat and crossing, RSI14 at ~48 (below 50), recent momentum negative (ret1/ret5/ret20 all negative). Although 1h EMA trend is mildly bullish, the base-interval momentum doesn't confirm entry per playbook rules (need RSI>50 and EMA fast>slow agreement). No position currently open, so staying flat avoids paying fees on a low-edge, range-bound setup. Will wait for a fresh confirming close with RSI reclaiming 50+ and EMA fast decisively above slow before entering long.",
2026-07-14 20:30:12.577703+00,SOL/USDT,hold,0.2,1825,280,3745,0,6586,1,2a16b72e-4ccb-4661-ae7b-b229dea29ec4,"15m trend remains choppy: EMA fast/slow nearly flat (77.13 vs 77.09), RSI14 at ~48.6 sits below 50, and price is ranked weakest of the basket (rank 5/5, ownReturn -0.66%) with negative ret5/ret20 momentum. Although 1h EMA trend is mildly bullish and CVD is slightly positive, the base-interval lacks confirming trend+momentum agreement per entry rules, and being the weakest cross-symbol argues against concentrating a long here. No position currently open, so staying flat avoids paying fees on a low-edge, range-bound setup.",
2026-07-14 21:30:13.551474+00,ETH/USDT,long,0.45,1734,338,3730,0,8415,2,ff608a7d-2fe6-40a5-b945-b310e888f2eb,"EMA fast (1876.35) is above EMA slow (1872.66) with clear separation, RSI14 at 64.3 is bullish but not overbought (unlike the prior 78.6 exhaustion reading that correctly avoided entry), and htf 1h trend is strongly up (emaFast>emaSlow, RSI 75.8). Price has pulled back slightly from the highs and consolidated over the last several bars near 1875-1879, giving a decent entry rather than chasing a spike. ATR14 ~5.67 (~0.3%) supports a stop below recent swing lows and a target that clears fees several times over.","{""maxHoldBars"": 16, ""stopLossPct"": ""0.008"", ""takeProfitPct"": ""0.016"", ""entryOffsetBps"": 5, ""entryValidityBars"": 4}"
2026-07-14 21:30:17.281643+00,LINK/USDT,long,0.4,1583,349,0,3730,7742,2,aeb76168-8a48-4f8a-b231-d36720be2063,"EMA fast (8.288) is clearly above EMA slow (8.274), RSI14 at 60.5 is in a healthy bullish zone (above 50, below 70), and the 1h HTF trend agrees strongly (emaFast>emaSlow, RSI 70). Price has pulled back from the prior parabolic spike and consolidated near 8.28-8.30, giving a fresher, less extended entry than the earlier chase. Order book shows bid/ask imbalance favoring buyers (0.86 ratio still decent) and tight spread. Setting a modest stop below recent swing low with a take-profit that clears several multiples of round-trip fees.","{""maxHoldBars"": 24, ""stopLossPct"": ""0.012"", ""takeProfitPct"": ""0.022"", ""entryOffsetBps"": 5, ""entryValidityBars"": 4}"
2026-07-14 21:45:16.071065+00,BTC/USDT,long,0.45,2027,305,0,3745,10872,1,9ce7523e-759d-48e9-a574-dd522d2f21dc,"EMA fast>slow with H1 trend agreeing, RSI14 at 67 is elevated but not extreme (below 70), momentum positive (ret1/ret5 positive, CVD positive, bid-heavy order book). Prior two entries were skipped on RSI>79/81 overextension; current RSI is more moderate. Enter modest long with tight risk given the extended run already seen, targeting a quick continuation while defining a clear stop below recent swing lows and a take-profit that respects fee floor and asymmetry.","{""maxHoldBars"": 16, ""stopLossPct"": ""0.012"", ""takeProfitPct"": ""0.02"", ""entryOffsetBps"": 5, ""entryValidityBars"": 3}"
2026-07-14 22:30:18.426839+00,SOL/USDT,long,0.6,1996,352,0,3745,14424,1,4c9833a6-0590-4dcc-a5f2-38b70fd45f82,"15m trend now confirms: EMA fast (77.28) above EMA slow (77.19), RSI14 at 63.7 (above 50, below 70 - not yet extended), and 1h EMA trend also bullish (fast 76.93 > slow 76.40) with rising RSI. Price just broke out on the latest candle with strong volume, and SOL ranks 1/5 in the basket (strongest relative performer), aligning with the preference to concentrate longs in strength. Funding is mild and positioning isn't excessively crowded. Setting a tight stop below recent structure and a take-profit sized for the breakout continuation while respecting fee floor and RR requirements.","{""maxHoldBars"": 16, ""stopLossPct"": ""0.012"", ""takeProfitPct"": ""0.022"", ""entryOffsetBps"": 5, ""entryValidityBars"": 3}"
2026-07-15 00:00:11.129401+00,SOL/USDT,long,0.6,2147,374,3745,0,7172,1,503f26a9-5298-44aa-a527-1aaa1933212a,"15m trend confirms bullish: EMA fast (77.65) above EMA slow (77.44), RSI14 at 63.7 (healthy momentum, not yet extended past 70). 1h EMA trend strongly bullish (77.23 vs 76.63) with RSI 71, confirming higher-timeframe alignment. Price broke out of recent range (77.0-77.4) to 77.87 with rising volume and positive CVD/barImbalance, showing aggressive buying. Cross-symbol rank 3/5 with positive own return, funding modest and positioning not overly crowded. Entering long with tight risk management given ATR ~0.26 suggests moderate volatility; sizing stop/target with asymmetric R:R.","{""maxHoldBars"": 24, ""stopLossPct"": ""0.012"", ""takeProfitPct"": ""0.022"", ""entryOffsetBps"": 5, ""entryValidityBars"": 4}"
2026-07-15 00:45:11.885464+00,XRP/USDT,hold,0,1963,280,3730,0,6399,2,5bd9b32e-8521-4601-8097-ec025198c784,"Base-interval trend has flipped choppy: EMA fast (1.1097) just above EMA slow (1.1094) but RSI14 at 47.7 is below 50, and price has been declining over the last several bars (ret5 -0.24%, ret20 -0.77%). This is exactly the borderline chop the playbook warns against - no decisive directional confluence. Although 1h EMA trend is still up, base RSI weakness and recent negative momentum argue against a fresh long here. Staying flat and waiting for a clean re-confirmation (RSI back above 50 with EMA fast clearly separating from slow) rather than chasing a fading move.",
2026-07-15 01:15:12.701135+00,XRP/USDT,hold,0,2099,278,762,2525,5208,1,0989a3b4-eb6e-422a-82b3-553883f0b14e,"Base-interval trend is bearish: EMA fast (1.10871) below EMA slow (1.10894) and RSI14 at 44.2, below the 50 momentum threshold, with negative ret1/ret5/ret20 showing a downtrend from the recent highs. Although the 1h EMA trend is still up, the base timeframe has clearly rolled over and price just closed near session lows. No confluence for a fresh long here; entering now would fight the immediate momentum and risk quickly hitting a stop after fees. Staying flat and waiting for RSI to reclaim 50 with EMA fast back above EMA slow before considering a new long.",
2026-07-15 01:30:12.56428+00,LINK/USDT,long,0.6,1764,334,0,3287,6970,1,be5a3f8c-179d-419b-96f1-4df5a9b7c2cf,"Currently long with a decent unrealized gain (+0.62%). EMA fast (8.332) remains above EMA slow (8.313), RSI14 at 61 is healthy (above 50, below 70), and 1h HTF trend still strongly bullish (emaFast>emaSlow, RSI 73). Trend thesis intact, no clear reversal signal yet (no bearish EMA cross, RSI still above 45). Holding with a managed plan to lock in gains via stop and take profit rather than letting the backstop manage it, tightening stop near breakeven to protect the existing profit while giving room for continuation.","{""maxHoldBars"": 24, ""stopLossPct"": ""0.012"", ""takeProfitPct"": ""0.02"", ""entryOffsetBps"": 0, ""entryValidityBars"": 1}"
2026-07-15 01:45:13.437353+00,ETH/USDT,flat,0.6,4596,496,3745,0,8258,1,628b5b66-a545-49af-ac04-bc8a297e5e19,"EMA fast (1878.96) has now crossed below EMA slow (1879.16) and RSI14 is 42, below the 45 exit threshold from the playbook. The prior long thesis (EMA fast above slow, RSI bullish) has broken down with a sharp red candle closing at 1869.95, well below recent range. Trend momentum has flipped bearish on base interval despite 1h still looking up; prefer flat over holding a thesis that no longer holds, especially with no active plan attached (managedPlan false) so exits are on us.",
2026-07-15 02:00:12.786808+00,BTC/USDT,flat,0.6,6197,506,3287,0,7608,1,c328d355-93c0-4979-9bef-ffd42cd8b6e5,"Current long is underwater and thesis weakening: EMA fast (64787) now barely above EMA slow (64763) with RSI14 at 48, below the 50 momentum threshold from entry. Price has pulled back from the breakout high and ret1/ret5 are negative. Trend that justified entry is breaking down; exit to flat rather than hold a thesis that no longer holds.",
2026-07-15 02:15:17.48752+00,ETH/USDT,hold,0,5125,465,3745,0,12304,1,f6454595-0a9f-432e-b298-c5046d589e2d,"Base-interval trend remains bearish: EMA fast (1876.0) below EMA slow (1877.7), RSI14 at 43.6 below the 45/50 threshold, and ret1/ret5/ret20 show recent weakness. Trade flow is negative (barImbalance -0.29, CVD -773) and ETH ranks 4/5 on cross-symbol strength. Despite a bullish 1h EMA trend, base-interval momentum has broken down and price is choppy near recent lows - no confirming entry signal. Staying flat until EMA fast reclaims EMA slow with RSI back above 50.",
2026-07-15 02:30:12.8886+00,BTC/USDT,hold,0,7659,525,1205,2983,7712,2,c5130055-e348-4166-b514-d1d96417b955,"EMA fast (64721) below EMA slow (64736) on base interval, RSI14 at 42 below 50 threshold, price broke below recent range on this last candle. Despite bullish 1h trend, base-interval momentum is bearish/choppy - no clear directional edge to justify entry. Stay flat per playbook regime notes favoring caution on borderline signals.",
2026-07-15 02:45:09.337704+00,BTC/USDT,hold,0,5035,397,0,3745,6147,1,2dfe2d7f-3ad4-4b5c-ba50-a05dc3fd8540,"Base-interval trend remains bearish: EMA fast (64689) below EMA slow (64720), RSI14 at 44 below the 50 threshold, negative ret5/ret20, and trade flow skewed negative (barImbalance -0.46). Despite a bullish 1h EMA trend, the 15m momentum has not confirmed a fresh long entry - staying flat and waiting for EMA fast to reclaim EMA slow with RSI back above 50 before re-entering.",
2026-07-15 02:45:15.428813+00,XRP/USDT,hold,0,3033,316,0,3745,5967,1,33df2e39-ecb9-4501-ba3f-5f63a9451945,"Base-interval trend remains bearish: EMA fast (1.1040) below EMA slow (1.1063), RSI14 at 37, well below the 50 momentum threshold needed for entry. Price is down across ret1/ret5/ret20 with accelerating decline and XRP ranks weakest (5 of 5) on cross-symbol relative strength. Although 1h EMA trend is still bullish, base-interval momentum and trend disagree, so this is exactly the choppy/uncertain regime the playbook flags as low-edge. No position currently open, so staying flat avoids paying fees to catch a falling knife; will wait for RSI to reclaim 50 and EMA fast to cross back above EMA slo",
2026-07-15 03:00:11.687803+00,BTC/USDT,hold,0,8465,477,0,3745,6528,1,ec9ff6b4-96b1-408b-8dde-2277d8eabd41,"Base-interval trend bearish: EMA fast (64650) below EMA slow (64700), RSI14 at 41 below 50 threshold, negative ret1/ret5/ret20 and negative trade flow. Despite bullish 1h EMA trend, near-term momentum doesn't support a fresh long. Staying flat until base-interval trend and momentum realign.",
2026-07-15 03:15:09.970342+00,XRP/USDT,hold,0,7983,453,3287,0,6493,1,1b33b990-ad74-41ec-b170-0cbcb88d69a5,"Base-interval trend remains bearish: EMA fast (1.1027) below EMA slow (1.1053), RSI14 at 39 below the 50 momentum threshold. Despite a bullish 1h EMA trend, near-term momentum is negative with ret5/ret20 still negative. No confluence for entry; stay flat.",
2026-07-15 03:30:10.170448+00,BTC/USDT,hold,0,5366,289,3287,0,5036,1,6ff9fc5a-9718-4e22-939d-d38931702f84,"EMA fast (64640) below EMA slow (64686) on base interval, RSI14 at 47 below neutral 50. Choppy/range-bound per playbook despite bullish 1h EMA trend. No confirmed momentum edge to justify entry after fees; staying flat.",
2026-07-15 04:00:17.169418+00,SOL/USDT,long,0.5,2072,368,1205,2525,11295,2,b1329120-1a77-4891-af96-5823f259a468,"Already holding a long with an existing entry (~77.83) currently slightly underwater but trend structure remains intact: 15m EMA fast (77.545) is above EMA slow (77.501), RSI14 at 59 (healthy, not overbought), and 1h trend strongly bullish (EMA fast 77.42 > slow 76.92, RSI 65). Price just printed a fresh bullish close (77.78, near session highs) with ret1/ret5 positive. No managed plan is currently attached (managedPlan true but re-anchoring stop/tp to protect gains and enforce discipline). Re-attaching a plan with a modest stop and asymmetric take-profit to manage the existing position rather","{""maxHoldBars"": 24, ""stopLossPct"": ""0.012"", ""takeProfitPct"": ""0.02"", ""entryOffsetBps"": 0, ""entryValidityBars"": 1}"
2026-07-15 05:15:11.114172+00,BTC/USDT,hold,0,6139,353,3745,0,5924,1,f49b4995-cad8-4297-9f54-26bd96e88aea,"EMA fast (64715) essentially equal to EMA slow (64715), RSI14 at 46 below 50 threshold, negative ret1/ret5/ret20 and negative trade flow (barImbalance -0.21, CVD negative). Choppy/range-bound per playbook despite bullish 1h trend. No confirmed momentum edge to justify entry; staying flat.",
2026-07-15 05:30:13.233891+00,XRP/USDT,hold,0,4809,439,3287,0,7724,1,b2cb55dc-c162-46e9-b405-d4246eef9e76,"Base-interval trend remains bearish: EMA fast (1.1021) below EMA slow (1.1036), RSI14 at 40.9 below the 50 momentum threshold, and ret5/ret20 negative. Despite a bullish 1h EMA trend, near-term momentum doesn't support entry. Staying flat until trend/momentum align.",
2026-07-15 06:00:16.242005+00,BTC/USDT,long,0.45,9586,829,1205,2983,11007,2,e3847fa7-61ba-4718-8c25-38510368a1c8,"EMA fast (64751) above EMA slow (64730) with decent separation, RSI14 at 60 in healthy bullish zone (not overbought), H1 trend strongly agrees (fast 64708 > slow 64285, RSI 68). Latest candle broke out with strong close (64944) and volume, ret1/ret5/ret20 all positive, positioning modestly long-skewed but not extreme. This is a cleaner confluence setup than the recent choppy holds. Sizing moderate given prior playbook caution; targeting a move that clears fees several times over with a defined stop.","{""maxHoldBars"": 16, ""stopLossPct"": ""0.006"", ""takeProfitPct"": ""0.011"", ""entryOffsetBps"": 5, ""entryValidityBars"": 3}"
2026-07-15 06:15:11.238569+00,ETH/USDT,long,0.55,3275,306,3745,0,6033,1,a7e964c9-5f38-4684-a787-cf06fc29e9e9,"EMA fast (1878.4) now clearly above EMA slow (1876.4) with widening separation, RSI14 at 64.9 is bullish but not yet overbought, and H1 trend agrees (emaFast>emaSlow, RSI 67). Latest candle closed strong (1888.9) breaking above recent range with rising volume. Ranked 2/5 cross-symbol strength, positive ret1/ret5/ret20. Entering with a plan targeting a move that clears fees with defined stop below recent swing low.","{""maxHoldBars"": 16, ""stopLossPct"": ""0.008"", ""takeProfitPct"": ""0.014"", ""entryOffsetBps"": 5, ""entryValidityBars"": 3}"
2026-07-15 07:30:13.078562+00,LINK/USDT,flat,0.6,8759,681,4188,0,10594,2,b390e1b0-22d7-4165-b215-74be1b46f289,"Existing long is up ~0.3% but momentum is fading: RSI14 at 46 (below 50), EMA fast just crossed below EMA slow, last close down sharply from recent highs with negative barImbalance and negative CVD. Trend that justified entry is breaking; lock in the small gain rather than risk giving it back.",
2026-07-15 07:45:15.201159+00,LINK/USDT,flat,0.6,5739,685,762,2983,11558,1,8e61d667-6d24-400d-be92-8a16a8f08d15,"Currently long with managedPlan false. EMA fast (8.3454) just barely above EMA slow (8.3392) but RSI14 at 50.4 is right at the neutral pivot, ret5 is negative, tradeFlow shows negative barImbalance and CVD (-19967), indicating recent selling pressure despite the position being up small. Base-interval momentum is weak/rolling over even though 1h/4h trend is still up. Given the fading base-interval momentum and prior playbook exit rule (RSI dropping toward 45-50, momentum fading), lock in the modest gain rather than risk giving it back; position lacks an active managed plan so exiting cleanly to",
2026-07-15 08:00:14.599552+00,LINK/USDT,flat,0.6,5794,766,3745,0,11036,1,3244fc33-febe-4ec3-a50b-bce015c768b2,"Currently long with managedPlan false. RSI14 at ~50.0 sitting right at neutral pivot, EMA fast/slow nearly flat and converging, ret1/ret5 negative, tradeFlow shows negative barImbalance and negative CVD (aggressive selling). Trend that justified entry is fading into chop even though 1h trend still up. Already banked a decent unrealized gain (+0.5%); prefer locking in profit and going flat rather than holding through a stalling, low-conviction setup, consistent with playbook exit rules on trend break/uncertainty.",
2026-07-15 08:30:16.839188+00,LINK/USDT,long,0.5,3550,489,3287,0,9139,1,bfc1739e-eb37-481d-9713-bf13c2edf923,"Currently long with managedPlan false, unrealized PnL +1.05%. EMA fast (8.3525) above EMA slow (8.3439), RSI14 59.4 in healthy zone (above 50, below 70), 1h EMA trend strongly bullish (fast well above slow), momentum ret1/ret5/ret20 all positive. Trend intact and confirming per playbook entry/hold rules - re-attach a managed plan anchored to existing entry to lock in protective stop and take-profit rather than leaving it unmanaged.","{""maxHoldBars"": 24, ""stopLossPct"": ""0.015"", ""takeProfitPct"": ""0.025"", ""entryOffsetBps"": 0, ""entryValidityBars"": 1}"
2026-07-16 05:00:51.277452+00,SOL/USDT,hold,0,5371,579,3287,0,52005,1,c40bf9cc-2db4-4618-b7a6-da3cf8a344bb,"Flat, no position. Base-interval trend bearish: EMA fast (77.50) below EMA slow (77.59), RSI14 39.7 below 50, negative ret1/ret5/ret20, last close broke down to 77.29 from prior range. Despite constructive 1h EMA trend, base-interval momentum is weak and falling with no confluence. No edge to enter long here; stay flat.",
2026-07-16 05:01:18.684314+00,LINK/USDT,hold,0,2009,269,0,3730,22763,2,81e8e4a1-87af-4380-833a-8e554d9651dd,"There's a large price gap from ~8.37 to 8.55 with a huge time jump in the candle data (last candle timestamp jumps far ahead with tiny volume 225), suggesting stale/illiquid data rather than a genuine breakout. RSI14 at 75.5 is overbought territory - playbook explicitly warns against chasing price after RSI exceeds typical overbought levels. Current position is flat. Given the questionable data quality (large gap, minimal volume on last candle) and overbought RSI, staying flat is the disciplined choice rather than chasing a spike that may reverse or be a data artifact.",
2026-07-16 06:28:04.274171+00,BTC/USDT,long,0.45,5606,636,762,2525,21429,1,7d4829df-eb82-42e2-bdd0-1a546a861ec9,"EMA fast above EMA slow, RSI14 55.4 in healthy range (not extended), positive ret1/ret20, 1h trend also bullish (EMA fast>slow, RSI 59.8). Confluence supports a modest long with defined risk given tight ATR relative to price.","{""maxHoldBars"": 16, ""stopLossPct"": ""0.006"", ""takeProfitPct"": ""0.011"", ""entryOffsetBps"": 5, ""entryValidityBars"": 4}"
2026-07-16 07:00:11.41849+00,ETH/USDT,hold,0.2,4173,409,3287,0,1896536,1,3e1260e2-c7b2-4881-bde3-a88a2790902c,"RSI14 at 72.6 remains in overbought territory per playbook guidance, and ret1 just turned negative (-0.10%) suggesting a pause/pullback after the strong run. EMA fast is above EMA slow and 1h trend is bullish, so thesis is intact, but chasing an extended move here offers poor risk/reward. Staying flat until a pullback or fresh confirming close with RSI back below 70.",
2026-07-16 07:15:13.236534+00,BTC/USDT,hold,0,2995,351,0,3287,8110,1,551436c1-6e3d-4358-af00-92301ea73c23,"EMA fast/slow essentially flat and crossing (64747.5 vs 64746.0), RSI14 at 43.6 below 50, momentum negative (ret1, ret5 negative). No trend/momentum confluence to justify a long entry; choppy range per playbook heuristics. Staying flat to avoid fee drag on a low-edge setup.",
2026-07-16 07:30:12.794044+00,BTC/USDT,hold,0,5572,492,3745,0,7669,1,5a5102a5-fffa-4bd0-a39d-7d5c5b35fd3a,"EMA fast below EMA slow, RSI14 36 (below 50), negative ret1/ret5, and negative CVD/barImbalance all indicate downtrend momentum, not confluence for a long entry. Cross-symbol rank is weak (4/5) with negative own return. No edge to justify entry; stay flat.",
2026-07-16 07:45:11.773052+00,SOL/USDT,hold,0,9591,593,3745,0,9248,1,246b013c-85b2-4b16-9e52-3a7c5669db51,"Sharp selloff, last candle -0.9% on huge volume, RSI 29 oversold, EMA fast below slow, negative CVD and weakest cross-symbol rank (5/5). No trend/momentum confluence for long; falling knife risk. Stay flat.",
2026-07-16 08:00:11.458397+00,LINK/USDT,hold,0,4902,383,0,3287,7907,1,93c261dd-7592-4c9a-9141-259750a34b7a,"EMA fast (8.5208) below EMA slow (8.5265) and RSI14 47.7 below 50, no bullish confluence despite h1 trend being up. Recent breakdown candle followed by bounce is not confirmed reversal. Stay flat until base-interval trend and momentum align.",
2026-07-16 08:00:18.030243+00,XRP/USDT,hold,0,1912,268,0,3287,10602,1,607f1fb7-e16a-486c-a367-b569a5b35d6e,"Base-interval trend is bearish: EMA fast (1.1110) below EMA slow (1.1127), RSI14 at 30.5 signaling oversold momentum to the downside, and ret5/ret20 sharply negative with a large red breakdown candle just printed. Although H1 EMA fast is slightly above slow, the base timeframe shows no confluence for a long entry per the playbook's trend+momentum agreement rule. No position currently open, so staying flat avoids catching a falling knife; will wait for RSI to reclaim 50 and EMA fast to cross back above slow before considering entry.",
2026-07-16 08:15:10.138942+00,LINK/USDT,hold,0,10489,529,0,3745,7688,1,2ef12939-fe6f-4ea8-9f03-89060c75765d,"Sharp breakdown candle, RSI14 32.4, EMA fast below slow, weakest cross-symbol rank (5/5). No bullish confluence; stay flat until momentum stabilizes.",
2026-07-16 08:30:13.325233+00,LINK/USDT,hold,0,8977,514,1205,2983,9733,2,13a2b78b-9ef5-4fa8-81a1-06e589c76717,"Base-interval EMA fast below slow, RSI14 40.7 below 50, market just printed a sharp breakdown candle. Despite bullish h1 trend and rank 1/5 in basket, base-interval momentum is not confirmed bullish yet - no decisive directional confluence. Stay flat until a fresh confirming close above EMA slow with RSI>50.",
2026-07-16 08:30:16.629729+00,SOL/USDT,hold,0,2067,272,0,4188,8714,2,dcccc2dd-44ae-4c43-9017-c43cb6dfb38c,"EMA fast (76.61) remains below EMA slow (76.87) on 15m, RSI14 at 37.6 below 50, and HTF 1h EMA fast/slow also bearish (77.24 vs 77.33). Despite a bounce off recent lows on high volume, this looks like a dead-cat bounce within a downtrend rather than a confirmed reversal - no confluence of trend+momentum for a long. Cross-symbol rank is weak (4/5) and CVD is negative. Staying flat until trend clearly turns (EMA fast crosses above slow with RSI>50 and HTF agreement).",
2026-07-16 09:00:09.579183+00,XRP/USDT,hold,0,9516,461,0,3745,6127,1,f3c44840-c41b-43dd-97c3-b87c7e38b184,"EMA fast below EMA slow, RSI14 40.6 below 50, base-interval momentum still bearish despite being strongest in basket and oversold. No confirmed reversal candle yet; stay flat per playbook until trend/momentum confluence returns.",
2026-07-16 09:00:12.099943+00,LINK/USDT,hold,0,2192,259,0,3745,4462,1,86f4d214-f27b-4ade-87f7-e527a6ad6b37,"Base-interval trend remains bearish: EMA fast (8.472) below EMA slow (8.498), RSI14 at 38.9 below 50, and price just broke down sharply with negative CVD and negative barImbalance confirming seller dominance. Cross-symbol rank is weak (4/5), own return negative. No bullish confluence despite a mildly positive h1 EMA trend - base interval momentum has not stabilized. Staying flat until EMA fast reclaims EMA slow and RSI clears 50 with a confirming close, consistent with playbook entry rules.",
2026-07-16 09:15:11.729362+00,BTC/USDT,hold,0,9665,519,762,2983,6552,1,6962717f-f0f7-42ec-be19-701a680b7f83,"EMA fast (64247) below EMA slow (64436) on base interval, RSI14 32 (below 50), fresh breakdown candle with accelerating volume, negative CVD, h1 trend also bearish. No bullish confluence; remain flat per playbook downtrend rules.",
2026-07-16 09:15:16.772005+00,XRP/USDT,hold,0,2677,220,0,3745,5301,1,3216cfed-62b7-4f45-aeb3-281da7197581,"EMA fast (1.1075) remains below EMA slow (1.1100), RSI14 at 38.5 below 50, and H1 trend is only marginally bullish. Recent bar shows a fresh breakdown with negative CVD and negative barImbalance. No confirmed reversal or trend/momentum confluence for a long entry per playbook rules; staying flat despite XRP being relatively strongest in the basket, since absolute momentum is still bearish.",
2026-07-16 09:30:10.937508+00,BTC/USDT,hold,0,11656,469,3287,0,5997,1,4cc2997c-c695-48a0-8080-af47e8e44bd5,"EMA fast well below EMA slow, RSI14 30 (near oversold, not confirming a base), fresh breakdown continuing with accelerating volume. No bullish confluence; stay flat during ongoing selloff.",
2026-07-16 09:45:07.913675+00,XRP/USDT,hold,0,12170,475,0,3287,5735,1,ae5712b4-cbd2-48b0-a82b-8c18611427d0,"EMA fast below EMA slow, RSI14 41 below 50, base-interval momentum bearish despite minor bounce. No confirmed trend reversal; stay flat.",
2026-07-16 10:00:10.73266+00,SOL/USDT,hold,0,11003,409,1205,2983,6799,2,cbdc8f05-33fd-4ed8-b813-504f3bd8d2e1,"EMA fast below slow on 15m and 1h, RSI14 34.6, negative CVD, downtrend continuing basket-wide. No bullish confluence; stay flat.",
2026-07-16 10:15:08.447336+00,SOL/USDT,hold,0,8563,346,4188,0,4509,2,a2e054e9-ec07-47ad-a3f0-1cafe4aa8f78,"EMA fast below slow on both 15m and 1h, RSI14 38.9 below 50, negative CVD, downtrend persists. No bullish confluence for long entry; remain flat per playbook criteria.",
2026-07-16 10:15:12.193158+00,XRP/USDT,hold,0,3047,259,0,4188,4769,2,507d4dec-6ddc-4d09-8b89-612d8059be36,"EMA fast (1.10660) remains below EMA slow (1.10868) on base interval, RSI14 at 44.4 below 50, and H1 EMA fast also below H1 EMA slow — no bullish confluence. Trade flow is negative (barImbalance -0.07, CVD -627k) despite XRP ranking strongest in the basket, suggesting basket-wide weakness rather than a genuine XRP breakout. Playbook and recent history both favor staying flat in choppy, non-confirming conditions rather than chasing a marginal bounce that barely clears fees.",
2026-07-16 10:15:20.364819+00,LINK/USDT,hold,0,2751,249,0,4188,4810,2,24d72af7-f7b2-4540-9815-ebca172fe1b9,"EMA fast (8.441) remains below EMA slow (8.471) on the base interval, RSI14 at 41 is below 50, and CVD/barImbalance are still negative, indicating no bullish confluence. Price is in a downtrend with recent breakdown; despite a minor bounce this bar, there's no decisive reversal confirmation. Cross-symbol rank is mid-pack (3/5) with negative own return. Staying flat per playbook: no trade until trend and momentum clearly agree, avoiding low-edge entries into fee costs.",
2026-07-16 12:45:09.780898+00,BTC/USDT,hold,0,13503,513,3287,0,6911,1,fd99b7fc-b833-460b-a907-506f68a9b221,"Fresh breakdown candle with EMA fast below slow, RSI14 30.8 falling, negative ret1/5/20 and h1 trend also bearish. No bullish confluence; downtrend accelerating with a sharp red candle just closed. Stay flat.",
2026-07-16 13:00:11.712087+00,BTC/USDT,hold,0,8716,340,3745,0,6589,1,592eada2-0eea-48fc-ab26-d677547bd463,"EMA fast below EMA slow on 15m and 1h, RSI14 35.9 below 50, fresh breakdown candle with negative CVD/barImbalance. No bullish confluence; continued downtrend, remain flat.",
2026-07-16 13:15:10.737659+00,XRP/USDT,hold,0,2977,254,3745,0,5340,1,423ec69b-d9fb-4451-8a72-be550f7b5ad4,"EMA fast (1.1052) remains below EMA slow (1.1068) on the 15m base interval, and H1 shows the same bearish alignment (emaFast 1.1086 < emaSlow 1.1103). RSI14 at 42 is below 50, so momentum has not confirmed a reversal despite a small bounce off the 1.10 low. CVD remains deeply negative over the lookback window, indicating persistent aggressive selling. No bullish confluence per playbook criteria; staying flat avoids paying fees on a low-edge, choppy bounce.",
2026-07-16 13:30:15.85783+00,XRP/USDT,hold,0.2,10565,980,3730,0,12442,2,54c350c6-bdf8-4ea8-a208-3a5faaf64bf6,"15m EMA fast (1.1061) still below EMA slow (1.1070) despite the recent bounce, RSI14 53.9 is only marginally above 50, and H1 trend remains bearish (emaFast 1.10857 < emaSlow 1.11034). The last candle was strong but this is a single bounce inside a broader chop/downtrend regime per playbook guidance; no decisive, persistent trend confluence yet. Stay flat and wait for a confirmed close with EMA fast clearly above slow plus H1 agreement before entering.",
2026-07-16 13:45:10.617693+00,BTC/USDT,hold,0,5423,303,762,2525,5497,1,e7da46ad-c17c-4340-9306-466e1f2fb6e1,"EMA fast (64135) still below EMA slow (64192) on 15m, RSI14 46.7 below 50, H1 trend bearish (emaFast 64335 < emaSlow 64530). Last candle broke down sharply from 64250 to 64157, no bullish confluence. Remain flat.",
2026-07-16 14:00:12.314665+00,XRP/USDT,long,0.4,5989,506,0,3745,8864,1,fe77aad9-0052-4f5a-95ed-bdedf8272568,"XRP is ranked #1 strength in basket, EMA fast (1.10691) just crossed near EMA slow (1.10725) with RSI14 54.2 above 50, H1 RSI ~50 turning up, and the latest candle closed strongly at 1.11 off a bounce from 1.1064 low with rising volume. Fresh confirming green close with momentum agreeing across timeframes gives a viable long setup; targeting a modest move with tight risk given prior chop.","{""maxHoldBars"": 16, ""stopLossPct"": ""0.006"", ""takeProfitPct"": ""0.012"", ""entryOffsetBps"": 5, ""entryValidityBars"": 4}"
2026-07-16 14:15:14.173986+00,SOL/USDT,long,0.55,11788,694,0,3745,10237,1,9c46acc2-50e1-49ab-98fc-ef97a0efa7a7,"15m EMA fast just crossed above slow, RSI14 57 (above 50, below 70), strong ret5/ret20, rank 1/5 in basket with positive CVD and bid-heavy order book. H1 trend still slightly bearish but 15m momentum confirms a fresh breakout to new local highs (76.66 vs recent range). Taking a long with tight risk given the caution from H1 lag.","{""maxHoldBars"": 16, ""stopLossPct"": ""0.012"", ""takeProfitPct"": ""0.02"", ""entryOffsetBps"": 5, ""entryValidityBars"": 4}"
2026-07-16 14:45:10.46131+00,ETH/USDT,hold,0.2,3073,208,0,3745,5323,1,f728097f-41ad-4b3d-867f-43fc08ea8054,"EMA fast (1884.2) still slightly below EMA slow (1886.2) on 15m, RSI14 at ~50 is neutral, H1 trend bearish (emaFast<emaSlow, RSI 41), and tradeFlow/CVD negative. Weakest cross-symbol rank (5/5). No clear bullish confluence to justify entry; remain flat and wait for confirmed trend alignment.",
2026-07-16 15:30:12.209487+00,SOL/USDT,hold,0.3,8223,516,3287,0,8340,1,d8fc8f45-8402-4e57-a73d-60ad91f8a0d2,"Flat currently. 15m EMA fast (76.44) just above slow (76.38), RSI14 56, momentum positive with strong last candle, but H1 trend still bearish (emaFast 76.46 < emaSlow 76.79) creating conflicting signals. Recent long attempt got stopped out on noise. Prefer to wait for H1 confirmation before re-entering rather than chase this bounce.",
2026-07-16 15:45:13.426416+00,BTC/USDT,long,0.55,6122,521,0,3745,8299,1,aba18d51-a8ce-4862-83aa-a3ceec81452c,"15m EMA fast (64562) above EMA slow (64428), RSI14 58.9 healthy (not overbought), ret1/5/20 positive, strong cross-symbol rank 1/5 (own return +0.83%, strongest in basket). H1 trend still slightly lagging but narrowing. Positive CVD, funding modest. Recent pullback from 64896 high to 64728 offers a reasonable entry near EMA support with room before resistance. Enter with defined stop below recent swing low and take-profit sized for asymmetric R:R.","{""maxHoldBars"": 24, ""stopLossPct"": ""0.009"", ""takeProfitPct"": ""0.016"", ""entryOffsetBps"": 8, ""entryValidityBars"": 4}"
2026-07-16 16:00:10.237892+00,ETH/USDT,hold,0,3141,198,0,3745,5108,1,dd296ecd-8a40-44a4-b539-58dbe7113c2b,"EMA fast (1883.2) remains below EMA slow (1884.9) on 15m, RSI14 46.5 below 50, H1 trend clearly bearish (emaFast<<emaSlow, RSI 41), negative CVD/barImbalance, and ETH is weakest in the basket (rank 5/5). No bullish confluence; remain flat and avoid catching a falling knife.",
2026-07-17 00:30:12.592707+00,BTC/USDT,flat,0.6,6246,542,3287,0,7444,1,bdaadb13-0c87-4ddc-af67-4fea280573c7,"Existing long is underwater (-1.35%) with EMA fast below EMA slow on base interval and 1h, RSI14 at 34 well below 50 signaling downtrend continuation. Thesis for the long is broken; no active plan is managing it. Best to exit to flat and stop further bleed rather than hope for a bounce.",
2026-07-17 01:45:09.972674+00,BTC/USDT,hold,0,1749,196,3745,0,4805,1,64193e15-77df-4cf1-8b5b-d6f905a11889,"Downtrend confirmed: emaFast<emaSlow on both base and 1h, RSI14 at 36 (below 50), negative CVD and negative bar imbalance, price making fresh lows. No long edge here per playbook - trend and momentum disagree with a long thesis. Staying flat until a confirming bullish close with RSI back above 50 and EMA fast crossing above slow.",
2026-07-17 02:00:09.555214+00,SOL/USDT,hold,0,5408,348,0,3745,5636,1,d501d437-ee01-4152-873c-ba6abf24d57e,"Downtrend: emaFast<emaSlow on base and 1h, RSI14 36 below 50, negative CVD/bar imbalance, weak cross-symbol rank (4/5). No long edge; stay flat.",
2026-07-17 02:30:10.252666+00,BTC/USDT,hold,0,2005,179,0,3745,5110,1,8337a061-7ae3-4483-8ce2-90f61b8b9178,"Downtrend intact: emaFast<emaSlow on both 15m and 1h, RSI14 at 32 (well below 50), negative CVD, fresh lows just printed. No trend/momentum confluence for a long entry per playbook. Staying flat avoids fighting the prevailing downtrend and unnecessary fee erosion.",
2026-07-17 02:45:09.5629+00,ETH/USDT,hold,0,6559,426,3730,0,6401,2,2f28cf5b-78cf-42f0-b7a2-768d2be20300,"Clear downtrend: emaFast<emaSlow on base and 1h, RSI14 30 (below 50), fresh lows just printed. No trend/momentum confluence for a long entry per playbook. Staying flat.",
2026-07-17 03:00:07.954075+00,LINK/USDT,hold,0,3466,243,3730,0,4403,2,bffbd9a9-73b8-407e-af0c-7ae12dc9ec1f,"Downtrend intact: emaFast<emaSlow on base and 1h, RSI14 34.8 below 50, negative returns across all windows, fresh lows. No confluence for long entry; remain flat.",
2026-07-17 03:30:09.731033+00,XRP/USDT,long,0.35,1802,332,0,3745,6276,1,9afa708c-ed3a-4688-b7ce-26efd303fe63,"Base 15m trend is turning up: EMA fast just crossed above EMA slow, RSI14 at ~55 (above 50, not overbought), and price has bounced off the recent low with a strong bullish close. XRP also ranks #1 of 5 in relative strength, supporting concentrating longs here. However, the 1h trend is still bearish (emaFast<emaSlow, RSI~35) and CVD/tradeFlow show recent net selling, so this is a lower-conviction, tactical long rather than a high-conviction trend trade. Sizing small with a tight stop and modest target that clears fees.","{""maxHoldBars"": 16, ""stopLossPct"": ""0.012"", ""takeProfitPct"": ""0.02"", ""entryOffsetBps"": 5, ""entryValidityBars"": 3}"
2026-07-17 03:45:10.01104+00,ETH/USDT,hold,0,1896,226,762,2525,4845,1,e3ea767e-4f8a-4820-9473-1b16fec7fbdb,"Base EMA fast (1854.8) is below EMA slow (1859.1) and RSI14 is 43, below the 50 threshold; 1h trend also bearish (emaFast<emaSlow, RSI 29.8). Only 4h shows uptrend, no base-timeframe confluence. Per playbook, no long entry without trend/momentum agreement. Staying flat until a fresh confirming close shows EMA fast reclaiming EMA slow with RSI above 50.",
2026-07-17 04:15:10.014953+00,BTC/USDT,hold,0,2363,212,3745,0,4843,1,79865e78-0a58-4b13-ae93-c2ef11874500,"Downtrend intact: emaFast (63597) below emaSlow (63714) on 15m and confirmed on 1h (63838<64107), RSI14 at 36 (below 50), negative CVD and negative bar imbalance, price making fresh lows this session. No trend/momentum confluence for a long entry per playbook criteria. Staying flat until EMA fast reclaims EMA slow and RSI clears 50 with confirming close.",
2026-07-17 04:15:22.783976+00,LINK/USDT,hold,0,1945,241,0,3745,5225,1,e3422db3-fe65-40ac-bba4-a4fc0ef4f877,"Downtrend intact: emaFast<emaSlow on both base and 1h timeframes, RSI14 at 38 (below 50), negative returns across all windows, weakest-ranked symbol in the basket (rank 5/5, -0.67% return), negative CVD/bar imbalance showing aggressive selling. No trend/momentum confluence for a long entry; fees would erode any thin edge. Remain flat and wait for a confirmed reversal (EMA fast crossing above slow with RSI>50) before considering entry.",
2026-07-17 04:30:09.444069+00,LINK/USDT,hold,0,7627,453,1205,2525,5850,2,54967940-79ac-48dd-82d3-76271f34d328,"Downtrend intact: emaFast<emaSlow on base and 1h, RSI14 36 below 50, negative returns across all windows, fresh lows just printed. No trend/momentum confluence for long entry; remain flat per playbook.",
2026-07-17 04:45:09.868322+00,BTC/USDT,hold,0,2586,220,0,3745,4720,1,089f7a1b-021f-4f00-ab8b-841648c678af,"Downtrend remains intact: emaFast (63539) below emaSlow (63666) on 15m and confirmed on 1h (63838<64107), RSI14 at 38 (below 50), negative CVD over lookback, weak cross-symbol rank (3/5, negative own return). No trend/momentum confluence for a long entry per playbook criteria. Staying flat until EMA fast reclaims EMA slow and RSI clears 50 with confirming volume.",
2026-07-17 05:15:10.028926+00,BTC/USDT,hold,0,2496,198,3287,0,4913,1,a382c001-f715-4dfa-9707-b06c225bfaf8,"Downtrend remains intact: emaFast (63510) below emaSlow (63630) on 15m, confirmed on 1h (63768<64051), RSI14 at 37 (below 50), fresh lows still printing. No trend/momentum confluence for a long entry per playbook criteria. Staying flat until EMA fast reclaims EMA slow and RSI clears 50 with confirmation.",
2026-07-17 05:30:11.915597+00,BTC/USDT,hold,0,9456,549,3745,0,6751,1,16b32dc3-198e-4e51-95ad-13ae61468e56,"Downtrend confirmed across timeframes: emaFast<emaSlow on 15m and 1h, RSI14 29.6 (oversold but no reversal confirmation), negative CVD and bar imbalance, fresh lows just printed with accelerating decline. Weakest in basket (rank 5/5). No trend/momentum confluence for a long entry; staying flat per playbook.",
2026-07-17 05:45:10.712245+00,LINK/USDT,hold,0,9925,518,0,3745,7134,1,7845ed36-4b61-4209-b684-16a5b152bebe,"Downtrend intact: emaFast<emaSlow on base and 1h, RSI14 35 below 50, fresh lows just printed, weak cross-symbol rank (4/5). No trend/momentum confluence for long entry; remain flat.",
2026-07-17 06:00:14.426471+00,SOL/USDT,hold,0,9266,469,3730,0,10483,2,d5907e3b-ee48-4bd7-9cc2-b9d2901bea8b,"Downtrend accelerating: emaFast<emaSlow on base and 1h, RSI14 31 below 50, fresh lows with large red candle just printed. No long edge; remain flat.",
2026-07-17 06:15:10.318606+00,BTC/USDT,hold,0,2768,235,1205,2525,5156,2,29a4b221-1e5d-4d31-acca-0432b9ee3be8,"Downtrend remains firmly intact: emaFast (63166) well below emaSlow (63413) on 15m, confirmed on 1h (63582<63940), RSI14 at 22 (deeply oversold, no bullish reversal confirmation), fresh lows just printed with an accelerating large red candle and heavy volume. No trend/momentum confluence for a long entry per playbook criteria. Staying flat until a clear reversal with EMA cross and RSI reclaiming above 50 is confirmed.",
2026-07-17 06:30:11.194076+00,LINK/USDT,hold,0,7587,350,762,2525,7640,1,7e1af669-cbdb-4e33-ae05-653af0f6b261,"Downtrend intact: emaFast<emaSlow on base and 1h, RSI14 37 below 50, negative returns across 5/20 windows despite a small bounce this bar. No trend/momentum confluence for a long entry; remain flat.",
2026-07-17 06:45:11.249264+00,ETH/USDT,hold,0,5033,308,762,2525,6078,1,8e5dbddb-a62d-4bbb-a152-eed151372aeb,"Downtrend intact: emaFast(1836.3)<emaSlow(1844.6) on base, 1h also bearish (emaFast<emaSlow, RSI 24.2), base RSI14 35.2 below 50, fresh lows just printed. No trend/momentum confluence for long entry per playbook; remain flat.",
2026-07-17 07:00:09.977043+00,ETH/USDT,hold,0,3024,193,3745,0,4799,1,99bb5c62-d439-4770-a78e-e08d11457be5,"Downtrend persists: emaFast(1835.5)<emaSlow(1843.5) on base and 1h (1848.9<1865.5), RSI14 35 below 50, negative CVD, weakest-ranked in basket (rank 4/5, -1.02%). No trend/momentum confluence for a long entry per playbook; remain flat and wait for confirmed reversal.",
2026-07-17 07:30:09.460578+00,ETH/USDT,hold,0,2916,175,0,3287,4270,1,51b532fb-716b-4048-b4a3-9fccdb58a120,"Downtrend intact: emaFast(1833.9)<emaSlow(1841.3) on base and 1h (1848.9<1865.5), RSI14 35.8 below 50, ret20 negative. No trend/momentum confluence for a long entry per playbook; remain flat and avoid fees on a low-edge setup.",
2026-07-17 08:30:13.457359+00,BTC/USDT,hold,0,3053,217,3745,0,8301,1,48c292ec-593b-4c41-9d1e-36cf443ec601,"Downtrend remains firmly intact: emaFast (62915) below emaSlow (63110) on 15m, confirmed on 1h (63330<63757), RSI14 30.3 (oversold but no bullish reversal confirmation), negative CVD and bar imbalance, BTC ranked weakest of basket. No trend/momentum confluence for a long entry per playbook criteria; staying flat and avoiding fee-losing counter-trend entries.",
2026-07-17 08:45:11.07674+00,BTC/USDT,hold,0,3049,183,3745,0,5919,1,947d0bef-84e0-4d00-8273-932940bdd7e6,"Downtrend remains intact: emaFast (62890) below emaSlow (63081) on 15m, confirmed on 1h (63330<63757), RSI14 at 30 (oversold, no bullish reversal confirmation), negative CVD, fresh lows still printing. No trend/momentum confluence for a long entry per playbook; staying flat.",
2026-07-17 09:45:13.494308+00,NEAR/USDT,hold,0,1453,227,3730,0,5205,2,dc80bf6d-e067-4145-8f05-8ac507629f47,"Downtrend confirmed: emaFast<emaSlow on 15m and 1h, RSI14 33.8 (below 50) and 1h RSI even weaker at 29. Price just had a sharp drop (ret20 -4.16%) with a small bounce - this looks like a dead-cat bounce within a downtrend, not a confirmed reversal. No long edge here; playbook and current indicators both argue for staying flat until trend/momentum align bullishly with clear confluence.",
2026-07-17 10:00:09.687441+00,NEAR/USDT,hold,0,1569,229,762,2525,5020,1,4c316772-11b1-49d8-b109-3fe67037c551,"Downtrend intact: 15m emaFast(1.9149) below emaSlow(1.9329), RSI14 32.9 well below 50, and 1h timeframe confirms with emaFast<emaSlow and RSI 24.6. Recent bounce off the sharp drop looks like a dead-cat bounce, not a trend reversal. No long edge here since entry rules require EMA fast above slow and RSI above 50. Staying flat until trend and momentum confirm a reversal.",
2026-07-17 10:15:12.482519+00,BTC/USDT,hold,0,7082,546,3745,0,7355,1,c8543f36-78ec-4ee9-9e0b-fb9b8a4ba593,"EMA fast below EMA slow on base interval and H1 trend is bearish (EMA fast<slow, RSI 29.6). RSI14 near 50 with choppy price action, no clear confluence for long entry. Staying flat.",
2026-07-17 10:15:14.287899+00,AAVE/USDT,hold,0.2,1701,383,0,3745,6045,1,0bf84a93-8788-4751-82fc-16ae09471aa8,"Base-interval EMA fast/slow are essentially flat/crossed (90.716 vs 90.724), RSI14 at 54 is only mildly above 50 - no clear trend confluence. The 1h timeframe shows a bearish EMA structure (fast 90.88 below slow 91.86) with RSI31, directly contradicting any long thesis on a higher timeframe. CVD is negative (-294.9) despite a slightly positive bar imbalance, suggesting recent selling pressure hasn't fully reversed. Price is range-bound between ~90.3-91.4 over the last 30 bars with no decisive breakout. Given the choppy regime and conflicting HTF signal, this is a low-edge setup where fees woul",
2026-07-17 10:15:24.652019+00,NEAR/USDT,hold,0,1978,288,0,3745,6397,1,f12aca6d-4897-4150-9a19-6ba07c334f1f,"Downtrend remains intact: 15m EMA fast (1.9151) below EMA slow (1.9314), RSI14 at 38.6 still under 50, and 1h timeframe shows even stronger bearish alignment (EMA fast well below slow, RSI 24.6). NEAR is also ranked weakest (8 of 8) in cross-symbol relative strength with negative trailing return, and CVD is deeply negative (-1M) indicating persistent aggressive selling despite a minor bounce. No confluence of trend+momentum to justify a long entry per playbook rules; staying flat avoids fighting the dominant downtrend and fee-eroding chop.",
2026-07-17 10:30:09.133578+00,SOL/USDT,hold,0,6466,446,0,3287,5167,1,82bc492b-f33c-43ce-9c09-3962515a47c7,"Base EMA fast<slow, RSI ~49 below 50, H1 trend bearish (EMA fast well below slow, RSI 32.6). No confluence for long entry; stay flat.",
2026-07-17 10:30:17.907002+00,NEAR/USDT,hold,0,1852,274,0,3287,5642,1,3e66ee8a-bb52-4bff-bbcd-b400c2d6d890,"Downtrend remains intact on both 15m and 1h: emaFast (1.9153) below emaSlow (1.9300) on 15m, and 1h shows even stronger bearish alignment (emaFast well below emaSlow, RSI 24.6). 15m RSI14 at 38.6 is still below 50, so trend/momentum confluence for a long entry is absent. Recent bounce off the sharp drop looks corrective rather than a confirmed reversal. No position currently held, so staying flat avoids fighting the higher-timeframe downtrend and avoids fee-eroding entries on a low-edge setup.",
2026-07-17 10:45:10.271868+00,SOL/USDT,hold,0.2,7981,523,3745,0,6356,1,f3e3ad94-a782-495e-949e-2037e4d68ef3,"Base EMA fast/slow nearly flat, RSI ~51 borderline. H1 trend still bearish (EMA fast well below slow, RSI 32.6), and CVD negative despite rank 1 cross-symbol strength. Insufficient multi-timeframe confluence to justify a long; staying flat.",
2026-07-17 10:45:16.879861+00,LINK/USDT,hold,0,1731,225,0,3745,5314,1,f42a7d84-be7a-4bbe-a0f7-f274f26f7b2c,"Trend and momentum don't agree: EMA fast is below EMA slow on the 15m, RSI14 is 46 (below 50), and the 1h trend is clearly bearish (EMA fast well below EMA slow, RSI 27). CVD is negative and price is chopping near recent lows. No confirming uptrend signal exists to justify a long, and the crossSymbol rank (6/8) shows this is a relative laggard. Staying flat until trend/momentum align.",
2026-07-17 11:00:13.432871+00,XRP/USDT,hold,0,8512,591,1205,2983,9881,2,eb755a6b-5705-4b55-bb0a-693ffc48d664,"Base EMA fast/slow essentially flat (crossed near equal), RSI ~49.5 below 50, H1 trend bearish (EMA fast well below slow, RSI 41.7). CVD negative and barImbalance negative. No trend/momentum confluence for a long; remain flat.",
2026-07-17 11:15:09.615245+00,BTC/USDT,hold,0,1968,218,3730,0,4470,2,4c012bb7-24da-4d19-bd02-8efb41981a3b,"Base EMA fast/slow essentially flat (63075 vs 63072, barely separated), RSI14 at 48.7 sitting right at the midline, and the 1h timeframe is clearly bearish (EMA fast well below slow, RSI 37.8). No confluence across timeframes and no decisive directional move - this is exactly the borderline chop the playbook warns against. Remaining flat until a clear trend with multi-timeframe agreement emerges.",
2026-07-17 11:30:08.93913+00,SOL/USDT,hold,0,6988,394,0,4188,4956,2,5b4e5706-117f-4382-af6e-7f886927d62d,"Base EMA fast/slow essentially flat (74.746 vs 74.748), RSI ~51 borderline. H1 trend clearly bearish (EMA fast well below slow, RSI 38). No decisive directional confluence despite top cross-symbol rank; staying flat per entry discipline.",
2026-07-17 11:45:12.726843+00,SOL/USDT,long,0.45,9302,734,0,3745,8732,1,a043b693-adb9-43a9-bb8b-6634b01781f3,"Base EMA fast just above slow, RSI ~55 in healthy zone, ret1/5/20 all positive, cross-symbol rank 1/8 with best trailing return, positive CVD and bid/ask imbalance >1. H1 trend still lagging bearish but base momentum and top relative strength justify a modest long with tight risk.","{""maxHoldBars"": 16, ""stopLossPct"": ""0.008"", ""takeProfitPct"": ""0.014"", ""entryOffsetBps"": 5, ""entryValidityBars"": 4}"
2026-07-17 12:00:11.983687+00,ZEC/USDT,long,0.4,1426,330,3287,0,6320,1,444168ba-e060-4c75-8a64-6ee787cf6d00,"15m trend shows EMA fast above EMA slow with RSI14 at 56 (bullish but not overbought), and price just broke to a fresh local high (536.28 close vs recent range ~528-536). However, 1h EMA trend is bearish (fast below slow, RSI 45), which tempers conviction - using modest size. Order book shows strong bid-side imbalance (161x) supporting near-term upside. Setting a tight stop below recent swing low with a take-profit that clears fees with room, and a moderate hold window to let the move develop while respecting the conflicting higher-timeframe signal.","{""maxHoldBars"": 16, ""stopLossPct"": ""0.008"", ""takeProfitPct"": ""0.014"", ""entryOffsetBps"": 5, ""entryValidityBars"": 4}"
2026-07-17 12:30:08.473451+00,XRP/USDT,hold,0,2070,209,0,3287,4727,1,10ad709a-8f8d-4068-88c4-3694d1c85d45,"Bearish regime: base EMA fast (1.08417) below EMA slow (1.08519), RSI14 at 37.9 well below 50, and H1 trend also bearish (EMA fast<slow, RSI 40.2). Price is declining (ret1/ret5/ret20 all negative). No trend/momentum confluence for a long entry per playbook criteria; staying flat and avoiding overtrading into a downtrend.",
2026-07-17 12:45:09.827869+00,XRP/USDT,hold,0,2200,226,3730,0,4399,2,e35d6adc-da5f-44a4-b88d-662fb7012459,"Base EMA fast (1.0834) below EMA slow (1.0847), RSI14 at 35.9 well below 50, and H1 trend also bearish (EMA fast well below slow, RSI 40.2). Price momentum is clearly negative (ret1/ret5/ret20 all negative) and price just broke to new lows in the window. No trend/momentum confluence for a long entry; staying flat until a clear bullish reversal with EMA/RSI confirmation emerges.",
2026-07-17 13:00:09.982287+00,XRP/USDT,hold,0,2343,221,1205,2525,4524,2,26ff6882-d578-4f81-93e2-6258f9bb31b4,"Base EMA fast (1.0824) remains below EMA slow (1.0842), RSI14 at 32 is well below 50 indicating bearish momentum, and H1 trend agrees (EMA fast<slow, RSI 35.3). Price is in a clear downtrend (ret1/ret5/ret20 all negative). No trend/momentum agreement for a long entry; playbook and rules both dictate staying flat until a decisive bullish confluence emerges.",
2026-07-17 13:15:10.366638+00,LINK/USDT,hold,0,4190,363,0,3730,6494,2,6d3b5798-49b2-4498-b762-cb8a1c5ff185,"Sharp bearish breakdown: last candle dropped from 8.154 to 8.064 with RSI14 at 22.8 (deeply oversold, not a long trigger), EMA fast well below EMA slow, H1 also bearish (RSI 28). This is a decisive downtrend, not a dip-buy setup. No trend/momentum agreement for long; staying flat until stabilization and reversal confirmation.",
2026-07-17 13:30:13.903441+00,XRP/USDT,hold,0,10122,654,3745,0,10220,1,541e5382-9bf0-483e-8c48-2016c444c4e8,"Sharp bearish breakdown continues: EMA fast well below EMA slow on base and H1, RSI14 at 25.7 deeply oversold, price down ~0.86% over last 20 bars with acceleration lower. No trend/momentum confluence for a long entry; oversold does not mean reversal confirmed. Staying flat until a confirming bullish close appears.",
2026-07-17 13:45:16.467258+00,LINK/USDT,hold,0,13499,710,762,2525,12810,1,7c3f1265-f97a-4fe0-97ae-e0c18a9b5a9b,"Sharp bearish breakdown continues: RSI14 at 19 deeply oversold, EMA fast well below slow on both base and H1, price down ~2% with acceleration lower. No trend/momentum confluence for a long; catching this falling knife has poor risk/reward. Stay flat.",
2026-07-17 14:00:13.608283+00,XRP/USDT,hold,0,17707,948,0,3287,10373,1,64037d70-40b8-4a71-a109-57b7696b4225,"Base EMA fast below EMA slow, RSI 46.7 below 50, H1 trend bearish. Despite a sharp bounce candle, no confirmed trend/momentum agreement yet. Stay flat and wait for confirmation.",
2026-07-17 14:15:13.737402+00,ZEC/USDT,long,0.55,18288,822,3745,0,10129,1,d6474ad2-406d-45c0-ad81-9f3fc14fd55f,"Strongest cross-symbol rank (1/8), EMA fast>slow on base, RSI14 65 (bullish but nearing extended), fresh breakout with strong volume and CVD positive. H1 trend still lagging bearish but base momentum and relative strength dominate. Entering with tight risk given already extended move; sizing modest.","{""maxHoldBars"": 16, ""stopLossPct"": ""0.012"", ""takeProfitPct"": ""0.02"", ""entryOffsetBps"": 5, ""entryValidityBars"": 3}"
2026-07-17 14:30:15.459288+00,SOL/USDT,hold,0,16810,726,1205,2983,11518,2,48b57c8d-9f55-4768-a85c-dcf03b34237d,"Base EMA fast below slow, RSI ~49 below 50, H1 trend clearly bearish (RSI 33, EMA fast well below slow). No trend/momentum confluence and cross-symbol rank is weak (6/8). Stay flat.",
2026-07-17 14:45:11.17827+00,SOL/USDT,hold,0,14533,544,1205,2983,7259,2,cdf71a3a-bc31-416f-a3ba-21a3ca0634fa,"Base EMA fast<slow, RSI 48 below 50, H1 trend clearly bearish (fast well below slow, RSI 33). No trend/momentum confluence; stay flat.",
2026-07-17 14:45:12.613191+00,LINK/USDT,hold,0,2698,237,0,4188,5020,2,4112c5c7-b750-41aa-8b56-c7def47e0268,"EMA fast (8.123) remains below EMA slow (8.148) on the base interval, RSI14 at 44 is below 50, and H1 trend is decisively bearish (EMA fast well below slow, RSI 25). Cross-symbol rank is weakest (8/8) with negative recent return. No trend/momentum confluence for a long entry; the recent bounce off 8.0 lows lacks structural confirmation. Staying flat per playbook discipline against catching a falling knife or trading choppy conditions.",
2026-07-17 15:00:11.968706+00,LINK/USDT,hold,0,15833,593,0,3287,8301,1,936cb17c-7f79-4539-87b8-2bbccdfa8f46,"EMA fast below slow on base and H1 deeply bearish (RSI 25), RSI14 42 below 50. No trend/momentum confluence for long; stay flat.",
2026-07-17 15:15:12.933122+00,SOL/USDT,hold,0,19432,807,0,3745,9020,1,6eebaa43-50a5-4a1b-aa2d-f01a5597190c,"EMA fast below slow, RSI 40.5 below 50, H1 deeply bearish (RSI 33, fast well below slow). Weakest cross-symbol rank (8/8). No confluence for long; remain flat.",
2026-07-17 15:15:13.578986+00,AAVE/USDT,hold,0,2620,203,0,3745,5275,1,ab582585-45fe-4bdc-94fd-d87e4a5aa56d,"RSI14 at 46.7 is below 50, EMA fast/slow nearly flat/crossed downward, and H1 trend remains clearly bearish (fast well below slow, RSI 38.6). Trade flow is negative (barImbalance -0.17, CVD -2879) and funding slightly negative. No multi-timeframe confluence for a long entry; staying flat avoids fee-losing chop.",
2026-07-17 15:30:15.279+00,AAVE/USDT,hold,0.2,5653,330,0,3745,6821,1,767aceb6-b287-4799-8ed8-ec6e83957018,"Base EMA fast/slow essentially flat (90.86 vs 90.79) with RSI ~53, only mild bullish tilt after a bounce. H1 trend remains bearish (fast well below slow, RSI 38.6), so multi-timeframe confluence is lacking. No decisive edge to justify entry over the 20bps round-trip cost; remain flat and wait for clearer confirmation.",
2026-07-17 15:30:16.995942+00,BTC/USDT,hold,0,16612,1024,0,3745,11749,1,30e5dc64-65cd-47e3-8bb4-6f1a62fcbaef,"",
2026-07-17 15:45:15.000327+00,ZEC/USDT,long,0.55,16647,827,0,3745,11352,1,7a6bfe0a-8d0c-4503-8f05-3ae3ce66dd47,"Strongest cross-symbol rank (1/8), EMA fast>slow on base (538.9>536.5), RSI14 62 bullish but not extended, fresh breakout with strong volume/CVD positive, price broke above prior local highs to 544.25. H1 lagging bearish but base momentum plus relative strength justify a smaller, tightly managed long. Entry near current close with defined stop below recent swing low and modest target given ATR ~5.2.","{""maxHoldBars"": 16, ""stopLossPct"": ""0.012"", ""takeProfitPct"": ""0.02"", ""entryOffsetBps"": 5, ""entryValidityBars"": 3}"
2026-07-17 15:45:15.980817+00,LINK/USDT,hold,0,2946,230,0,3745,8405,1,cdaeaed3-1951-48f1-8dcf-36192fdb9be6,"EMA fast (8.118) remains below EMA slow (8.137) on the base interval, RSI14 at 47.7 is below 50, and H1 trend is decisively bearish (RSI 25, EMA fast well below slow). Cross-symbol rank is weakest (8/8) with negative CVD despite mild positive bar imbalance. No trend/momentum confluence for a long entry; continue to stay flat and wait for a confirmed EMA cross with RSI above 50 before acting.",
2026-07-17 15:45:17.069512+00,NEAR/USDT,hold,0.2,2580,226,0,3745,4743,1,21a89147-075f-49aa-beca-bd247a6e68ad,"15m EMA fast (1.9146) sits below EMA slow (1.9182), RSI14 at 46.3 below 50, and 1h trend is clearly bearish (EMA fast well under slow, RSI 35.6). Trade flow shows negative CVD and bar imbalance skewed to selling. No trend/momentum confluence for a long entry; remain flat and wait for a confirmed reversal with EMA fast reclaiming slow and RSI back above 50.",
2026-07-17 16:00:11.697176+00,XRP/USDT,hold,0.2,18281,766,3730,0,8208,2,67303e83-092f-4221-8a26-6bed47d2b620,"Base EMA fast (1.0806) below EMA slow (1.0813) though narrowing, RSI ~52 borderline, H1 trend bearish (EMA fast well below slow, RSI 41). No decisive multi-timeframe confluence; stay flat.",
2026-07-17 16:15:10.495755+00,BTC/USDT,hold,0,5282,313,0,3730,5332,2,789f7512-210a-4aa8-b8e2-d9b5b2937c6a,"Base EMA fast (63260) above slow (63179) and RSI 58, showing modest uptrend, but H1 trend is bearish (fast 63246 below slow 63475, RSI 46.9) — mixed timeframe signals. Playbook flags recent borderline entries as net losers; without H1 confluence this doesn't clear the higher bar required. Stay flat.",
2026-07-17 16:30:10.289098+00,SOL/USDT,hold,0,11530,485,1205,2983,6319,2,07737faa-e42a-4f64-bc58-2604ea14fd48,"Base EMA fast (74.55) barely above slow (74.49), RSI 56 modest, but H1 trend still bearish (fast 74.64 below slow 75.04, RSI 42). Not decisive confluence per higher entry bar; stay flat.",
2026-07-17 16:58:44.405835+00,LINK/USDT,long,0.35,1665,383,3745,0,6807,1,eae34870-dd5f-43b9-8f55-81352e874d8f,"Base-interval trend shows emaFast (8.173) above emaSlow (8.160) with RSI14 at 58, indicating a fresh bullish recovery after the dip to 8.0 area, and price has since reclaimed 8.2. Recent bar confirms upward momentum (bar close 8.208-8.212) with positive CVD and slight bid imbalance in the order book. However, 1h EMA trend is still bearish (fast below slow) and 4h trend also slightly bearish, so this is a lower-timeframe bounce rather than a fully confirmed multi-timeframe trend - sizing kept modest. Setting a tight stop below recent swing low structure and a take-profit sized for ~2x the stop ","{""maxHoldBars"": 16, ""stopLossPct"": ""0.012"", ""takeProfitPct"": ""0.022"", ""entryOffsetBps"": 5, ""entryValidityBars"": 4}"
2026-07-17 17:04:54.654569+00,SOL/USDT,long,0.4,1762,342,0,3745,6706,1,c18f924e-1cb7-4682-824c-be003b252f9e,"15m trend is modestly bullish: EMA fast>slow, RSI ~58 (not overbought), recent bounce off 73.4 support with positive ret5/ret20, and SOL ranks #1 of 2 in relative strength. However, higher timeframe (1h/4h) trend is still bearish (EMA fast<slow), so I'm sizing small and using a tight, disciplined plan rather than a strong conviction entry. Order book shows bid-heavy imbalance (1.53) supporting near-term upside. Entering with modest size, tight stop below recent swing low, and a take-profit that clears fees with good asymmetry.","{""maxHoldBars"": 16, ""stopLossPct"": ""0.012"", ""takeProfitPct"": ""0.022"", ""entryOffsetBps"": 5, ""entryValidityBars"": 4}"
2026-07-17 17:21:02.68846+00,ETH/USDT,long,0.45,1607,353,3287,0,7504,1,cdae15a9-03c5-481f-9c6f-ac1bb41b36e5,"15m trend shows EMA fast above EMA slow with RSI14 ~62 (bullish but not yet overbought), and price just broke to a fresh local high on the last two closed candles with momentum (ret1/ret5 positive). However, 1h EMA fast is below EMA slow (emaFast 1832.85 < emaSlow 1843.99) and h1 RSI is only 41, showing higher-timeframe disagreement, so I'll size modestly and use a tight, disciplined plan rather than a large position. Entry rests slightly below last close to avoid chasing the wick, with stop below recent swing low and TP sized for asymmetric R:R above fee floor.","{""maxHoldBars"": 16, ""stopLossPct"": ""0.009"", ""takeProfitPct"": ""0.016"", ""entryOffsetBps"": 8, ""entryValidityBars"": 4}"
2026-07-17 17:23:54.178108+00,BTC/USDT,hold,0.15,1477,266,0,3287,5011,1,8fa268a4-11cd-46e8-b221-5659d597ac18,"Price just spiked sharply (last candle +0.85% with strong volume) and RSI14 is at 71.2, already in overbought territory - chasing here risks buying an extended move. The base-interval trend is bullish (EMA fast above slow, RSI>50) but the 1h EMA is still bearish (emaFast below emaSlow on h1), showing timeframe disagreement. Per playbook, avoid entries when RSI is above 70 and wait for confirming close rather than reacting to a single strong wick. Better to wait for a pullback/consolidation with h1 confirmation before committing capital.",
2026-07-17 17:45:10.675918+00,BTC/USDT,hold,0.2,1467,236,1205,2525,5499,2,3610cf95-c00f-44ef-aff1-27ada10e9cfa,"Base-interval trend is up (EMA fast > slow, RSI 69) but RSI is nearing overbought and 1h EMA fast is still below 1h EMA slow, showing lack of higher-timeframe confluence. Price has already run hard (+1.5% over 20 bars, latest big green candle), so chasing here risks buying a local top with thin remaining edge after fees. Prefer to stay flat and wait for a pullback/consolidation with confirmed HTF trend agreement before committing capital.",
2026-07-17 18:15:12.277449+00,BTC/USDT,hold,0,3655,476,4188,0,7141,2,5cabc4b3-7f1c-4353-a896-3c77252b6594,"RSI14 at 70.5 is overbought and price has already run hard (+0.2% over 5 bars, ~1.5% over 20). 1h EMA fast is still below 1h EMA slow, so higher-timeframe confluence is missing despite base-interval trend being up. TradeFlow shows negative CVD/barImbalance (sellers dominating recent volume) which contradicts the bullish base-interval signal. Playbook explicitly flags chasing after overbought RSI as a mistake to avoid. Staying flat until a fresh confirming pullback/consolidation with RSI back under 70 and HTF alignment.",
2026-07-17 18:45:09.90102+00,BTC/USDT,hold,0.3,1984,222,762,2983,4752,1,b09519bd-4089-40ca-9fe8-a07e375d6fda,"Base-interval trend up (EMA fast>slow, RSI 68.7) but RSI is near overbought and 1h EMA fast still below 1h slow, so higher-timeframe confluence is still missing. Price has already run ~1.6% over 20 bars and tradeFlow shows negative bar imbalance/CVD, suggesting fading buying pressure. Prefer to wait for a pullback or 1h trend confirmation rather than chase an extended move.",
2026-07-17 19:00:10.121738+00,BTC/USDT,hold,0.2,1826,233,3287,0,4984,1,04f95ecd-74ce-4991-8846-833fa01f43b9,"RSI14 is now 70.8, clearly overbought after a strong run (+1.37% over 20 bars), and price just posted a large green candle likely to see mean reversion or consolidation. 1h EMA fast is still below 1h EMA slow, so higher-timeframe confluence remains absent despite base-interval uptrend. Chasing here risks buying a local top; better to wait for a pullback/consolidation with RSI cooling toward 50-60 and 1h trend confirming before entering long.",
2026-07-17 19:15:09.537104+00,AAVE/USDT,hold,0,1712,215,3745,0,5266,1,8f5d733b-39cf-4fd9-b4f9-b8b357d132fb,"Downtrend confirmed: EMA fast below EMA slow on both 15m and 1h, RSI14 at 37 (below 50), negative CVD and negative barImbalance, and AAVE ranks weakest (8 of 8) among tracked symbols with negative trailing return. No trend/momentum confluence for a long entry per playbook rules. Staying flat and waiting for a fresh confirming uptrend signal before risking capital.",
2026-07-17 21:15:10.196527+00,LINK/USDT,hold,0.2,1457,245,3730,0,4606,2,9de26bcd-3249-432f-b789-b65f5abda40e,"15m trend shows emaFast>emaSlow with RSI14 ~61, mildly bullish, but the 1h timeframe shows emaFast below emaSlow (8.214 vs 8.239) and RSI ~48.6 - conflicting higher-timeframe signal, not decisive confluence. Price just popped to a fresh high in this bar's range which risks chasing. Given the playbook's caution about borderline entries and lack of HTF agreement, staying flat is the higher-quality decision until trend confirms across timeframes.",
2026-07-17 21:30:10.682281+00,LINK/USDT,hold,0.2,1573,283,3730,0,5079,2,a15d8320-a222-483f-9865-84e21f981455,"15m trend is modestly bullish (emaFast 8.247 > emaSlow 8.230, RSI ~61.6), but the 1h timeframe still shows emaFast below emaSlow (8.214 vs 8.239) with RSI near 48.6, a conflicting higher-timeframe signal. Price has already run up ~1.5% over the last 20 bars, raising the risk of chasing a move that's largely played out. Per the playbook and entry rules, this is a borderline, not decisively directional setup with disagreement across timeframes, so staying flat/holding is the higher-edge choice rather than paying fees to enter a thin-edge long.",
2026-07-17 21:45:12.373701+00,SOL/USDT,hold,0.2,1716,223,3745,0,4365,1,63edf8e2-74e9-45b1-9884-ae43a543cccb,"Price is range-bound with EMA fast/slow essentially flat/crossing (75.09 vs 75.04), RSI14 near 49 (below 50), and 1h EMA/RSI also neutral-to-bearish. No clear trend/momentum confluence to justify a long entry per the entry rules, and mid-rank cross-symbol strength (5/8) doesn't add conviction. Staying flat avoids paying fees on a low-edge, choppy setup.",
2026-07-17 22:00:09.214654+00,SOL/USDT,hold,0.2,1571,279,762,2525,5302,1,97e1167f-a0bc-4e44-aed6-63b0d7482f39,"Price remains range-bound around 75.0-75.1 with EMA fast/slow nearly flat and crossing (75.07 vs 75.04), RSI14 at 50.2 essentially neutral, and 1h EMA/RSI showing a mild bearish tilt (emaFast<emaSlow, RSI 47). No clean trend/momentum confluence to justify a long entry, and recent ret5/ret20 are negative, suggesting fading momentum. Staying flat avoids paying fees on a low-edge, choppy setup; will wait for a decisive close above recent highs with RSI>50 and 1h agreement before entering.",
2026-07-17 22:00:14.949423+00,XRP/USDT,hold,0,1688,270,0,3287,5493,1,4168e215-2d84-4b06-b0e2-384fddd8aa09,"Base-interval EMA fast/slow are essentially flat and crossing (1.08932 vs 1.08889), RSI14 at 50 shows no momentum edge, and 1h trend is mildly bearish (emaFast<emaSlow, RSI 48.2) with no confluence. Price has been drifting sideways/down (ret20 -0.31%) after failing near 1.094. No clear trend/momentum agreement to justify a long, and the prior hold was correct as price declined further. Staying flat until a fresh confirming close with EMA fast>slow, RSI>50 and 1h agreement appears.",
2026-07-17 22:15:09.18942+00,SOL/USDT,hold,0,3519,331,762,2525,5279,1,b25f3f14-0e04-4eec-a213-a1b52bdef5c1,"Range-bound with EMA fast/slow essentially flat and crossing (75.048 vs 75.030), RSI14 at 47.9 below 50, and 1h EMA/RSI also neutral-to-bearish. No trend/momentum confluence to justify a long entry; staying flat avoids paying fees on a low-edge chop.",
2026-07-17 22:30:10.45953+00,SOL/USDT,hold,0,7360,524,0,3287,6512,1,96c8a7cf-96cc-45e2-99b0-240895b00699,"Range-bound, EMA fast/slow essentially flat and crossing (75.02 vs 75.02), RSI14 46.8 below 50, 1h EMA also bearish tilt. No trend/momentum confluence to justify long entry; staying flat.",
2026-07-17 22:30:16.520578+00,AAVE/USDT,hold,0,1579,194,0,3287,4275,1,2ce4567d-d254-448b-b3ba-00f6ca6e5b0a,"Downtrend intact: EMA fast (90.54) below EMA slow (90.67) on 15m, confirmed on 1h (90.77 vs 91.14), RSI14 at 37.5 well below 50, price making fresh lows. No long edge per entry rules which require EMA fast>slow and RSI>50. Staying flat until trend and momentum confirm a reversal.",
2026-07-17 22:45:09.981256+00,SOL/USDT,hold,0,7597,496,1205,2525,6087,2,a1519a72-4d46-496e-82cb-1154dda407a6,"Range-bound: EMA fast/slow essentially flat and crossing (75.01 vs 75.01), RSI14 48 below 50, 1h EMA also bearish tilt. No trend/momentum confluence; staying flat per playbook discipline.",
2026-07-17 22:45:12.119964+00,ETH/USDT,hold,0,1711,243,0,3730,5021,2,aabcff18-f51c-49aa-b52a-0af47c346b93,"RSI14 at 47.2 sits below 50, EMA fast/slow nearly converged (1841.1 vs 1840.6) - no decisive trend. 1h timeframe shows bearish tilt (EMA fast below slow, RSI 45.7), so no higher-timeframe confluence either. This is exactly the choppy, range-bound setup the playbook flags as low-edge. Staying flat until a clear directional break with RSI above 50 and EMA fast decisively above slow, ideally confirmed by 1h trend.",
2026-07-17 22:45:17.93158+00,AAVE/USDT,hold,0,1694,195,0,3730,3687,2,5aa692c1-3da3-4c82-83a4-1283ab31f13b,"Clear downtrend on both 15m (EMA fast 90.45 below EMA slow 90.62) and 1h (90.77 below 91.14), RSI14 at 35.7 below 50, price making fresh lows with negative ret1/5/20. No confluence for a long entry per playbook rules; staying flat avoids fighting the trend and paying fees on a low-edge setup.",
2026-07-17 23:00:10.813937+00,BTC/USDT,hold,0.2,7327,419,4188,0,5694,2,0a8b99f1-6dc8-4c0f-838e-90c470a9ec0a,"EMA fast just barely above slow, RSI 52.6 neutral, base momentum negative (ret1/ret5 mixed, ret20 negative) and tradeFlow/CVD are negative despite 1h trend being up. Not a decisive, persistent trend - borderline chop per playbook criteria. Stay flat.",
2026-07-17 23:00:14.737362+00,AAVE/USDT,hold,0,2103,243,0,4188,4510,2,72aa8ef9-8ab9-4a01-a96f-bc11fc4cc5e3,"Downtrend persists: 15m EMA fast (90.39) below EMA slow (90.58), 1h EMA fast below slow, RSI14 at 38 below 50, ret5/ret20 negative, and AAVE ranks 7th of 8 in relative strength with negative trailing return. No confluence for a long per entry rules requiring EMA fast clearly above slow and RSI>50. Staying flat until a clear directional reversal with confirming close, per playbook guidance to avoid entering borderline/choppy conditions.",
2026-07-17 23:15:10.265429+00,SOL/USDT,hold,0,7889,525,0,3730,6328,2,6dfee502-b816-45e4-82c1-41826df9e3e5,"EMA fast/slow essentially flat (74.99 vs 75.00), RSI14 46.5 below 50, 1h trend also neutral-to-bearish. No directional confluence; stay flat per playbook discipline.",
2026-07-17 23:15:14.313509+00,NEAR/USDT,hold,0,3932,275,0,3730,4068,2,2d782721-9c16-4e6f-ae19-c8b4549a4325,"EMA fast below slow, RSI14 45.9 below 50, 1h trend clearly bearish (emaFast<<emaSlow, RSI 38). No bullish confluence; negative ret1/5/20. Remain flat.",
2026-07-17 23:30:09.523161+00,BTC/USDT,hold,0.2,2494,223,762,2525,4383,1,8c636c73-b992-4b2b-8ea4-86936ea6333d,"Price is chopping in a tight range near 63900-64150 with EMA fast/slow nearly flat and crossing repeatedly, RSI14 at 51.5 is neutral (barely above 50), and recent momentum (ret5 negative) is not confirming a clean trend. 1h EMA trend is up but base-interval lacks decisive confluence, and the range has already produced multiple false signals in recent decisions. No clear edge exceeding fees; remain flat.",
2026-07-17 23:45:11.332664+00,LINK/USDT,long,0.55,4878,541,762,2983,7747,1,ae2b0cc8-1adf-48b5-bb93-9d0c94213ead,"LINK is rank 1/8 by trailing return, base-interval trend is confirmed bullish (emaFast 8.247>emaSlow 8.239, RSI14 59, in the sweet 50-70 zone), strong bid-side book imbalance (2.94x) and positive CVD support upside continuation. 1h EMA is still slightly lagging but RSI 48 there is neutral rather than bearish, and relative strength plus fresh momentum outweigh the minor HTF lag. Entering with a tight stop and modest target that clears fees with room.","{""maxHoldBars"": 16, ""stopLossPct"": ""0.009"", ""takeProfitPct"": ""0.015"", ""entryOffsetBps"": 5, ""entryValidityBars"": 4}"
2026-07-18 00:00:08.927071+00,BTC/USDT,hold,0,2765,209,3287,0,3805,1,e8c57028-7a50-49ae-ab11-be802aba8b14,"Price is choppy and rangebound near 63900-64150; EMA fast (63982) and slow (63976) are nearly flat/crossing, RSI14 at 49.5 is neutral, and recent momentum (ret1, ret5, ret20 all negative) shows no confirming trend. 1h EMA is mildly bullish but base-interval lacks confluence. No decisive edge to clear round-trip costs; remain flat.",
2026-07-18 00:15:09.615643+00,SOL/USDT,hold,0.3,7162,431,0,3287,5729,1,620036ee-6f2f-4322-ad5e-6f4359375c05,"EMA fast/slow nearly converged (75.05 vs 75.03), RSI14 58.5 moderately bullish but 1h EMA fast below slow with RSI 47.6 - lacking higher-timeframe confluence. Price is near range highs with no clean breakout confirmation; staying flat per discipline.",
2026-07-18 00:30:11.10748+00,BTC/USDT,hold,0,8182,423,4188,0,5968,2,669e49f2-654a-4deb-83eb-9a3ccb945b2c,"EMA fast/slow nearly flat and crossing (63982 vs 63977), RSI14 53 is neutral, tradeFlow/CVD negative despite mild 1h uptrend. No decisive, persistent trend confluence - remain flat per discipline.",
2026-07-18 00:45:12.583808+00,XRP/USDT,hold,0,6118,710,1205,2525,9106,2,46200b94-a6ba-487e-9468-f089b55da5e5,"EMA fast/slow barely separated (1.08947 vs 1.08904) and h1/h4 trends disagree (h4 emaFast below emaSlow, downtrend). RSI 54 is only marginally above 50 - borderline chop, not a decisive trend. No position currently, and edge is too thin to clear costs with confidence. Staying flat.",
2026-07-18 01:00:10.026071+00,XRP/USDT,hold,0,5749,430,3745,0,6589,1,3596fed2-7a47-4eda-8334-3d5c8bd86f93,"EMA fast/slow essentially flat (1.08922 vs 1.08961), RSI 48.3 below 50, negative bar imbalance and CVD showing selling pressure, h4 downtrend intact. No trend/momentum confluence; chop regime, stay flat per playbook.",
2026-07-18 01:00:12.852518+00,ZEC/USDT,long,0.55,1737,309,0,3745,5244,1,d6857657-3f51-469f-ad1e-52ece491e8f3,"EMA fast above slow on base interval and 1h, RSI14 at 55.6 (bullish but not overbought), positive tradeFlow CVD and strong bid imbalance (2.48x), and ZEC ranks #1 of 8 in relative strength. 4h trend is still bearish (emaFast<emaSlow) so this is a moderate-conviction momentum entry rather than a full-conviction trend trade. Setting a tight stop below recent swing low and a take-profit that respects the 1.5x risk-reward floor.","{""maxHoldBars"": 24, ""stopLossPct"": ""0.012"", ""takeProfitPct"": ""0.022"", ""entryOffsetBps"": 5, ""entryValidityBars"": 4}"
2026-07-18 01:15:09.84826+00,BTC/USDT,hold,0,4069,286,762,2983,4718,1,c23e41a4-d5f7-4445-9304-fc14ad6e6028,"EMA fast below EMA slow (63946.8 vs 63957.2), RSI 49 below 50, negative CVD/bar imbalance, weak relative rank (7/8). No trend or momentum confluence for a long entry; chop regime persists, stay flat.",
2026-07-18 01:30:14.678012+00,BTC/USDT,hold,0,8160,587,0,3745,9533,1,cec922d8-be34-434b-ad07-5ea04db5bafe,"EMA fast/slow essentially flat (63957 vs 63961), RSI 54 barely above midpoint, negative CVD and weak relative rank (7/8). Chop regime persists with no clear confluence; not worth the fee drag to enter.",
2026-07-18 01:45:13.825256+00,BTC/USDT,hold,0,5933,403,762,2525,8667,1,eb1481dd-b346-4429-b6ca-ffe7bf0865f6,"EMA fast/slow essentially converged (63956.6 vs 63960.4), RSI 50.9 right at midpoint - no clean directional edge. H1 trend modestly up but base timeframe is chop. Not enough confluence to justify fee drag; stay flat.",
2026-07-18 02:00:14.268235+00,SOL/USDT,hold,0,12472,836,1205,2983,10339,2,de7be98f-e2ad-4a35-98b2-d275ec3150ea,"EMA fast/slow only marginally separated (75.14 vs 75.09), RSI 58 modestly constructive but h1 trend is flat/slightly bearish (emaFast 75.05 below emaSlow 75.07). No strong cross-timeframe confluence and prior similar setups produced negative edge. Stay flat.",
2026-07-18 02:15:10.75847+00,ETH/USDT,hold,0,8541,519,1205,2525,5605,2,76b33d3f-692e-4aab-a8d6-38a642fbbf1a,"EMA fast/slow barely separated (1842.1 vs 1841.5), RSI 55 modest, h1 trend bearish (emaFast 1840.8 below emaSlow 1843.3) contradicting base timeframe. No cross-timeframe confluence; stay flat.",
2026-07-18 02:15:18.617004+00,AAVE/USDT,hold,0,1563,246,0,3730,4390,2,4e0b149b-26b2-49d0-9ccf-c3c0100ae768,"Downtrend intact: EMA fast (89.78) below EMA slow (90.01), RSI14 at 35 (below 50), and 1h timeframe confirms bearish bias (emaFast 90.34 < emaSlow 90.82, RSI 30.6). Price making fresh local lows with negative ret1/ret5/ret20. No confluence for a long entry per playbook criteria (need EMA fast clearly above slow + RSI>50 + HTF agreement). Staying flat until trend reverses with a clear confirming close.",
2026-07-18 02:15:22.461611+00,NEAR/USDT,hold,0.2,1576,284,0,3730,12224,2,5cc03b8d-9603-4a70-91a4-4bed3c568b75,"Base timeframe shows only marginal bullish tilt (EMA fast 1.9288 vs slow 1.9266, RSI 54.6) - not decisively directional. H1 trend disagrees strongly (emaFast 1.9256 well below emaSlow 1.9374, RSI 44.5 below 50), indicating the higher timeframe is still bearish/neutral. Price is choppy within a ~1.915-1.935 range with no clear breakout. Per playbook, borderline crosses without HTF confluence should be avoided. Staying flat until trend and momentum align across timeframes with a move that clearly exceeds round-trip costs.",
2026-07-18 02:30:13.920603+00,AAVE/USDT,hold,0,13891,824,4188,0,9691,2,01708388-419d-43c9-84f7-cfe7a0123d77,"Clear downtrend on base and h1 (EMA fast below slow, RSI 37/31), weakest cross-symbol rank (8/8), negative ret5/ret20. No long case; stay flat.",
2026-07-18 02:30:14.840168+00,NEAR/USDT,hold,0.2,1993,283,0,4188,4604,2,07673335-dde2-4fd2-9169-a0ac5a1af4e9,"Base timeframe EMA fast/slow are only marginally separated (1.9298 vs 1.9273) and RSI 58.6 is constructive but not strongly directional. H1 trend disagrees materially (emaFast 1.9256 below emaSlow 1.9374, RSI 44.5), and trade flow/CVD is negative (-142k) despite the recent green bar, suggesting underlying selling pressure. Funding is negative and basis negative, indicating soft futures positioning. No decisive multi-timeframe confluence to clear the fee+edge bar, so staying flat per playbook guidance to avoid chasing a borderline move.",
2026-07-18 02:45:13.11642+00,BTC/USDT,hold,0,12758,705,762,2983,7975,1,7feaa9aa-2e98-45ec-b99f-5a26bb12eaba,"EMA fast/slow barely separated (63967 vs 63965), RSI 51.7 near midpoint - still chop despite mild h1 uptrend. Negative CVD and weak relative rank (7/8). No decisive confluence to clear fees; stay flat.",
2026-07-18 02:45:20.797883+00,NEAR/USDT,hold,0,2128,295,0,3745,4591,1,2b98d7ee-0bb6-4893-b6f6-30731533eca3,"Base 15m trend shows modest bullish tilt (EMA fast 1.9311 vs slow 1.9281, RSI 60.4) but the h1 timeframe still disagrees materially (emaFast 1.9256 well below emaSlow 1.9374, RSI 44.5), and CVD remains negative (-101k) despite the last bar's positive imbalance, indicating underlying selling pressure over the lookback. Funding is negative and basis slightly negative too, suggesting soft positioning. Without multi-timeframe confluence, the edge is thin relative to the 20bps round-trip cost, so staying flat is the disciplined choice per the playbook's confluence requirement.",
2026-07-18 03:00:08.581056+00,AAVE/USDT,hold,0,4652,285,3287,0,4364,1,f5a95432-f6bb-4ec4-b62a-413e31290648,"Clear downtrend: EMA fast (89.62) below EMA slow (89.87), RSI14 36 below 50, h1 confirms bearish (emaFast 90.16 < emaSlow 90.69, RSI 29). No long case; stay flat and avoid catching a falling knife.",
2026-07-18 03:00:13.820056+00,XRP/USDT,hold,0,2727,258,0,3287,4354,1,077496ce-a6b0-4945-981c-6df6fd249984,"EMA fast/slow only marginally separated (1.08964 vs 1.08928) and RSI14 at 54.3 is modest, not clearly extended trend. H1 EMA fast is still below EMA slow (mild bearish), so multi-timeframe confluence is lacking. Spread is tight and price has been chopping in a narrow ~1.087-1.091 range for the whole window without a decisive breakout. Insufficient edge over the ~20bps round-trip cost to justify a new long; stay flat and wait for a cleaner confirming close with h1 agreement.",
2026-07-18 03:00:23.535057+00,NEAR/USDT,hold,0.2,2020,245,0,3287,5239,1,f7bc46d9-c9f1-4425-a4d7-7f9e4f3478f0,"Base 15m trend is mildly bullish (EMA fast 1.9319 vs slow 1.9287, RSI 59) but H1 trend still disagrees (emaFast 1.9275 below emaSlow 1.9372, RSI 45.4), signaling conflicting timeframes. Price is up against recent highs after a run and RSI is not extended but the H1 downtrend context reduces conviction for a clean breakout. Staying flat until higher timeframe confirms or a clear pullback/entry with better R:R appears.",
2026-07-18 03:15:08.969701+00,ETH/USDT,hold,0.2,8732,499,0,3745,5791,1,3e9d792e-5d00-4a5e-ba0c-24f43a577e45,"EMA fast/slow only marginally separated (1842.5 vs 1841.9), RSI 53.9 modest but h1 trend is bearish (emaFast 1841.0 below emaSlow 1843.2), contradicting base timeframe. Negative CVD (-3327) shows underlying selling pressure despite recent up bars. No clean multi-timeframe confluence; remain flat.",
2026-07-18 03:15:12.603681+00,AAVE/USDT,hold,0,4798,452,0,3745,6357,1,9b97df5b-2390-45ac-908b-91ddf0439188,"Clear downtrend persists: EMA fast (89.55) below EMA slow (89.82), RSI14 at 33 well below 50, h1 also bearish (emaFast 90.16 < emaSlow 90.69, RSI 29). Weakest cross-symbol rank (8/8, -1.03%). No long case; stay flat and avoid catching a falling knife.",
2026-07-18 03:30:10.379477+00,BTC/USDT,hold,0.2,8052,402,0,3287,5255,1,912cedfc-19d4-4297-a524-d329cd0d87da,"EMA fast/slow essentially converged (63968 vs 63966), RSI 49.9 right at midpoint - continued chop on base timeframe despite h1 mild uptrend. No decisive momentum confluence to clear fees; staying flat.",
2026-07-18 03:30:14.235771+00,AAVE/USDT,hold,0,2281,198,0,3287,3999,1,6e9a9125-2f1d-4405-ae88-a43c89d92799,"Clear downtrend persists: EMA fast (89.49) below EMA slow (89.76), RSI14 at 32.6 well below 50, h1 confirms bearish (emaFast 90.16 < emaSlow 90.69, RSI 29.2). Price making fresh lows, no reversal confirmation. No long case per entry rules; stay flat and avoid catching a falling knife.",
2026-07-18 03:45:10.379957+00,BTC/USDT,hold,0,9105,436,4188,0,5237,2,b59171e0-75c6-4ff2-86f2-0527f39584b7,"EMA fast/slow essentially converged (63960.6 vs 63962.6), RSI 48 below midpoint, negative CVD/bar imbalance, weak relative rank (7/8), h4 trend bearish. No directional confluence; chop persists, stay flat.",
2026-07-18 04:00:10.848073+00,XRP/USDT,hold,0,10915,582,1205,2525,7400,2,e502547a-7f6f-4fc0-b4d4-c892e4f92708,"EMA fast/slow barely separated (1.08978 vs 1.08948), RSI 53.3 marginal, h1 nearly flat with emaFast just below emaSlow - no decisive confluence. Chop persists per recent history; staying flat avoids fee-losing entries.",
2026-07-18 04:15:10.222075+00,BTC/USDT,hold,0,9267,407,0,4188,5093,2,c7d713bb-6753-4c84-a366-13c1b30a7cfa,"EMA fast/slow barely separated (63977 vs 63970), RSI 53.7 near midpoint - still chop despite mild h1 uptrend. Weak relative rank (7/8) and negative CVD. No decisive confluence to clear fees; stay flat.",
2026-07-18 04:30:10.44142+00,AAVE/USDT,hold,0,12118,537,3745,0,6209,1,4888715b-f372-4d67-861c-f54546c9b64c,"Sharp breakdown on last candle with large volume, RSI14 at 27 (oversold, not confirmed reversal), EMA fast below slow, h1 also bearish. Weakest cross-symbol rank (8/8). This is a falling-knife scenario, not a long setup; stay flat.",
2026-07-18 04:45:10.80725+00,SOL/USDT,hold,0.2,12111,529,762,2983,6921,1,b72865d0-830e-4433-935a-9117fc4abb78,"RSI dropped to 46, below the 50 threshold, and last candle broke down (-0.20% on the close). EMA fast/slow nearly converged and momentum has turned negative despite decent rank. No confluence for a fresh long; stay flat.",
2026-07-18 04:45:15.039368+00,XRP/USDT,hold,0,4979,346,0,3745,5628,1,38e89c78-ca60-476e-b40b-2327e49858d5,"EMA fast/slow essentially converged (1.08954 vs 1.08945), RSI14 46.7 below midpoint and h1 also flat (50.35). Choppy regime continues per long string of prior holds, no confirming trend/momentum agreement to clear fees. Stay flat.",
2026-07-18 04:45:43.603422+00,LINK/USDT,hold,0.55,1881,350,0,3745,6037,1,85e6c905-e508-4469-8fe4-6c63fdaf142d,"Already long and marginally profitable (+1.18% unrealized). Base-interval trend is barely positive: EMA fast/slow nearly flat and converging, RSI14 at 51 is right at the neutral line, not showing strong momentum. H1 trend is mildly constructive (emaFast>emaSlow, RSI 55) which supports staying long rather than flipping flat. LINK ranks #1 of 8 in relative strength, which favors holding the long over cutting it. However momentum is weak/choppy per playbook notes (repeated small EMA crossovers), so no reason to add - just maintain the existing managed plan with tight risk control rather than resi","{""maxHoldBars"": 24, ""stopLossPct"": ""0.008"", ""takeProfitPct"": ""0.015"", ""entryOffsetBps"": 0, ""entryValidityBars"": 1}"
2026-07-18 05:00:12.087956+00,SOL/USDT,hold,0,2834,205,0,3287,4188,1,46c9017c-98a3-4cab-8018-61b6c627fa78,"EMA fast/slow essentially converged (75.193 vs 75.180) and RSI14 at 46.8 is below 50, indicating negative momentum. H1 trend is only marginally positive (75.135 vs 75.110) and doesn't confirm a bullish base-interval move. Price is range-bound with no clear directional edge exceeding round-trip fees. Staying flat per the no-confluence rule.",
2026-07-18 05:00:14.0476+00,AAVE/USDT,hold,0,11316,574,762,2525,9805,1,8752b268-6789-4b6b-bcb9-63a6975eb24c,"Sharp downtrend continues: EMA fast (89.08) below EMA slow (89.43), RSI14 32.5 well below 50, h1 also bearish (emaFast 89.78 < emaSlow 90.42, RSI 25.3). Just had a large breakdown candle; no reversal confirmation yet. Spot-only, no short case; stay flat and avoid catching a falling knife.",
2026-07-18 05:15:10.84637+00,XRP/USDT,hold,0,13188,590,3287,0,7398,1,629410d5-6077-4b33-b277-7b342ee033e5,"EMA fast below slow (1.08885 vs 1.08913), RSI14 41.6 below midpoint, price trending down (ret1/5/20 all negative). No bullish confluence; stay flat.",
2026-07-18 05:15:16.534507+00,AAVE/USDT,hold,0,2838,235,0,3287,4269,1,e09e3af7-ca63-4d2d-801f-aad9fcdc715e,"Downtrend remains intact: EMA fast (89.01) below EMA slow (89.37), RSI14 at 31.6 well below 50, h1 timeframe confirms bearish structure (emaFast 89.78 < emaSlow 90.42, RSI 25.3). Price recently had a sharp breakdown candle with no reversal confirmation yet. No trend/momentum confluence for a long entry; staying flat avoids catching a falling knife and matches the playbook's exit/entry discipline.",
2026-07-18 05:16:08.387943+00,NEAR/USDT,hold,0,2601,246,0,3745,6134,1,5cb8be37-dedd-425b-9f8a-e6c1fe9ca0a4,"EMA fast (1.9303) now sits essentially flat/crossing below EMA slow (1.9304), RSI14 at 42.7 is below 50, and h1 trend remains bearish (emaFast 1.9295 < emaSlow 1.9365, RSI 43.4). Price just broke down through recent range with negative bar imbalance and rank 6/8 cross-symbol (laggard). No trend/momentum confluence for a long entry; staying flat avoids fighting the downtrend and fees on a low-edge setup.",
2026-07-18 05:30:11.292429+00,BTC/USDT,hold,0,11394,503,1205,2525,6127,2,340736f8-8665-462e-be94-3a77e9682be3,"EMA fast/slow essentially converged (63963.7 vs 63965.8), RSI 50.9 right at midpoint - continued chop. No decisive momentum confluence to clear fees; stay flat.",
2026-07-18 05:30:19.757758+00,XRP/USDT,hold,0,2863,230,0,3730,4329,2,4e14a72c-a9a3-4a61-8ee6-043c5dc35a31,"EMA fast/slow essentially flat and converged (1.08886 vs 1.08911), RSI14 at 49.3 sits right at midpoint - textbook chop with no directional confluence. H1 EMAs also nearly flat (1.08879 vs 1.08895) and RSI 46.8, reinforcing lack of trend. Per playbook, borderline crossovers near 50 RSI have produced negative edge recently; staying flat avoids paying fees for a low-conviction entry.",
2026-07-18 05:45:13.633145+00,BTC/USDT,hold,0,16054,717,1205,2525,8499,2,1bdb3566-790d-46b5-b999-8622d4a19534,"EMA fast/slow essentially converged (63965 vs 63966), RSI 51 at midpoint - continued chop. No decisive momentum confluence to clear fees; stay flat.",
2026-07-18 06:00:10.473874+00,SOL/USDT,hold,0,14161,580,0,3287,6597,1,d3c6bc80-f27a-4c57-9ab6-d1e7f203f9c1,"EMA fast below slow (75.06 vs 75.11), RSI 39.5 below midpoint, negative ret1/5/20 - clear downward momentum. No bullish confluence; stay flat.",
2026-07-18 06:00:29.619329+00,NEAR/USDT,hold,0,2484,264,0,3287,5326,1,72de98f3-0f15-4932-bcaa-eaad174cd6b1,"EMA fast (1.9270) is below EMA slow (1.9289) on the base timeframe and RSI14 is 40.3, below 50 - momentum and trend do not agree for a long. H1 trend is also bearish (emaFast 1.9274 < emaSlow 1.9349, RSI 39.2), reinforcing the downtrend. Price just broke down further on the latest candle (close 1.919, low 1.917) with negative ret1/ret5/ret20. No confluence for a long entry; staying flat avoids fighting the trend and paying fees on a low-edge setup.",
2026-07-18 06:15:08.879617+00,SOL/USDT,hold,0,9095,349,3745,0,4960,1,6cf307bf-cf81-44bf-b307-7c20512eeda3,"EMA fast below slow (75.04 vs 75.10), RSI 43.2 below midpoint, negative ret1/5/20 - clear bearish momentum. No bullish confluence; stay flat.",
2026-07-18 06:15:13.350859+00,ZEC/USDT,hold,0,5109,250,0,3745,5738,1,251fd19c-416c-42ba-835a-0036df6bd47b,"EMA fast below slow (542.5 vs 544.1), RSI14 33.9 well below 50, downtrend intact with negative ret1/ret5/ret20. No bullish confluence despite mild h1 tilt; stay flat.",
2026-07-18 06:30:11.066217+00,AAVE/USDT,hold,0,9339,478,3745,0,6800,1,e3f64a43-4044-4369-9b57-dfb0f86b0a93,"Sharp downtrend accelerating: EMA fast (88.38) well below EMA slow (88.90), RSI14 at 21.8 deeply oversold with no reversal confirmation, h1 also bearish (89.44<90.21, RSI 21.6). Weakest cross-symbol rank (8/8, -2.75%). Classic falling knife on spot-only strategy; no long case, stay flat.",
2026-07-18 06:30:15.768202+00,XRP/USDT,hold,0,6011,290,0,3745,4294,1,bcf3d770-8b0e-4b7d-99df-42fb73f5a5ae,"EMA fast/slow essentially converged (1.08839 vs 1.08878), RSI14 48.1 below midpoint, h1 EMAs also flat/slightly bearish. Choppy regime persists with no bullish confluence; staying flat avoids fee-losing noise trades.",
2026-07-18 06:45:12.036351+00,ZEC/USDT,hold,0,14606,587,0,3745,8404,1,553be7a5-057a-4a59-83da-292c4de2e8d5,"EMA fast below slow, RSI 39.3 below midpoint, downtrend intact with negative CVD and weak relative rank (7/8). No bullish confluence; stay flat.",
2026-07-18 06:45:34.480876+00,NEAR/USDT,hold,0,3012,230,0,3745,4209,1,ac53234f-e33e-4fc8-af47-84a084f2e0b0,"EMA fast (1.9221) remains below EMA slow (1.9259) on the base timeframe, RSI14 at 39.2 is below 50, and h1 trend also disagrees (emaFast 1.9274 < emaSlow 1.9349, RSI 39.3). Price is trending lower with negative ret1/ret5/ret20 and cross-symbol rank is weak (6/8). No confluence for a long entry; stay flat and wait for trend/momentum alignment.",
2026-07-18 07:00:09.981548+00,SOL/USDT,hold,0,12190,492,1205,2983,6023,2,77e8a89e-9604-49a6-b661-8c2cf3223eaa,"EMA fast below slow (75.03 vs 75.08), RSI 43.6 below midpoint, negative ret1, h1 also flat/bearish. No bullish confluence; stay flat.",
2026-07-18 07:00:12.248294+00,ZEC/USDT,hold,0,5605,248,0,4188,4593,2,41861f25-7cf5-4b7e-8f0a-db582b43ba40,"EMA fast below slow on base and downtrend persists; RSI14 36.8 well below 50, negative ret1/ret5/ret20, negative CVD, and ZEC ranks 7/8 in relative strength. No bullish confluence; stay flat.",
2026-07-18 07:15:10.262669+00,NEAR/USDT,hold,0,12166,472,1205,2983,6006,2,f04a3db0-4a21-426d-84a2-18a1e875aef1,"EMA fast below slow on base and h1, RSI14 34 well below 50, negative tradeFlow, price breaking to fresh lows with ret1/5/20 all negative. Clear downtrend, not a long setup. Stay flat.",
2026-07-18 07:15:13.099863+00,XRP/USDT,hold,0,3078,190,0,4188,3647,2,82260b07-6e14-4c53-984c-17b7c27d4b0b,"EMA fast (1.08861) still below EMA slow (1.08881), RSI14 47.9 below midpoint, H1 EMAs also converged/flat. Choppy range persists with no directional confluence, and cross-symbol rank is mid/weak (4 of 8, negative own return). No edge clears round-trip costs; stay flat per playbook discipline.",
2026-07-18 07:15:40.369488+00,AAVE/USDT,hold,0,3104,215,0,4188,4121,2,bc82ac5b-92b3-44ad-83f3-ece57fa7df0a,"Persistent downtrend: EMA fast (88.17) below EMA slow (88.67) on base interval, h1 also bearish (89.16<90.01, RSI 21.4), RSI14 at 28 deep oversold with no reversal confirmation. Weakest cross-symbol rank (7/8), negative CVD-adjacent bar imbalance. No long case; staying flat consistent with playbook of avoiding falling-knife entries.",
2026-07-18 07:30:12.447984+00,BTC/USDT,hold,0,11085,516,3730,0,7284,2,86f6c48b-90eb-4e51-a15e-c011fe821b81,"EMA fast slightly above slow with RSI 57.9 and h1 confirming bullish trend, but the gap between EMAs is still thin (~10 vs price ~64000) and recent chop-then-hold history shows most crossings failed to persist. Not decisively directional enough to clear the higher bar for entry; stay flat and watch for a cleaner breakout confirmation.",
2026-07-18 07:30:14.838951+00,NEAR/USDT,hold,0,2802,229,0,3730,4542,2,0ba74dbe-9dbf-4c32-ba92-b78dc42854f9,"Downtrend intact: EMA fast (1.9165) below EMA slow (1.9222) on base timeframe, H1 also bearish (fast 1.9249 < slow 1.9331), RSI14 at 33.9 well below 50, and ret1/ret5/ret20 all negative with price making fresh lows. No trend/momentum confluence for a long entry; staying flat per playbook discipline until a decisive bullish cross with RSI>50 and HTF agreement emerges.",
2026-07-18 07:45:13.136849+00,BTC/USDT,long,0.5,11027,655,762,2525,8019,1,cdd57c9d-a70a-4315-aa64-d66e1f890c8d,"EMA fast now clearly above slow (63995 vs 63982), RSI14 57.8 in healthy bullish zone (not overbought), h1 EMA trend also bullish (63956 vs 63853) confirming cross-timeframe confluence. Price broke to new local highs (64026) with rising volume on last two bars. This is the first real confluence after many chop cycles - take a modest long with tight risk management given ATR ~47.","{""maxHoldBars"": 16, ""stopLossPct"": ""0.0045"", ""takeProfitPct"": ""0.009"", ""entryOffsetBps"": 5, ""entryValidityBars"": 3}"
2026-07-18 07:45:30.948309+00,NEAR/USDT,hold,0,2814,224,0,3287,4729,1,ff44de35-a43a-4485-941d-252a36d145f3,"Downtrend remains intact: EMA fast (1.915) below EMA slow (1.921) on base timeframe, H1 also bearish (fast 1.925 < slow 1.933), RSI14 at 33.9 well below 50. No trend/momentum confluence for a long entry. Price continues making fresh lows with negative ret1/5/20. Staying flat until trend and momentum align (EMA fast crossing back above slow with RSI reclaiming 50+).",
2026-07-18 08:00:09.676599+00,SOL/USDT,hold,0,9142,384,762,2983,5788,1,b97ee791-3277-4ef4-8e28-833ae20752c3,"EMA fast below slow (74.999 vs 75.047), RSI 44.7 below midpoint, h1 trend also bearish. No bullish confluence; downtrend intact. Stay flat.",
2026-07-18 08:00:14.997568+00,NEAR/USDT,hold,0,3056,278,0,3745,4766,1,8227534a-b6ce-4971-85b1-7bfeeced325c,"Downtrend remains intact: base EMA fast (1.9138) below EMA slow (1.9199), RSI14 at 33.9 well below 50, H1 also bearish (fast 1.9217 < slow 1.9309, RSI 35.7). Negative tradeFlow (barImbalance -0.69, CVD -111.7k) confirms aggressive selling, and NEAR ranks 7/8 cross-symbol with negative trailing return. No trend/momentum confluence for a long entry; stay flat and wait for a confirmed reversal (EMA fast crossing back above slow with RSI reclaiming 50+).",
2026-07-18 08:15:10.961455+00,XRP/USDT,hold,0.3,5415,382,0,3287,5555,1,33eabc9a-dfba-4969-9f38-cc8e21e42b34,"EMA fast just crossed slightly above EMA slow (1.08942 vs 1.08916) with RSI14 56.8, a marginal bullish tilt, but h1 EMAs remain essentially flat/converged (1.08879 vs 1.08890) and RSI h1 is below 50. This is still within the chop range seen over the last several bars; last candle showed a strong wick to 1.0918 but closed back down. Lacking firm cross-timeframe confluence, staying flat avoids paying fees on a low-edge signal.",
2026-07-18 08:15:14.352146+00,ETH/USDT,hold,0,2955,238,0,3287,5240,1,3717e34c-b9c1-49ae-8c93-d32934fa8c9c,"EMA fast/slow nearly converged (1844.70 vs 1844.35), RSI 51.6 sits right at midpoint with no clear momentum edge, and h1 trend is flat/slightly bearish (1843.68 vs 1843.88), contradicting the base timeframe. This is the same choppy, range-bound regime that has produced repeated near-zero moves over the last 10 holds. No confluence, no edge that clears the 20bps round-trip cost with acceptable asymmetry. Remain flat.",
2026-07-18 08:30:10.422381+00,ETH/USDT,hold,0.2,5792,323,3287,0,5316,1,c107bfbd-8f97-44a4-9d63-32a180017eea,"EMA fast modestly above slow (1845.1 vs 1844.6) and RSI 58 constructive, but h1 trend remains flat/slightly bearish (1843.7 vs 1843.9), lacking full cross-timeframe confluence. Recent chop with no clean directional edge; remain flat to avoid fee erosion.",
2026-07-18 08:45:11.93958+00,ETH/USDT,hold,0.3,6122,425,1205,2983,6797,2,ccf3d81b-5b25-45a4-a135-e8c3a1a80930,"EMA fast modestly above slow (1845.4 vs 1844.8) and RSI 58.3 constructive, with top cross-symbol rank and positive tradeFlow/cvd. However h1 trend is essentially flat (1843.7 vs 1843.9), lacking full higher-timeframe confluence, and the base-interval trend, while positive, is not decisively strong relative to ATR (2.64) - the recent chop has repeatedly produced marginal setups that didn't pay off net of fees per playbook notes. Prefer to stay flat and wait for a clearer, more decisive breakout with h1 confirmation before committing capital.",
2026-07-18 08:45:17.6233+00,XRP/USDT,hold,0,3138,230,0,4188,4160,2,7419a929-c5c6-4110-bf75-af6fd0490e36,"EMA fast/slow essentially converged (1.08959 vs 1.08930), RSI14 50.7 at midpoint - continued chop. H1 EMAs also flat/converged (1.08879 vs 1.08890) with RSI h1 48.5 below 50, no cross-timeframe confluence. Last close even ticked down slightly (-0.10% ret1). No decisive directional edge to clear round-trip fees; stay flat per playbook discipline on choppy regimes.",
2026-07-18 08:45:40.040958+00,LINK/USDT,flat,0.6,2002,263,0,4188,12491,2,3cfa1d5e-cdd8-4948-a758-a6c2b1135bbc,"Already long with small unrealized loss (-0.06%). Base and 1h EMAs are essentially flat/converged (fast~slow), RSI near 50-52 showing no real momentum, and cross-symbol rank is weak (4/8, negative own return) versus a clearly stronger market elsewhere. This is exactly the borderline chop the playbook flags as low-edge; prior similar holds produced negligible or negative PnL. No decisive trend confluence across timeframes to justify holding through further noise, so exit to flat and preserve capital rather than risk another round trip barely covering fees.",
2026-07-18 09:00:11.648649+00,SOL/USDT,hold,0,10324,564,1205,2525,7694,2,87e70a49-695d-461d-b9a9-8e13c7a52ef7,"EMA fast below slow (74.97 vs 75.02), RSI14 45.6 below midpoint, ret5/ret20 negative, h1 trend also bearish (75.03 vs 75.06). No bullish confluence; stay flat per playbook.",
2026-07-18 09:15:14.386875+00,ETH/USDT,hold,0.3,9294,495,4188,0,9211,2,0edc029a-7663-4d17-a010-cba9140be8c0,"EMA fast modestly above slow with RSI 55.9, and ETH ranks #1 of 8 in relative strength with positive CVD - the most constructive setup of the three. However, h1 EMAs remain nearly flat (1844.43 vs 1844.20) and the last closed bar was a small red candle (ret1 -0.06%), so cross-timeframe confluence is still not decisive. Per playbook, prior borderline entries here lost money net of fees; wait for a clearer confirming close before committing capital rather than acting on a shallow move.",
2026-07-18 09:15:17.668889+00,LINK/USDT,flat,0.6,2250,364,0,4188,6075,2,081afbaa-69d4-46c4-9b9f-89583ad86974,"Position is currently long but trend has broken: base EMA fast (8.2508) is now below EMA slow (8.2530), RSI14 at 41.9 is below 50 showing bearish momentum, and last close broke down through recent range to 8.237 with a -0.27% bar. H1 trend is barely positive but not enough to offset base-interval breakdown. Cross-symbol rank is weak (4/8, negative own return) and unrealized PnL is already negative. Per playbook and exit rules, when the thesis breaks (EMA cross down, RSI<45) prefer flat over holding. No active plan is attached (managedPlan:false), so exit cleanly now rather than let the backsto",
2026-07-18 09:30:10.276927+00,XRP/USDT,hold,0,11662,442,762,2983,6782,1,4beefb68-d37d-4f55-b772-1b20bda30abe,"EMA fast below slow, RSI 38 falling, last bar broke down sharply. No bullish confluence and weakening momentum; stay flat.",
2026-07-18 09:30:24.705116+00,NEAR/USDT,hold,0,3108,308,0,3745,6423,1,b7051543-9aa0-4ea1-b23c-7838109d5142,"Downtrend remains firmly in place: EMA fast (1.910) below EMA slow (1.915) on base timeframe, H1 also bearish (fast 1.920 < slow 1.929), RSI14 just dropped to 30.6 (oversold, momentum weak not turning), and price just broke down sharply to fresh lows with negative tradeFlow imbalance. NEAR also ranks last (8/8) in cross-symbol relative strength with -1.5% trailing return, the weakest of the basket - avoid catching this falling knife. No trend/momentum confluence for a long entry; remain flat and wait for a confirmed reversal (EMA cross back up, RSI reclaiming 50) before considering entry.",
2026-07-18 09:45:09.611368+00,SOL/USDT,hold,0,8437,401,3287,0,5674,1,d7402bec-6a5a-49aa-a54f-48357e9c7730,"EMA fast below slow (74.87 vs 74.96), RSI 37.3 well below midpoint, downtrend with negative ret1/ret5/ret20, h1 also bearish. No bullish confluence; stay flat per playbook.",
2026-07-18 09:45:17.960986+00,LINK/USDT,flat,0.8,2250,250,0,3287,4366,1,4dee30d8-fe93-43d6-937b-586e6814af49,"Position is still long despite repeated flat calls; trend remains broken with EMA fast (8.238) below EMA slow (8.246) on base interval, RSI14 at 36 well below 50, and price just made a fresh lower low breaking down through 8.24-8.25 support. Unrealized loss is -0.54% and momentum is accelerating to the downside (ret5 -0.48%, ret20 -0.56%). No confirmation of reversal; h1 trend is barely flat too. Cut the loss now rather than continue holding a broken thesis.",
2026-07-18 10:00:11.400315+00,ETH/USDT,hold,0.2,8940,425,0,3745,6234,1,fb614f84-4890-42f3-aa59-6ed266b2d5af,"EMA fast/slow nearly converged (1845.29 vs 1844.99), RSI 50.5 at midpoint, h1 trend also flat. No decisive cross-timeframe confluence to justify a new long; edge too thin to clear round-trip fees. Stay flat.",
2026-07-18 10:15:10.442798+00,SOL/USDT,hold,0,10956,506,3287,0,6496,1,f69c3c1f-7c80-4ff6-b319-211502962fb8,"EMA fast below slow (74.86 vs 74.94), RSI 42.7 below midpoint, negative ret1/ret5/ret20, h1 also bearish. No bullish confluence; stay flat.",
2026-07-18 10:30:12.971337+00,ETH/USDT,hold,0,8988,518,1205,2983,7818,2,85544aa0-bb3b-422a-b8fb-110f090eb514,"EMA fast/slow nearly converged (1845.47 vs 1845.12), RSI 56 modestly constructive but h1 EMAs also nearly flat (1844.52 vs 1844.26), no decisive cross-timeframe confluence. Playbook notes recent entries on borderline confluence lost money net of fees. Edge too thin to clear round-trip costs; stay flat.",
2026-07-18 10:45:09.717342+00,ETH/USDT,hold,0,3190,261,4188,0,4580,2,a7aebb2c-c8fd-4141-aacd-15cca224e2c5,"EMA fast/slow essentially converged (1845.3 vs 1845.1), RSI14 at 49.5 (below midpoint), and h1 EMAs also nearly flat with RSI 48.8 - no directional confluence across timeframes. Last bar closed down (-0.10%) after failing near 1846.7, indicating chop rather than trend. Per playbook, this range-bound condition with no decisive edge should be held flat rather than chased. Staying flat until a clean, persistent trend with RSI>50 and clear EMA separation emerges on both base and h1 timeframes.",
2026-07-18 10:45:12.858465+00,NEAR/USDT,hold,0,3108,264,0,4188,4638,2,f689977f-cdc4-40a3-aee6-d8b10a722e59,"Downtrend remains intact: EMA fast (1.9044) below EMA slow (1.9103) on base timeframe, H1 also bearish (fast 1.9162 < slow 1.9267), RSI14 at 34.8 below 50 indicating weak momentum. Price just made a fresh low (1.896) and is the weakest symbol in the cross-symbol ranking (rank 8/8, -1.45% return), showing clear relative weakness versus peers. No trend/momentum confluence for a long entry; staying flat and waiting for a decisive reversal confirmation before considering entry.",
2026-07-18 10:45:20.060227+00,LINK/USDT,flat,0.6,3046,287,0,4188,8527,2,89d9b4fe-8f8b-436b-ba6f-c9a55b7c1210,"Long position at avg 8.262 is now underwater (-0.06%) after a fade from the 8.276 high. Base EMAs are essentially flat/converged (fast 8.2474 vs slow 8.2483), h1 RSI 44 below midpoint, h4 unavailable, and the last closed candle shows a sharp rejection wick down from 8.276 to 8.257. No clear trend edge persists to justify continued exposure; repeated attempts to hold through chop have not paid off per recentDecisions. Exiting to flat rather than holding a thesis that has broken down, consistent with playbook guidance to prefer flat when momentum is ambiguous.",
2026-07-18 11:00:09.472379+00,SOL/USDT,hold,0,8436,398,0,3287,5590,1,d836f64f-3aa6-49d6-8668-52050836bb0f,"EMA fast below slow (74.878 vs 74.926), RSI 47.9 below midpoint, h1 trend also bearish (74.978 vs 75.031). No bullish confluence; remain flat per playbook.",
2026-07-18 11:00:13.306272+00,LINK/USDT,long,0.35,2802,334,0,3287,5759,1,82abb2b3-5d89-42b4-83af-bf7918752256,"Currently long at avg 8.262 with +0.72% unrealized, now recovering. EMA fast (8.2515) just crossed above EMA slow (8.2501), RSI14 at 56 shows renewed positive momentum, and h1 EMAs/RSI also lean modestly bullish. Price bounced off the 8.211 low and is reclaiming the recent range. Attaching a managed plan now (previous flat calls were wrong repeatedly per recentDecisions) to lock in defined risk: stop below recent swing low area and take-profit sized for asymmetric reward given the improving trend confirmation.","{""maxHoldBars"": 24, ""stopLossPct"": ""0.012"", ""takeProfitPct"": ""0.02"", ""entryOffsetBps"": 0, ""entryValidityBars"": 1}"
2026-07-18 11:00:16.50561+00,NEAR/USDT,hold,0,2821,211,0,3287,4254,1,67949337-35ce-4ab8-8703-599a3a923e1c,"Downtrend persists: base EMA fast (1.9029) below EMA slow (1.9091), H1 also bearish (fast 1.9124 < slow 1.9240), RSI14 34 below 50, ret1/5/20 all negative with price making fresh lows on a large volume spike. No trend/momentum confluence for a long entry; remain flat until EMA fast reclaims EMA slow and RSI recovers above 50.",
2026-07-18 11:15:10.680498+00,ETH/USDT,hold,0.2,9148,388,762,2983,5335,1,21779fe4-814a-41d6-9bc7-7da39cfdb230,"EMA fast/slow nearly converged (1845.31 vs 1845.12), RSI 50.7 at midpoint, h1 EMAs also barely positive. No decisive cross-timeframe confluence; edge too thin to clear round-trip costs. Remain flat.",
2026-07-18 11:30:09.508837+00,SOL/USDT,hold,0.2,6129,348,0,3745,5582,1,26327eb8-05eb-42f3-b5e2-5a89b9ef005e,EMA fast/slow nearly converged (74.91 vs 74.94) with RSI 53 just above midpoint but h1 trend still bearish (74.98 vs 75.03). Weak relative rank (6/8) among peers. No decisive cross-timeframe confluence; edge too thin to clear round-trip costs. Remain flat.,
2026-07-18 11:45:09.581964+00,ETH/USDT,hold,0.2,6117,285,3745,0,4303,1,e66affd0-c8f2-4c70-ac35-5105ae3d1467,"EMA fast/slow essentially converged (1845.28 vs 1845.14), RSI 50.1 dead at midpoint, h1 EMAs also nearly flat. No decisive confluence and choppy range persists per playbook; edge too thin to clear round-trip costs. Remain flat.",
2026-07-18 12:00:12.350887+00,SOL/USDT,hold,0.2,10673,635,1205,2525,8394,2,acd5b99b-0a0b-42bc-9384-eba87637bbba,"EMA fast/slow essentially converged (74.93 vs 74.94), RSI 51 dead at midpoint, h1 trend bearish (74.98 vs 75.03). No decisive confluence; stay flat per playbook.",
2026-07-18 12:15:13.928269+00,BTC/USDT,long,0.55,8317,717,0,3730,8810,2,9016aa64-0308-4879-ab41-8617c8efdfd8,"Clear breakout: EMA fast (64044) above EMA slow (64016), RSI14 70.7 showing strong momentum, h1 trend also bullish (64001 vs 63916). Latest candle broke out with high volume (255 vs typical ~50-100) and price up to 64138 from 64070, a decisive move well beyond chop. RSI is elevated (70.7) suggesting some overbought risk, so sizing moderate and using a tight-ish stop with reasonable TP to capture continuation while respecting fee floor.","{""maxHoldBars"": 12, ""stopLossPct"": ""0.006"", ""takeProfitPct"": ""0.012"", ""entryOffsetBps"": 5, ""entryValidityBars"": 3}"
2026-07-18 12:30:08.980563+00,SOL/USDT,hold,0,8478,354,3730,0,5068,2,0b84a876-fc22-49ed-b1dd-813d4f4605b1,"EMA fast below slow (74.906 vs 74.927), RSI14 40 below midpoint, bearish h1 trend, last candle broke down sharply (-0.37%). No bullish confluence; stay flat per playbook.",
2026-07-18 12:45:13.557955+00,SOL/USDT,hold,0,9229,461,0,3745,9630,1,de25d683-d467-4b8d-bd4f-a9903945ca64,"EMA fast/slow essentially converged (74.92 vs 74.93), RSI 51 barely above midpoint, h1 trend still bearish (74.98 vs 75.03). Choppy conditions persist per playbook; no decisive cross-timeframe confluence to clear round-trip costs. Stay flat.",
2026-07-18 12:45:17.990143+00,ZEC/USDT,long,0.55,2773,376,0,3745,6168,1,54709975-1f07-4760-8a5b-723d06553bc2,"Base EMA fast (542.77) above slow (541.55) with RSI14 at 65.7 confirms bullish momentum, and price just broke out strongly (+0.53% last bar, +1.23% over 5 bars). ZEC ranks #1 of 8 in relative strength, CVD is positive (620.5) with buy-side bar imbalance, and funding is only mildly positive (not extended). H1 trend is roughly flat/neutral (541.4 vs 541.97) which tempers conviction slightly, so sizing moderate. RSI is elevated but below 70 extended-overbought threshold; entering with a tight stop below recent swing and a reasonable take-profit that clears fees with 1.5x+ asymmetry.","{""maxHoldBars"": 16, ""stopLossPct"": ""0.012"", ""takeProfitPct"": ""0.022"", ""entryOffsetBps"": 8, ""entryValidityBars"": 3}"
2026-07-18 13:00:11.310095+00,ETH/USDT,hold,0.2,9241,463,3745,0,5843,1,b1bb69cc-3954-4a78-95ca-56d94739616c,"EMA fast/slow essentially converged (1844.75 vs 1844.91), RSI 50.4 dead at midpoint, h1 EMAs mixed (fast slightly above slow but RSI 48.9 below 50). No decisive cross-timeframe confluence per playbook; edge too thin to clear round-trip costs. Remain flat.",
2026-07-18 13:15:08.730577+00,XRP/USDT,hold,0,9286,380,0,3745,5255,1,74dde3b3-f2a2-4029-ac15-241106e7f2e1,"EMA fast below slow (1.0878 vs 1.0879), RSI 44.2 below midpoint, last bar broke down sharply, negative tradeFlow imbalance, and weakest relative rank (8/8). No bullish confluence; stay flat.",
2026-07-18 13:30:09.808083+00,SOL/USDT,hold,0,8448,388,3287,0,5913,1,1e8ee4f6-01d9-439d-93f2-2f61338ec453,"EMA fast below slow (74.85 vs 74.90), RSI14 41.5 below midpoint, h1 trend also bearish (74.98 vs 75.02). Last bar broke down sharply with elevated volume. No bullish confluence; stay flat per playbook.",
2026-07-18 13:45:09.933826+00,SOL/USDT,hold,0,11239,482,1205,2525,6030,2,b9629c2a-e08a-4ac1-aef2-4565d62f0905,"EMA fast below slow (74.82 vs 74.88), RSI14 42 below midpoint, h1 trend also bearish (74.98 vs 75.02). No bullish confluence; stay flat per playbook.",
2026-07-18 14:00:07.889729+00,XRP/USDT,hold,0,8424,318,0,3730,4417,2,728a355a-8e4b-42be-b7e5-b2b2fba5f8f2,"EMA fast below slow (1.0869 vs 1.0874), RSI14 44 below midpoint, h1 trend also bearish. No bullish confluence; stay flat.",
2026-07-18 14:15:09.635195+00,SOL/USDT,hold,0,8380,387,0,3730,5722,2,23cadd6f-8ec0-45cc-839e-3f390e0db9b6,"EMA fast (74.80) below slow (74.86), RSI14 46.8 below midpoint, h1 trend also bearish (74.93 vs 75.00). No bullish confluence; choppy range persists. Stay flat per playbook.",
2026-07-18 14:30:10.11591+00,SOL/USDT,hold,0.2,9157,458,3745,0,6202,1,78db0a4a-f494-445f-a02c-8c27c21c479d,"EMA fast (74.83) still slightly below slow (74.86) though converging, RSI14 51 just above midpoint, h1 trend bearish (74.93 vs 75.00, RSI 41). Choppy range persists with no decisive cross-timeframe confluence. Stay flat per playbook.",
2026-07-18 14:45:10.219464+00,XRP/USDT,hold,0.2,9178,506,3745,0,6807,1,cc17e016-21da-44af-aca9-4b08e140a2e4,"EMA fast (1.08753) barely above slow (1.08761), essentially flat, RSI14 54.9 marginally above midpoint but h1 trend is bearish (emaFast 1.08794 < emaSlow 1.08838, RSI 43.7) and CVD strongly negative over lookback despite a recent bounce. No decisive cross-timeframe confluence; edge too thin to clear round-trip costs. Stay flat.",
2026-07-18 14:45:15.517307+00,NEAR/USDT,hold,0.3,3093,319,0,3745,5310,1,aaf03b22-04b4-419f-9791-8a0d592138e9,"Base timeframe EMA fast (1.9118) just barely above EMA slow (1.9104) with RSI14 at 56, suggesting a tentative bullish shift after a prolonged downtrend, but H1 trend remains bearish (fast 1.9113 < slow 1.9205, RSI 41), which is a key confluence signal not yet confirmed. CVD remains deeply negative (-526k) despite recent price bounce, and funding is negative with basis slightly negative, indicating no strong derivatives tailwind. Given the mixed base/H1 disagreement and lack of confirmed multi-timeframe trend alignment, edge is too thin to justify entry costs; prefer to wait for a confirming cl",
2026-07-18 15:00:12.842111+00,NEAR/USDT,hold,0.3,2824,275,0,3287,4579,1,acdd65a7-466d-41d4-bf31-b52b3fb528f3,"Base timeframe shows a modest bullish tilt (EMA fast 1.9129 just above EMA slow 1.9110, RSI14 56) but H1 trend remains bearish (fast 1.9124 < slow 1.9202, RSI 45.5), creating a conflict between timeframes. Price is up against recent range highs near 1.918-1.921 with thin momentum confirmation. Given the recent whipsaw in this pair and lack of clear multi-timeframe confluence, staying flat avoids paying fees on a low-edge setup; will wait for H1 to confirm the bullish shift before committing capital.",
2026-07-18 15:00:16.965327+00,AAVE/USDT,long,0.45,8555,722,3287,0,12708,1,04468e0a-52ce-49ba-a104-c98a39274ec2,"Base interval trend is bullish: EMA fast (88.43) above EMA slow (88.26), RSI14 67.3 strong but not yet extreme, recent breakout candle with volume surge (89.01 close, up from 88.10 two bars ago). However h1 EMAs are bearish (88.39<89.03, RSI 45.4), so this is a fresh short-term breakout against a stalling higher timeframe - moderate conviction only. Entering with tight stop given the RSI is elevated and h1 disagreement; sizing small.","{""maxHoldBars"": 12, ""stopLossPct"": ""0.012"", ""takeProfitPct"": ""0.02"", ""entryOffsetBps"": 10, ""entryValidityBars"": 3}"
2026-07-18 15:00:25.957093+00,LINK/USDT,long,0.6,2854,324,0,3287,6341,1,60ed9a6e-423b-4a55-be51-90872ffa1162,"Position is already long with +0.68% unrealized and trend confirms: EMA fast (8.2957) above EMA slow (8.2833), RSI14 at 61.7 in healthy bullish zone (not yet overbought), h1 EMAs and RSI also trending up in agreement. Price just made a fresh high (8.34) before pulling back slightly. Maintaining the long with a managed plan attached to protect gains - tightening stop relative to entry and setting a reasonable take-profit target given ATR of ~0.023 (~0.28% of price), while allowing room for continuation.","{""maxHoldBars"": 24, ""stopLossPct"": ""0.012"", ""takeProfitPct"": ""0.02"", ""entryOffsetBps"": 0, ""entryValidityBars"": 1}"
2026-07-18 15:15:10.585467+00,ZEC/USDT,hold,0.2,9232,519,0,3745,6969,1,73b6754b-4b53-43ed-b2d9-e974a00af958,"RSI14 at 69.3 is extended (near overbought threshold) after a huge +2.5% breakout bar with volume 9662, well above typical. EMA fast/slow bullish and rank #1/8 support the trend, but chasing here risks a pullback after such a vertical move; prior long entries at similar extension points suffered drawdown. Prefer to stay flat and wait for a pullback/consolidation with RSI cooling below 65 before re-entering, avoiding chasing an already-extended move per playbook.",
2026-07-18 15:15:27.431672+00,NEAR/USDT,hold,0.25,3094,284,0,3745,5172,1,d240332c-3344-450d-a985-f215af3462bd,"Base EMA fast (1.9147) slightly above slow (1.9120) with RSI14 60, and price up on decent volume, but H1 trend is still bearish (fast 1.9124 < slow 1.9202, RSI 45.5) creating timeframe conflict. CVD remains net negative over the lookback despite the recent bounce, and funding/basis are negative signaling soft derivatives positioning. Cross-symbol rank is decent (2/8) but not enough to override the H1 disagreement. Prefer to wait for a confirming H1 flip or a clean pullback/hold rather than chase this bar's push into resistance near 1.92.",
2026-07-18 16:00:22.983962+00,LINK/USDT,hold,,4040,256,5394,0,13187,2,7dc5e4e3-6a46-446c-b003-04757e902270,"EMA fast/slow essentially flat (8.2837 vs 8.2816), RSI 48 = chop, no clear edge. H1 trend slightly up but base interval unconvincing. Hold existing small long, no new size.",
2026-07-18 16:15:13.135067+00,LINK/USDT,hold,,2153,165,0,5394,5032,2,72554bb4-226b-45cd-91fb-bbd5f25d82e1,"EMA fast/slow flat, RSI ~50, base-interval chop despite mild H1 uptrend. No decisive confluence to add. Existing long small unrealized gain, not worth fee-clearing exit either. Stay put.",
2026-07-18 16:15:16.549255+00,AAVE/USDT,hold,,2095,166,0,5394,3842,2,62e05443-e631-437e-b138-a83660b53f7a,"Base EMA fast>slow, RSI62 bullish, but H1 EMA fast<slow (bearish) - conflicting signals. Position near breakeven, small size. Hold with existing directives rather than adding on mixed signal.",
2026-07-18 16:30:10.346781+00,AAVE/USDT,hold,,5127,252,0,5984,4828,2,744c9230-f420-4a07-b519-9b79fe5dc3c8,"Base EMA fast>slow, RSI59 mild bullish, but H1 EMA fast<slow (bearish) - mixed signals. Position near breakeven, small size. Hold with existing directives.",
2026-07-18 16:45:09.978827+00,LINK/USDT,hold,,5371,265,0,5984,4839,2,2e6248f3-6b3f-469f-bd5f-9b5185bcc5cf,"EMA fast/slow flat, RSI44 below 50 = chop/mild weakness on base interval despite H1 uptrend. No decisive confluence. Small existing long near breakeven, not worth churning fees either way.",
2026-07-19 00:00:16.816139+00,LINK/USDT,hold,,7182,238,5394,0,5216,2,0c758f8e-832e-4f49-8e37-7d610eb4bb74,"EMA fast just barely above slow, RSI55 mild, H1 uptrend supportive. Existing long up ~10%, trend intact but not decisive enough to add. Hold current directives.",
2026-07-19 00:15:23.770055+00,LINK/USDT,hold,,7185,243,0,5394,4145,2,d508a0b4-d2fc-4ac8-a56b-020bc782e605,"EMA fast slightly above slow, RSI54 mild, H1 uptrend supportive. Position up ~1%, trend intact but not decisive enough to add. Hold existing exits.",
2026-07-19 17:45:23.70864+00,LINK/USDT,adjust,,2424,189,5984,0,4676,2,3ce17a31-9bbb-4add-8b06-0cada2a0b209,"Trend has faded to chop: emaFast/Slow essentially flat, RSI~46, negative CVD and bar imbalance. Holding existing long with tightened TP/stop rather than adding; not a clean trend to scale into.",
2026-07-19 18:16:05.757713+00,LINK/USDT,close,,2211,177,0,5721,4074,3,844900de-4623-499a-b35e-b9bf9d4085e9,"Trend broken: emaFast<emaSlow on 15m, RSI14 dropped to 38 (below 45 exit threshold), price falling with ret5 negative. Thesis that justified entry no longer holds. Lock in remaining gain rather than round-trip it back.",
2026-07-20 01:00:17.272292+00,ETH/USDT,hold,,2534,172,0,6311,4344,3,5a453b48-0fd7-4428-9e9a-d5c2ffbd9bad,"RSI14 ~51 borderline, EMA fast/slow barely apart, just had a sharp wick down. Rank 12/24 in basket, not a leader. No decisive trend/momentum confluence to justify entry per playbook filters; stay flat.",
2026-07-20 01:00:18.563709+00,BNB/USDT,hold,,21399,714,6311,0,8870,3,9b268953-8bd8-45cf-a36d-c94395441029,"RSI<50, EMA fast/slow nearly flat, choppy; weak rank (23/24). No edge, stay flat.",
2026-07-20 01:00:20.335295+00,DOT/USDT,hold,,2391,154,0,6311,4189,3,a62047b3-3669-49d9-bb40-a723c011ffea,"RSI14 39, below 50, h1 EMA fast<slow trending down, rank 21/24 laggard, negative CVD. No trend/momentum/strength confluence for long. Stay flat.",
2026-07-20 01:00:31.534967+00,PEPE/USDT,hold,,5058,237,0,6311,4933,3,a42e956d-3e3a-466c-b8bd-8b1335697ad3,"RSI 53.8, EMA fast barely above slow, just had a pullback candle after a spike. Not a clean confirmed trend, and rank 10/24 mid-pack — not a leader. Stay flat.",
2026-07-20 01:00:37.005537+00,FIL/USDT,hold,,2398,162,0,6311,3707,3,a0c729f5-0e0f-4d4e-ac2a-fc06c1591df7,"RSI14 47.8 below 50, h1 EMA fast below slow and downtrending, rank 13/24 laggard vs basket. No clean confluence, recent bar showed strong pullback from highs. Stay flat.",
2026-07-20 01:00:43.076002+00,ADA/USDT,hold,,2492,196,0,6311,5947,3,3c2b9332-88f2-4e4d-bb9c-c0e9d16853d6,"No trend confluence: RSI14 45.8 below 50, EMA fast/slow nearly flat, h1 EMAs essentially crossed. ADA also ranked 23/24 in basket relative strength - a clear laggard. Playbook favors leaders only; staying flat avoids a low-edge, cost-negative trade.",
